# This file uses centimeters as units for non-parametric coordinates.

v -1.084527 5.955793 0.051205
v -1.652989 6.880058 -0.184895
v -1.209096 6.645157 -0.297114
v -1.399661 6.615037 -0.346570
v -1.399661 6.940510 -0.247826
v -1.169989 6.060060 0.260428
v -1.400405 7.454232 -0.022357
v -1.634158 5.917728 0.281628
v -1.162887 5.917728 0.305934
v -1.597385 6.855390 -0.154761
v -1.549514 6.639806 -0.243057
v -1.249810 6.639806 -0.243058
v -1.399662 6.608716 -0.278980
v -1.399657 6.903392 -0.190988
v -1.217185 6.042741 0.214812
v -1.188073 6.390953 -0.071136
v -1.242490 6.303243 -0.204587
v -1.399639 6.284248 -0.250206
v -1.611247 6.391129 -0.071203
v -1.400065 6.839155 -0.019906
v -1.399932 6.582746 0.085364
v -1.562848 6.525421 0.051009
v -1.209000 5.908810 0.256920
v -1.155786 5.775398 0.302828
v -1.607957 7.039976 -0.052841
v -1.190809 7.039976 -0.052841
v -1.146333 6.880058 -0.184895
v -1.590226 6.645157 -0.297114
v -1.180138 6.023716 -0.163218
v -1.398523 6.016047 -0.230508
v -1.616907 6.023716 -0.163219
v -1.627056 6.060060 0.260428
v -1.712519 5.955793 0.051204
v -1.398523 5.930496 0.379590
v -1.398523 5.788579 0.378882
v -1.641260 5.775398 0.302828
v -1.398523 6.072413 0.331686
v -1.198823 5.774369 0.250339
v -1.151886 5.950493 0.044648
v -1.562151 6.991730 -0.066353
v -1.400322 7.076188 -0.039707
v -1.236575 6.991705 -0.066395
v -1.201920 6.855387 -0.154733
v -1.229939 6.034933 -0.118471
v -1.398578 6.037277 -0.166029
v -1.567195 6.035289 -0.118462
v -1.556808 6.303390 -0.204644
v -1.586165 5.908453 0.234523
v -1.580080 6.045000 0.213795
v -1.645209 5.950793 0.043942
v -1.396974 5.919563 0.312609
v -1.396869 5.786042 0.311065
v -1.599985 5.769207 0.249289
v -1.236601 6.525332 0.051008
v -1.397699 6.051722 0.267037
v -1.400145 7.109663 0.031300
v -3.000803 4.300476 -0.255648
v -3.000803 3.523748 0.482081
v -3.000803 3.850991 0.472667
v -2.674129 3.970749 0.094144
v -3.363669 3.928438 0.082339
v -3.245386 3.850991 0.412979
v -2.730533 3.521692 0.353521
v -2.788803 3.566316 -0.173688
v -2.717866 4.426597 0.103417
v -3.001705 4.209428 0.414275
v -3.349500 3.473239 0.066427
v -3.000803 3.565114 -0.256408
v -2.721078 3.555522 0.090878
v -3.003557 3.521221 0.434151
v -2.724273 3.850991 0.379616
v -2.755346 4.211970 0.373791
v -2.696103 3.523748 0.384896
v -3.000803 4.211970 0.462283
v -3.246259 4.211970 0.373791
v -3.000803 3.568001 -0.304406
v -2.755779 3.568001 -0.206729
v -2.672413 4.427586 0.101302
v -3.248753 4.300476 -0.166254
v -2.752852 4.300476 -0.166254
v -3.329196 4.427586 0.101292
v -2.754387 3.916285 -0.187483
v -2.675685 3.556606 0.087654
v -3.394919 3.475939 0.065158
v -3.245826 3.568001 -0.206729
v -3.247218 3.916285 -0.187484
v -3.000803 3.916285 -0.281222
v -3.244594 3.523748 0.448504
v -2.790587 4.210019 0.343431
v -3.212223 4.209064 0.342006
v -3.000803 4.297588 -0.207650
v -3.215359 4.297587 -0.133716
v -2.787715 4.298978 -0.135386
v -3.283789 4.424987 0.103123
v -3.214827 3.565111 -0.171644
v -3.215880 3.520611 0.411332
v -1.657270 3.765747 0.501322
v -1.077705 3.765747 0.437714
v -1.658571 3.809999 -0.153911
v -1.399667 4.542474 -0.202829
v -1.659029 4.453968 0.426609
v -1.399667 4.453968 0.515102
v -1.816111 3.717937 0.117976
v -1.399667 3.765747 0.534899
v -1.399667 4.092989 0.525486
v -1.660042 4.158284 -0.134665
v -1.054486 4.212747 0.146962
v -1.783090 4.170436 0.135157
v -1.625816 3.807110 -0.118826
v -1.177542 4.452017 0.396249
v -1.100701 4.668595 0.156235
v -1.399667 3.807113 -0.203590
v -1.104095 3.797521 0.143697
v -1.401620 4.090455 0.477507
v -1.627564 4.155385 -0.099325
v -1.102523 4.211690 0.148828
v -1.399667 4.155397 -0.180406
v -1.735096 4.167790 0.136485
v -1.626658 4.089911 0.429552
v -1.107471 4.092989 0.432434
v -1.140305 4.453968 0.426610
v -1.399667 3.809999 -0.251588
v -1.140762 3.809999 -0.153910
v -1.052673 4.669584 0.154121
v -1.661664 4.542474 -0.113436
v -1.137669 4.542475 -0.113436
v -1.746664 4.669584 0.154110
v -1.139291 4.158284 -0.134665
v -1.056131 3.798605 0.140473
v -1.399667 4.158284 -0.228404
v -1.658106 4.092989 0.465797
v -1.143438 4.090970 0.400584
v -1.402577 3.763220 0.486969
v -1.114086 3.763691 0.406339
v -1.400621 4.451426 0.467093
v -1.623064 4.451062 0.394825
v -1.175656 3.808314 -0.120869
v -1.399667 4.539586 -0.154831
v -1.626378 4.539586 -0.080897
v -1.174507 4.540976 -0.082567
v -1.698685 4.666986 0.155942
v -1.174158 4.156605 -0.101595
v -1.768119 3.715238 0.119245
v -1.626929 3.762609 0.464150
v -1.746664 4.885549 0.155963
v -1.084527 5.772606 0.050279
v -1.652492 4.968420 -0.110327
v -1.146842 4.968420 -0.110327
v -1.152523 5.635396 -0.175404
v -1.644524 5.635396 -0.175404
v -1.399667 4.962153 -0.196126
v -1.398523 5.626667 -0.253256
v -1.659029 4.669932 0.428463
v -1.653369 5.046414 0.408391
v -1.145964 5.046414 0.408391
v -1.140305 4.669932 0.428463
v -1.052673 4.885548 0.155974
v -1.641260 5.592212 0.301902
v -1.712519 5.772607 0.050279
v -1.155786 5.592212 0.301902
v -1.399667 5.052713 0.494652
v -1.399667 4.669932 0.516955
v -1.398524 5.605393 0.377956
v -1.623535 5.345783 -0.184465
v -1.399667 5.337714 -0.274099
v -1.175799 5.345783 -0.184464
v -1.622525 5.366641 0.360828
v -1.399667 5.376947 0.449753
v -1.696667 5.374669 0.085041
v -1.176808 5.366640 0.360829
v -1.102669 5.374670 0.085047
v -1.656199 4.836247 0.425448
v -1.143134 4.838689 0.452396
v -1.399667 4.838689 0.539920
v -1.698978 4.882157 0.150797
v -1.132534 5.774969 0.051691
v -1.614821 4.971085 -0.080562
v -1.184513 4.971084 -0.080562
v -1.191052 5.636828 -0.146672
v -1.606066 5.636556 -0.146563
v -1.399667 4.971022 -0.148866
v -1.398566 5.624836 -0.205206
v -1.628494 4.671241 0.391341
v -1.618351 5.039896 0.376088
v -1.181060 5.038743 0.376428
v -1.171755 4.674521 0.392380
v -1.100405 4.882126 0.151277
v -1.601906 5.587647 0.274651
v -1.664497 5.774630 0.051692
v -1.195252 5.587985 0.274759
v -1.399060 5.044571 0.447265
v -1.398511 4.674542 0.469105
v -1.398575 5.592781 0.331555
v -1.589636 5.348033 -0.150435
v -1.399647 5.341275 -0.226146
v -1.209682 5.348144 -0.150427
v -1.588296 5.359123 0.327905
v -1.399644 5.366855 0.402738
v -1.648596 5.373636 0.085578
v -1.211033 5.359235 0.327874
v -1.150743 5.373819 0.085591
v -1.621620 4.834333 0.392090
v -1.176456 4.837175 0.417761
v -1.398569 4.836715 0.491888
v -1.965275 7.125371 -0.111721
v -2.409168 6.861186 -0.223941
v -2.028038 6.861186 -0.223941
v -2.218603 6.827310 -0.273396
v -2.218603 7.193358 -0.174653
v -2.217465 6.217040 0.404860
v -2.218934 7.111718 0.137064
v -2.020862 7.097624 -0.081559
v -2.068751 6.855168 -0.169884
v -2.218603 6.820202 -0.205807
v -2.218598 7.151614 -0.117814
v -2.399021 6.186210 0.286968
v -2.061432 6.476647 -0.131414
v -2.218581 6.455284 -0.177033
v -2.375749 6.476812 -0.131471
v -2.430188 6.575489 0.001970
v -2.219006 7.079368 0.053268
v -2.218873 6.790994 0.158537
v -2.219264 7.345951 0.033466
v -2.405106 6.032640 0.307696
v -2.215916 6.045135 0.385783
v -2.219347 7.732176 0.050817
v -1.974727 5.882998 0.376001
v -1.903469 6.085882 0.124378
v -2.426898 7.305224 0.020332
v -2.009751 7.305225 0.020332
v -2.471930 7.125371 -0.111721
v -1.999079 6.162273 -0.090045
v -2.217464 6.153648 -0.157335
v -2.435848 6.162273 -0.090045
v -2.453100 6.043072 0.354802
v -2.445998 6.203148 0.333602
v -2.531460 6.085882 0.124378
v -1.981829 6.043072 0.379107
v -2.217465 6.057431 0.452763
v -2.217465 5.897822 0.452056
v -2.460201 5.882998 0.376001
v -1.988930 6.203147 0.333602
v -2.017765 5.881841 0.323513
v -1.970828 6.079921 0.117822
v -2.381093 7.250964 0.006821
v -2.007015 6.575291 0.002037
v -2.055516 7.250935 0.006778
v -2.416327 7.097627 -0.081587
v -2.368455 6.855167 -0.169884
v -2.048881 6.174888 -0.045298
v -2.217520 6.177524 -0.092855
v -2.386137 6.175288 -0.045288
v -2.464150 6.080259 0.117115
v -2.027942 6.033042 0.330093
v -2.215811 5.894969 0.384239
v -2.418926 5.876035 0.322463
v -2.381789 6.726523 0.124182
v -2.055542 6.726422 0.124182
v -2.216640 6.193770 0.340210
v -2.036127 6.183669 0.287986
v -1.903469 5.895733 0.123452
v -2.471433 4.991293 -0.037155
v -2.463465 5.741418 -0.102232
v -1.964906 5.079010 0.481564
v -2.460201 5.692849 0.375074
v -2.218608 5.086094 0.567825
v -2.218608 5.406625 -0.200926
v -2.515608 5.448187 0.158214
v -1.995750 5.439157 0.434001
v -1.921610 5.448188 0.158220
v -2.433762 4.994289 -0.007389
v -2.003454 4.994289 -0.007389
v -2.009994 5.743028 -0.073499
v -2.217507 5.729541 -0.132033
v -2.437292 5.071679 0.449261
v -1.919346 4.894241 0.224450
v -2.420847 5.687716 0.347824
v -2.014193 5.688096 0.347932
v -2.218001 5.076937 0.520438
v -2.408578 5.418230 -0.077262
v -2.218589 5.410630 -0.152973
v -2.407237 5.430703 0.401078
v -2.218585 5.439399 0.475911
v -2.467537 5.447025 0.158751
v -1.969685 5.447230 0.158764
v -1.995397 4.843685 0.490934
v -2.217510 4.843168 0.565061
v -1.965783 4.991293 -0.037154
v -1.871614 4.898090 0.229147
v -2.565606 4.898090 0.229136
v -2.477970 4.655593 0.501635
v -1.974727 5.692849 0.375075
v -1.971464 5.741417 -0.102231
v -2.218608 4.984244 -0.122953
v -2.217464 5.731600 -0.180083
v -2.442476 5.415700 -0.111292
v -1.994740 5.415699 -0.111292
v -2.475140 4.842642 0.498621
v -2.472310 5.079010 0.481564
v -1.962076 4.845389 0.525569
v -1.959246 4.655594 0.501636
v -2.218608 4.845389 0.613093
v -2.218608 4.655594 0.590128
v -2.217465 5.707674 0.451129
v -2.441467 5.439157 0.434001
v -2.218608 5.450749 0.522925
v -2.531460 5.895734 0.123451
v -2.517919 4.894276 0.223970
v -2.447435 4.657066 0.464513
v -1.951475 5.898390 0.124863
v -2.218608 4.994219 -0.075693
v -2.425007 5.742722 -0.073390
v -2.028623 5.418355 -0.077255
v -2.440561 4.840490 0.465262
v -1.990696 4.660755 0.465553
v -2.217452 4.660779 0.542278
v -2.217516 5.693489 0.404728
v -2.029974 5.430829 0.401047
v -2.000002 5.070382 0.449601
v -2.483438 5.898009 0.124865
v -1.896647 3.657720 0.510888
v -2.480605 4.531279 -0.040262
v -2.218608 4.531279 -0.129656
v -2.477970 4.431739 0.499783
v -2.635052 3.603951 0.191150
v -2.218609 3.657720 0.608073
v -2.218608 4.025759 0.598659
v -2.478983 4.099193 -0.061492
v -1.873428 4.160446 0.220136
v -2.218608 4.099193 -0.155230
v -2.602031 4.112861 0.208331
v -2.477047 4.025759 0.538971
v -1.994598 3.705595 -0.047696
v -2.218608 4.528031 -0.081658
v -1.919642 4.673122 0.229408
v -2.218608 3.704243 -0.130416
v -2.221518 3.654878 0.560142
v -2.220561 4.022908 0.550681
v -2.446505 4.095932 -0.026151
v -1.921465 4.159257 0.222001
v -2.218608 4.095946 -0.107232
v -2.445599 4.022296 0.502726
v -1.926412 4.025759 0.505608
v -1.959246 4.431739 0.499783
v -2.218608 4.431739 0.588275
v -2.218608 3.707489 -0.178414
v -1.959703 3.707489 -0.080737
v -1.871614 4.674235 0.227294
v -1.956610 4.531279 -0.040262
v -2.565605 4.674235 0.227283
v -1.958233 4.099193 -0.061492
v -1.875072 3.694675 0.213646
v -2.477512 3.707489 -0.080737
v -2.476211 3.657720 0.574496
v -1.962379 4.023488 0.473758
v -1.996483 4.429544 0.469423
v -1.933027 3.655408 0.479513
v -2.219562 4.428880 0.540267
v -2.442006 4.428471 0.467998
v -2.445320 4.528030 -0.007724
v -1.993449 4.529594 -0.009394
v -2.517626 4.671312 0.229115
v -1.993099 4.097306 -0.028421
v -1.923036 3.693455 0.216870
v -2.587060 3.600915 0.192419
v -2.444757 3.704240 -0.045652
v -2.554037 4.109885 0.209659
v -2.445870 3.654191 0.537324
v -3.240543 6.638060 -0.237714
v -3.000798 6.373038 -0.399389
v -3.000798 6.698511 -0.300645
v -2.793044 5.781718 -0.216037
v -3.229443 5.533400 0.250009
v -2.783439 5.818062 0.207610
v -2.769998 5.533399 0.250009
v -3.001228 6.674209 -0.010647
v -2.766307 5.708494 -0.008171
v -3.187921 6.613392 -0.207580
v -3.142616 6.397808 -0.295876
v -3.000798 6.366718 -0.331799
v -3.000794 6.661393 -0.243807
v -3.159350 5.793290 -0.171281
v -3.190381 5.527209 0.196470
v -3.171543 5.803002 0.160976
v -2.828105 5.800742 0.161994
v -2.998155 5.544044 0.258246
v -2.800554 6.148954 -0.123955
v -3.149519 6.061392 -0.257463
v -3.201039 6.149130 -0.124022
v -3.001180 6.597156 -0.072725
v -3.001054 6.340748 0.032545
v -3.001424 6.834189 -0.092526
v -2.998255 5.677564 0.259790
v -3.001502 7.212233 -0.075176
v -2.702560 5.713794 -0.001614
v -3.197925 6.797977 -0.105660
v -2.803143 6.797978 -0.105660
v -2.761052 6.638060 -0.237714
v -3.181146 6.403159 -0.349933
v -2.820450 6.403159 -0.349933
v -2.999720 5.774049 -0.283327
v -3.206396 5.781718 -0.216037
v -3.222722 5.675730 0.228809
v -3.216001 5.818062 0.207609
v -3.296881 5.713795 -0.001614
v -2.776719 5.675730 0.253115
v -2.999721 5.688497 0.326771
v -2.999721 5.546581 0.326063
v -2.999721 5.830414 0.278867
v -2.810728 5.532371 0.197520
v -3.154576 6.749732 -0.119172
v -2.846455 6.749706 -0.119214
v -2.813659 6.613389 -0.207551
v -2.858980 6.397808 -0.295877
v -2.840176 5.792935 -0.171290
v -2.999773 5.795279 -0.218848
v -2.852054 6.061244 -0.257406
v -3.000777 6.042250 -0.303025
v -3.177302 5.666454 0.181704
v -3.233180 5.708795 -0.008877
v -2.820359 5.666811 0.204101
v -3.155235 6.283423 -0.001810
v -2.846480 6.283334 -0.001811
v -2.998941 5.809724 0.214218
v -3.329196 4.643550 0.103144
v -2.702560 5.530608 -0.002540
v -2.999720 5.384669 -0.306075
v -2.755346 4.427934 0.375644
v -3.229443 5.350213 0.249083
v -3.000803 4.810715 0.441833
v -2.999721 5.363395 0.325137
v -3.000803 5.095716 -0.326918
v -3.000803 5.134949 0.396934
v -3.281879 5.132671 0.032222
v -2.789893 5.124642 0.308010
v -2.719729 5.132672 0.032228
v -3.243581 4.594249 0.372629
v -2.758024 4.596691 0.399577
v -3.000803 4.596691 0.487101
v -3.284066 4.640160 0.097978
v -3.204421 4.729086 -0.133381
v -2.999761 5.382838 -0.258025
v -2.793917 4.796745 0.323610
v -2.785110 4.432523 0.339561
v -3.192199 5.345649 0.221833
v -3.251434 5.532632 -0.001127
v -3.000229 4.802573 0.394446
v -2.999770 5.350783 0.278736
v -3.180587 5.106034 -0.203254
v -3.000784 5.099277 -0.278965
v -3.000781 5.124857 0.349920
v -3.236385 5.131638 0.032759
v -2.765225 5.131820 0.032772
v -3.210856 4.592335 0.339271
v -2.761533 4.726422 -0.163146
v -2.672413 4.643550 0.103155
v -3.246259 4.427934 0.375644
v -2.769998 5.350213 0.249083
v -2.766909 5.393398 -0.228223
v -3.240072 4.726422 -0.163146
v -3.000803 4.720155 -0.248944
v -3.232531 5.393398 -0.228223
v -3.212668 5.103785 -0.237284
v -2.788937 5.103785 -0.237283
v -3.240903 4.804416 0.355572
v -3.000803 4.427934 0.464136
v -3.211713 5.124642 0.308010
v -2.760703 4.804416 0.355572
v -3.296881 5.530609 -0.002540
v -2.797184 4.729086 -0.133381
v -2.717586 4.640128 0.098458
v -3.217361 4.429243 0.338522
v -2.807348 5.345987 0.221940
v -2.747992 5.532971 -0.001128
v -2.803373 5.394830 -0.199491
v -3.000803 4.729024 -0.201684
v -3.196136 5.394558 -0.199382
v -2.821004 5.106146 -0.203246
v -3.207763 4.797898 0.323269
v -2.789559 4.595176 0.364943
v -2.999763 4.594717 0.439069
v -2.999709 4.432544 0.416286
v -3.179318 5.117125 0.275086
v -2.822282 5.117237 0.275055
v -4.025112 4.038412 -0.041695
v -3.709511 3.346776 -0.376877
v -3.707204 3.310288 0.272908
v -3.724269 3.580112 0.265131
v -3.930853 3.621099 -0.280277
v -3.461159 3.695894 -0.047600
v -4.027505 3.625046 -0.057353
v -3.484248 3.322687 0.166694
v -3.885832 3.333232 -0.267191
v -3.924470 3.937159 -0.235855
v -3.571933 3.960608 -0.237235
v -3.520995 4.069478 -0.039939
v -3.709361 3.344396 -0.337222
v -3.478216 3.351075 -0.050298
v -3.709342 3.308060 0.233309
v -3.725661 3.577926 0.225492
v -3.551615 3.643696 -0.252955
v -3.498589 3.692651 -0.046059
v -3.727524 3.631570 -0.318067
v -3.496259 3.594534 0.188253
v -3.540706 3.890554 0.183441
v -3.455966 3.326178 0.192615
v -3.743094 3.877754 0.256552
v -3.945483 3.864953 0.183441
v -3.507479 3.359554 -0.296177
v -3.483568 4.072663 -0.041686
v -3.747710 3.950731 -0.336594
v -3.952155 3.937800 -0.262738
v -3.543265 3.963661 -0.262738
v -3.524495 3.646801 -0.280277
v -3.440845 3.354336 -0.052962
v -4.029675 3.250314 -0.071548
v -3.911542 3.333997 -0.296177
v -3.727674 3.633950 -0.357723
v -3.908219 3.297574 0.245168
v -3.925937 3.567357 0.215817
v -3.524220 3.591094 0.161939
v -3.569662 3.887108 0.158358
v -3.743706 3.875611 0.216888
v -3.917267 3.864332 0.157180
v -3.534620 3.356443 -0.268879
v -3.747559 3.948349 -0.296938
v -3.987536 4.038637 -0.040181
v -3.992084 3.250457 -0.070500
v -3.905358 3.620312 -0.251079
v -3.989916 3.625233 -0.056256
v -3.884379 3.296485 0.214457
v -3.901237 3.566371 0.185872
v -3.564674 4.341205 -0.260169
v -3.987815 4.866590 -0.313935
v -3.964001 4.380514 0.168389
v -3.568057 4.405557 0.168389
v -3.604185 4.855104 0.080409
v -3.766358 4.398229 0.239657
v -3.606950 4.650926 -0.321420
v -3.956633 4.646076 0.129093
v -4.014906 4.649037 -0.098759
v -3.608826 4.668074 0.129094
v -3.551391 4.678354 -0.098754
v -3.634031 4.890152 -0.290197
v -3.762097 4.330872 -0.292009
v -3.936336 4.376868 0.141701
v -3.568788 4.097644 0.155161
v -3.634761 4.849671 0.057984
v -3.633513 4.651201 -0.293300
v -3.929531 4.641567 0.101892
v -3.782723 4.657253 0.163719
v -3.977342 4.650558 -0.098315
v -3.635146 4.660279 0.101867
v -3.588861 4.675280 -0.098304
v -3.754236 4.220185 0.237373
v -3.486869 4.277522 -0.040155
v -4.028413 4.243270 -0.040164
v -3.948784 4.069811 0.184972
v -3.557988 5.007364 -0.127479
v -3.603891 4.890873 -0.313935
v -3.959249 4.316249 -0.260169
v -3.761635 4.323559 -0.331055
v -3.795398 4.871534 -0.378255
v -3.956333 4.628829 -0.321421
v -3.781221 4.633224 -0.395475
v -3.955249 4.207084 0.182481
v -3.555016 4.234419 0.204745
v -3.544007 4.095412 0.184972
v -3.755196 4.221758 0.277057
v -3.746396 4.082611 0.258083
v -3.794288 4.853993 0.143244
v -3.983016 4.831144 0.080409
v -3.783267 4.665574 0.202561
v -4.048029 4.976370 -0.127479
v -3.594209 4.341542 -0.235578
v -3.523938 4.272344 -0.044035
v -3.991025 4.242828 -0.044432
v -3.925024 4.072397 0.154302
v -3.595572 5.006942 -0.126312
v -3.929992 4.320305 -0.235578
v -3.795335 4.870022 -0.338557
v -3.957866 4.869445 -0.290107
v -3.929998 4.632357 -0.293306
v -3.781391 4.636161 -0.355857
v -3.928166 4.207212 0.154921
v -3.580938 4.231526 0.176131
v -3.745734 4.086470 0.218550
v -3.793671 4.843591 0.104908
v -3.952069 4.829322 0.057895
v -3.595043 4.397500 0.141982
v -3.765459 4.391546 0.200506
v -4.010662 4.980408 -0.126311
v -3.560900 5.180750 -0.126713
v -3.991464 5.724200 -0.414490
v -3.694056 5.743010 -0.414489
v -3.841189 5.708770 -0.455349
v -3.858163 5.977135 -0.373768
v -3.809063 5.214935 -0.359461
v -3.989690 5.239947 0.046145
v -3.812003 5.261411 0.105017
v -3.851932 5.877573 -0.080643
v -3.987810 5.122238 0.063660
v -3.620062 5.145497 0.083741
v -3.613186 5.173056 -0.132130
v -4.008015 5.897192 -0.296879
v -3.959416 5.721797 -0.369828
v -3.840860 5.703558 -0.399507
v -3.856224 5.946531 -0.326809
v -3.810213 5.232438 -0.306188
v -3.810281 5.244392 0.051605
v -3.664394 5.534446 -0.227789
v -3.994619 5.513706 -0.227845
v -3.853192 5.893544 -0.185463
v -3.839717 5.682132 -0.098491
v -3.709270 5.642852 -0.126875
v -3.963855 5.626825 -0.126875
v -3.802823 5.135457 0.089256
v -3.888962 6.454876 -0.187489
v -3.607098 5.028491 0.081175
v -4.025890 6.048869 -0.212674
v -3.700376 6.069457 -0.212674
v -3.657331 5.939794 -0.321775
v -4.052690 5.914788 -0.321775
v -3.639050 5.232037 -0.303867
v -3.979875 5.210480 -0.303867
v -4.050942 5.149757 -0.126713
v -3.804602 5.144395 0.144594
v -3.797201 5.027379 0.144010
v -3.985928 5.004530 0.081175
v -3.633026 5.262505 0.046145
v -3.640627 5.025519 0.037809
v -3.987631 6.011349 -0.223838
v -3.865755 6.088974 -0.201823
v -3.733571 6.027396 -0.223872
v -3.699420 5.916708 -0.296856
v -3.725547 5.736589 -0.369829
v -3.678497 5.238828 -0.266897
v -3.941687 5.222476 -0.266889
v -3.702284 5.459441 -0.338045
v -3.823921 5.436023 -0.375735
v -3.947563 5.444049 -0.338092
v -3.949875 5.116959 0.024742
v -3.952248 5.229848 0.007617
v -3.998157 5.148956 -0.132713
v -3.655580 5.135868 0.043246
v -3.795778 5.025369 0.087980
v -3.953397 5.001463 0.036942
v -3.668952 5.245895 0.008458
v -3.647768 4.031941 -0.217651
v -3.865609 4.076952 -0.205980
v -3.656709 4.173305 -0.123006
v -3.870847 4.159761 -0.123006
v -3.871584 4.171408 -0.064334
v -3.861906 4.018397 0.088983
v -3.855063 3.910202 0.044078
v -3.638827 3.890577 -0.005662
v -3.638090 3.878929 -0.064334
v -3.852965 3.877033 -0.123005
v -3.640925 3.923745 -0.172745
v -3.644065 3.973386 -0.205980
v -3.932118 4.065021 -0.187369
v -3.934845 4.108139 -0.158501
v -3.588539 4.158968 -0.115297
v -3.586717 4.130157 0.029833
v -3.934845 4.108139 0.029833
v -3.583990 4.087039 0.058701
v -3.580773 4.036178 0.068839
v -3.922958 3.920180 0.029833
v -3.572367 3.903271 -0.064334
v -3.920495 3.881253 -0.064334
v -3.921135 3.891370 -0.115296
v -3.574829 3.942199 -0.158501
v -3.922957 3.920180 -0.158501
v -3.577556 3.985317 -0.187369
v -3.861906 4.018397 -0.261578
v -3.656572 4.171136 -0.203807
v -3.870710 4.157592 -0.203807
v -3.659271 4.213808 -0.139816
v -3.873409 4.200264 -0.139816
v -3.638964 3.892746 0.075140
v -3.636265 3.850074 0.011149
v -3.850403 3.836530 0.011149
v -3.850403 3.836530 -0.139816
v -3.638964 3.892746 -0.203807
v -3.937705 4.153354 -0.203807
v -3.941352 4.211011 -0.064334
v -3.592276 4.218045 0.011149
v -3.589577 4.175373 0.075139
v -3.937705 4.153354 0.075139
v -3.585537 4.111510 0.117897
v -3.928901 4.014159 0.132911
v -3.576008 3.960846 0.117897
v -3.917399 3.832293 0.011149
v -3.920098 3.874965 -0.203807
v -3.576008 3.960846 -0.246564
v -3.924137 3.938828 -0.246564
v -3.898825 4.016062 -0.064334
v -3.610850 4.034276 -0.064334
v -3.902042 4.066923 -0.187369
v -3.618616 4.157065 -0.115296
v -3.906591 4.138851 -0.115296
v -3.618616 4.157065 -0.013371
v -3.906591 4.138851 -0.013371
v -3.904769 4.110041 0.029833
v -3.610850 4.034276 0.068839
v -3.895608 3.965201 0.058701
v -3.604906 3.940296 0.029833
v -3.892881 3.922083 0.029833
v -3.890418 3.883155 -0.064334
v -3.895608 3.965200 -0.187369
v -3.651472 4.090496 -0.205980
v -3.861906 4.018397 -0.217651
v -3.654611 4.140136 -0.172745
v -3.868749 4.126592 -0.172745
v -3.657446 4.184952 -0.064334
v -3.656709 4.173305 -0.005662
v -3.870847 4.159761 -0.005662
v -3.654611 4.140136 0.044078
v -3.868749 4.126592 0.044078
v -3.651472 4.090496 0.077313
v -3.865609 4.076952 0.077313
v -3.647768 4.031941 0.088983
v -3.644065 3.973386 0.077313
v -3.858202 3.959842 0.077313
v -3.640925 3.923745 0.044078
v -3.852965 3.877033 -0.005662
v -3.852228 3.865386 -0.064334
v -3.638827 3.890577 -0.123005
v -3.855063 3.910201 -0.172745
v -3.858202 3.959842 -0.205980
v -3.580773 4.036178 -0.197506
v -3.583989 4.087039 -0.187369
v -3.928901 4.014159 -0.197506
v -3.586717 4.130157 -0.158501
v -3.936668 4.136949 -0.115296
v -3.589179 4.169085 -0.064334
v -3.937308 4.147066 -0.064334
v -3.588539 4.158968 -0.013371
v -3.936667 4.136949 -0.013371
v -3.932118 4.065021 0.058701
v -3.928902 4.014159 0.068839
v -3.577556 3.985317 0.058701
v -3.925684 3.963298 0.058701
v -3.574829 3.942199 0.029833
v -3.573006 3.913388 -0.013371
v -3.921135 3.891370 -0.013371
v -3.573006 3.913388 -0.115296
v -3.925684 3.963298 -0.187369
v -3.647768 4.031941 -0.261578
v -3.652533 4.107272 -0.246564
v -3.866671 4.093729 -0.246564
v -3.660219 4.228792 -0.064334
v -3.874356 4.215248 -0.064334
v -3.659271 4.213808 0.011149
v -3.873409 4.200264 0.011149
v -3.656572 4.171136 0.075139
v -3.870710 4.157592 0.075139
v -3.652533 4.107272 0.117897
v -3.866670 4.093729 0.117897
v -3.647768 4.031941 0.132911
v -3.861906 4.018397 0.132911
v -3.643004 3.956609 0.117897
v -3.857141 3.943065 0.117897
v -3.853102 3.879202 0.075140
v -3.635318 3.835089 -0.064334
v -3.849455 3.821546 -0.064334
v -3.636265 3.850074 -0.139816
v -3.853102 3.879202 -0.203807
v -3.643004 3.956609 -0.246564
v -3.857141 3.943065 -0.246564
v -3.580773 4.036178 -0.261578
v -3.585537 4.111510 -0.246564
v -3.933666 4.089491 -0.246564
v -3.928901 4.014159 -0.261578
v -3.589577 4.175373 -0.203807
v -3.592275 4.218045 -0.139816
v -3.940404 4.196026 -0.139816
v -3.593223 4.233029 -0.064334
v -3.940404 4.196026 0.011149
v -3.933666 4.089491 0.117897
v -3.580773 4.036178 0.132911
v -3.924137 3.938828 0.117897
v -3.571969 3.896983 0.075140
v -3.920097 3.874965 0.075140
v -3.569270 3.854311 0.011149
v -3.568322 3.839327 -0.064334
v -3.916451 3.817308 -0.064334
v -3.569270 3.854311 -0.139816
v -3.917399 3.832293 -0.139816
v -3.571969 3.896983 -0.203807
v -3.610850 4.034276 -0.197506
v -3.614066 4.085137 -0.187369
v -3.898825 4.016062 -0.197506
v -3.616793 4.128255 -0.158501
v -3.904769 4.110041 -0.158501
v -3.619256 4.167182 -0.064334
v -3.907231 4.148968 -0.064334
v -3.616793 4.128255 0.029833
v -3.614066 4.085137 0.058701
v -3.902041 4.066923 0.058701
v -3.898825 4.016062 0.068839
v -3.607633 3.983415 0.058701
v -3.603083 3.911486 -0.013371
v -3.891058 3.893272 -0.013371
v -3.602444 3.901369 -0.064334
v -3.603083 3.911486 -0.115296
v -3.891058 3.893272 -0.115296
v -3.604906 3.940296 -0.158501
v -3.892881 3.922082 -0.158501
v -3.607633 3.983415 -0.187369
v -3.715087 4.988679 -0.284078
v -3.898123 4.977102 -0.284078
v -3.718252 5.038729 -0.274103
v -3.901289 5.027152 -0.274102
v -3.720936 5.081160 -0.245695
v -3.903973 5.069583 -0.245695
v -3.723359 5.119467 -0.153029
v -3.906395 5.107890 -0.153029
v -3.722729 5.109511 -0.102878
v -3.903973 5.069583 -0.060363
v -3.715087 4.988679 -0.021979
v -3.898123 4.977102 -0.021979
v -3.894958 4.927052 -0.031955
v -3.709237 4.896198 -0.060363
v -3.892274 4.884621 -0.060363
v -3.890481 4.856270 -0.102878
v -3.709237 4.896198 -0.245695
v -3.894958 4.927052 -0.274102
v -3.657822 4.992301 -0.266859
v -3.662902 5.072630 -0.233519
v -3.962574 5.087084 -0.153029
v -3.664460 5.097257 -0.109468
v -3.962027 5.078436 -0.109468
v -3.662902 5.072630 -0.072539
v -3.960469 5.053810 -0.072538
v -3.660572 5.035775 -0.047863
v -3.958138 5.016954 -0.047863
v -3.657822 4.992301 -0.039198
v -3.955388 4.973480 -0.039198
v -3.652741 4.911971 -0.072538
v -3.651183 4.887345 -0.109468
v -3.948750 4.868524 -0.109468
v -3.650636 4.878698 -0.153029
v -3.651183 4.887345 -0.196590
v -3.715087 4.988679 -0.321626
v -3.898123 4.977102 -0.321626
v -3.905649 5.096081 -0.272245
v -3.907955 5.132555 -0.217548
v -3.908765 5.145363 -0.153029
v -3.907955 5.132555 -0.088509
v -3.722612 5.107657 -0.033813
v -3.719160 5.053070 0.002735
v -3.902196 5.041493 0.002735
v -3.898123 4.977102 0.015568
v -3.711014 4.924288 0.002735
v -3.705255 4.833226 -0.088509
v -3.888291 4.821650 -0.088509
v -3.704444 4.820418 -0.153029
v -3.887481 4.808841 -0.153029
v -3.705255 4.833226 -0.217548
v -3.888291 4.821650 -0.217548
v -3.711014 4.924288 -0.308792
v -3.661894 5.056691 -0.308792
v -3.955388 4.973480 -0.321626
v -3.665347 5.111279 -0.272245
v -3.667654 5.147754 -0.217548
v -3.965220 5.128933 -0.217548
v -3.966031 5.141741 -0.153029
v -3.667654 5.147753 -0.088509
v -3.965221 5.128933 -0.088509
v -3.665347 5.111279 -0.033813
v -3.661894 5.056691 0.002735
v -3.657822 4.992301 0.015568
v -3.951316 4.909090 0.002735
v -3.650296 4.873322 -0.033813
v -3.945556 4.818027 -0.088509
v -3.647179 4.824040 -0.153029
v -3.647990 4.836848 -0.217548
v -3.945556 4.818028 -0.217548
v -3.951316 4.909090 -0.308792
v -3.929680 4.975106 -0.153029
v -3.683530 4.990675 -0.153029
v -3.683530 4.990675 -0.266859
v -3.686280 5.034149 -0.258194
v -3.688611 5.071004 -0.233519
v -3.690169 5.095630 -0.196590
v -3.936318 5.080062 -0.196590
v -3.690716 5.104278 -0.153029
v -3.936865 5.088710 -0.153029
v -3.690168 5.095630 -0.109468
v -3.936318 5.080062 -0.109468
v -3.929680 4.975106 -0.039198
v -3.926930 4.931632 -0.047863
v -3.924599 4.894777 -0.072538
v -3.923042 4.870151 -0.109468
v -3.922495 4.861503 -0.153029
v -3.676892 4.885719 -0.196590
v -3.926930 4.931632 -0.258194
v -3.722729 5.109511 -0.203179
v -3.905766 5.097934 -0.203179
v -3.905766 5.097934 -0.102878
v -3.720936 5.081160 -0.060363
v -3.718252 5.038729 -0.031955
v -3.901289 5.027153 -0.031955
v -3.711921 4.938629 -0.031955
v -3.707444 4.867847 -0.102878
v -3.706814 4.857891 -0.153029
v -3.889851 4.846314 -0.153029
v -3.707444 4.867847 -0.203179
v -3.890481 4.856270 -0.203179
v -3.892274 4.884621 -0.245694
v -3.711921 4.938628 -0.274102
v -3.660571 5.035775 -0.258194
v -3.958138 5.016954 -0.258194
v -3.955388 4.973480 -0.266859
v -3.960469 5.053810 -0.233519
v -3.664460 5.097256 -0.196590
v -3.962027 5.078436 -0.196590
v -3.665007 5.105904 -0.153029
v -3.655072 4.948827 -0.047863
v -3.952639 4.930006 -0.047863
v -3.950307 4.893150 -0.072538
v -3.948203 4.859877 -0.153029
v -3.948750 4.868525 -0.196590
v -3.652741 4.911971 -0.233519
v -3.950308 4.893150 -0.233519
v -3.655072 4.948827 -0.258194
v -3.952639 4.930006 -0.258194
v -3.719160 5.053070 -0.308792
v -3.902196 5.041493 -0.308792
v -3.722612 5.107657 -0.272245
v -3.724919 5.144131 -0.217548
v -3.725729 5.156940 -0.153029
v -3.724919 5.144132 -0.088509
v -3.905649 5.096080 -0.033813
v -3.715087 4.988679 0.015568
v -3.894051 4.912711 0.002735
v -3.707562 4.869701 -0.033813
v -3.890598 4.858124 -0.033812
v -3.707562 4.869700 -0.272245
v -3.890598 4.858124 -0.272245
v -3.894051 4.912711 -0.308792
v -3.657822 4.992301 -0.321626
v -3.959461 5.037871 -0.308792
v -3.962914 5.092459 -0.272245
v -3.668464 5.160562 -0.153029
v -3.962914 5.092458 -0.033813
v -3.959461 5.037871 0.002735
v -3.955388 4.973480 0.015568
v -3.653749 4.927910 0.002735
v -3.947863 4.854502 -0.033812
v -3.647990 4.836848 -0.088509
v -3.944746 4.805220 -0.153029
v -3.650297 4.873322 -0.272245
v -3.947863 4.854502 -0.272245
v -3.653749 4.927910 -0.308792
v -3.932429 5.018580 -0.258194
v -3.929680 4.975106 -0.266859
v -3.934761 5.055436 -0.233519
v -3.688611 5.071004 -0.072539
v -3.934761 5.055436 -0.072538
v -3.686280 5.034149 -0.047863
v -3.932429 5.018580 -0.047863
v -3.683530 4.990675 -0.039198
v -3.680781 4.947201 -0.047863
v -3.678449 4.910345 -0.072538
v -3.676892 4.885719 -0.109468
v -3.676345 4.877071 -0.153029
v -3.923042 4.870150 -0.196590
v -3.678449 4.910345 -0.233519
v -3.924599 4.894777 -0.233519
v -3.680780 4.947201 -0.258194
v -3.602279 3.428899 0.016108
v -3.830298 3.414477 0.016109
v -3.827789 3.374798 0.075611
v -3.596014 3.329836 0.115370
v -3.824033 3.315414 0.115370
v -3.587153 3.189739 0.115370
v -3.815172 3.175318 0.115370
v -3.583397 3.130356 0.075611
v -3.811416 3.115933 0.075611
v -3.580887 3.090676 0.016109
v -3.580887 3.090676 -0.124268
v -3.815172 3.175317 -0.223529
v -3.527355 3.376725 -0.166730
v -3.529535 3.411191 -0.115046
v -3.900231 3.387745 -0.115046
v -3.520245 3.264300 0.105232
v -3.881650 3.093962 0.006887
v -3.510189 3.105305 -0.054080
v -3.887092 3.180009 -0.201264
v -3.591583 3.259787 -0.290040
v -3.825302 3.335484 -0.272079
v -3.819602 3.245366 -0.290040
v -3.830134 3.411882 -0.220929
v -3.833363 3.462930 -0.144378
v -3.834496 3.480856 -0.054080
v -3.833363 3.462930 0.036219
v -3.830134 3.411882 0.112770
v -3.597283 3.349905 0.163919
v -3.591583 3.259788 0.181881
v -3.819602 3.245366 0.181881
v -3.585883 3.169670 0.163920
v -3.809070 3.078849 0.112770
v -3.577822 3.042223 0.036219
v -3.805841 3.027801 0.036219
v -3.804708 3.009876 -0.054080
v -3.805842 3.027801 -0.144378
v -3.581051 3.093271 -0.220929
v -3.896641 3.330972 -0.272079
v -3.530776 3.430816 -0.220929
v -3.904701 3.458418 -0.144378
v -3.534005 3.481864 0.036219
v -3.904701 3.458418 0.036219
v -3.525944 3.354417 0.163919
v -3.896640 3.330972 0.163920
v -3.890941 3.240854 0.181881
v -3.514545 3.174182 0.163920
v -3.506484 3.046735 0.036219
v -3.877180 3.023289 0.036219
v -3.505350 3.028810 -0.054080
v -3.876046 3.005364 -0.054080
v -3.877180 3.023289 -0.144378
v -3.509713 3.097783 -0.220929
v -3.880409 3.074337 -0.220929
v -3.514545 3.174181 -0.272079
v -3.552271 3.262274 -0.054080
v -3.858914 3.242879 -0.054080
v -3.862763 3.303723 -0.201264
v -3.858914 3.242879 -0.213391
v -3.559382 3.374699 -0.166730
v -3.561562 3.409165 -0.115046
v -3.559382 3.374699 0.058571
v -3.866025 3.355305 0.058571
v -3.556119 3.323118 0.093105
v -3.862762 3.303723 0.093105
v -3.552271 3.262274 0.105232
v -3.858914 3.242879 0.105232
v -3.855066 3.182035 0.093105
v -3.545160 3.149848 0.058571
v -3.851803 3.130454 0.058571
v -3.542980 3.115383 0.006886
v -3.542215 3.103280 -0.054080
v -3.542980 3.115383 -0.115046
v -3.851803 3.130453 -0.166730
v -3.591583 3.259787 -0.237490
v -3.596014 3.329836 -0.223529
v -3.824033 3.315414 -0.223529
v -3.819602 3.245366 -0.237490
v -3.599769 3.389220 -0.183771
v -3.827789 3.374798 -0.183771
v -3.602279 3.428899 -0.124268
v -3.830298 3.414477 -0.124268
v -3.603160 3.442832 -0.054080
v -3.831180 3.428410 -0.054080
v -3.599769 3.389220 0.075611
v -3.591583 3.259788 0.129331
v -3.819602 3.245366 0.129331
v -3.808906 3.076254 0.016109
v -3.580006 3.076743 -0.054080
v -3.808025 3.062321 -0.054080
v -3.808906 3.076254 -0.124268
v -3.583397 3.130356 -0.183771
v -3.811416 3.115933 -0.183771
v -3.587153 3.189739 -0.223529
v -3.520245 3.264300 -0.213391
v -3.524093 3.325144 -0.201264
v -3.894789 3.301698 -0.201264
v -3.890941 3.240854 -0.213391
v -3.898052 3.353279 -0.166730
v -3.530301 3.423293 -0.054080
v -3.900997 3.399848 -0.054080
v -3.529535 3.411191 0.006886
v -3.900231 3.387745 0.006886
v -3.527355 3.376725 0.058571
v -3.898051 3.353279 0.058571
v -3.524093 3.325144 0.093105
v -3.894789 3.301698 0.093105
v -3.890941 3.240854 0.105232
v -3.516396 3.203455 0.093105
v -3.887092 3.180009 0.093105
v -3.513134 3.151874 0.058571
v -3.883830 3.128428 0.058571
v -3.510954 3.117408 0.006886
v -3.880885 3.081860 -0.054080
v -3.510954 3.117408 -0.115046
v -3.881650 3.093962 -0.115046
v -3.513134 3.151874 -0.166730
v -3.883830 3.128428 -0.166730
v -3.516396 3.203456 -0.201264
v -3.597283 3.349905 -0.272079
v -3.602115 3.426304 -0.220929
v -3.605344 3.477352 -0.144378
v -3.606477 3.495277 -0.054080
v -3.605344 3.477352 0.036219
v -3.602115 3.426304 0.112770
v -3.825302 3.335484 0.163920
v -3.813902 3.155248 0.163920
v -3.581051 3.093271 0.112770
v -3.576689 3.024297 -0.054080
v -3.577822 3.042223 -0.144378
v -3.809070 3.078849 -0.220929
v -3.585883 3.169670 -0.272079
v -3.813902 3.155248 -0.272079
v -3.520245 3.264300 -0.290040
v -3.525944 3.354417 -0.272079
v -3.890941 3.240854 -0.290040
v -3.901473 3.407370 -0.220929
v -3.534005 3.481864 -0.144378
v -3.535139 3.499789 -0.054080
v -3.905835 3.476343 -0.054080
v -3.530776 3.430816 0.112770
v -3.901473 3.407370 0.112770
v -3.520245 3.264300 0.181881
v -3.885241 3.150736 0.163920
v -3.509713 3.097783 0.112770
v -3.880409 3.074337 0.112770
v -3.506484 3.046735 -0.144378
v -3.885241 3.150736 -0.272079
v -3.552271 3.262274 -0.213391
v -3.556119 3.323118 -0.201264
v -3.866025 3.355305 -0.166730
v -3.868205 3.389770 -0.115046
v -3.562327 3.421268 -0.054080
v -3.868970 3.401873 -0.054080
v -3.561562 3.409165 0.006886
v -3.868205 3.389770 0.006886
v -3.548423 3.201430 0.093105
v -3.849623 3.095988 0.006886
v -3.848858 3.083885 -0.054080
v -3.849623 3.095988 -0.115046
v -3.545160 3.149848 -0.166730
v -3.548423 3.201430 -0.201265
v -3.855066 3.182035 -0.201264
v -3.674719 5.762044 -0.114076
v -4.052024 5.623345 -0.247465
v -3.673101 5.548352 -0.372347
v -4.012099 5.740705 -0.114076
v -3.987049 5.528496 -0.372347
v -3.828951 5.520641 -0.418820
v -3.620595 5.650632 -0.247465
v -3.000539 6.229112 -0.371501
v -2.813865 6.253838 -0.317760
v -3.187213 6.253838 -0.317761
v -2.798409 6.562523 -0.030387
v -2.746998 6.415977 -0.180984
v -3.254080 6.415977 -0.180984
v -3.202269 6.562523 -0.030388
v -2.019827 6.663010 -0.185975
v -2.416733 6.663011 -0.185975
v -2.218280 6.636295 -0.240487
v -2.003847 6.992733 0.109159
v -1.947750 6.830626 -0.044776
v -2.488810 6.830627 -0.044776
v -2.432314 6.992733 0.109159
vt -0.602684 0.011916
vt -0.512532 0.020265
vt -0.527902 0.021313
vt -0.513031 0.021893
vt -0.525781 0.024294
vt -0.494722 0.032436
vt -0.499240 0.034031
vt -0.538375 0.035006
vt -0.535793 0.035844
vt -0.534380 0.051481
vt -0.538029 0.052590
vt -0.497377 0.052631
vt -0.494422 0.053748
vt -0.526424 0.063956
vt -0.527306 0.065487
vt -0.509514 0.065533
vt -0.507352 0.069722
vt -0.601912 0.073036
vt -0.419217 0.081501
vt -0.558896 0.124475
vt -0.459526 0.138213
vt -0.240024 0.140960
vt -0.807491 0.148547
vt -0.205012 0.150441
vt -0.843925 0.160180
vt 0.661923 0.305293
vt 0.661923 0.305293
vt 0.661923 0.305293
vt 0.661923 0.305293
vt 0.661923 0.305293
vt 0.661923 0.305293
vt 0.661923 0.305293
vt 0.661923 0.305293
vt 0.661923 0.305293
vt 0.661923 0.305293
vt 0.661923 0.305293
vt 0.661923 0.305293
vt 0.661923 0.305293
vt 0.661923 0.305293
vt 0.661923 0.305293
vt 0.661923 0.305293
vt 0.661923 0.305293
vt 0.661923 0.305293
vt 0.661923 0.305293
vt 0.661923 0.305293
vt 0.661923 0.305293
vt 0.661923 0.305293
vt 0.661923 0.305293
vt 0.661923 0.305293
vt 0.661923 0.305293
vt 0.661923 0.305293
vt 0.661923 0.305293
vt 0.661923 0.305293
vt 0.661923 0.305293
vt 0.661923 0.305293
vt 0.661923 0.305293
vt 0.661923 0.305293
vt 0.661923 0.305293
vt 0.661923 0.305293
vt 0.661923 0.305293
vt 0.661923 0.305293
vt 0.661923 0.305293
vt 0.661923 0.305293
vt 0.661923 0.305293
vt 0.661923 0.305293
vt 0.661923 0.305293
vt 0.661923 0.305293
vt 0.661923 0.305293
vt 0.661923 0.305293
vt 0.661923 0.305293
vt 0.661923 0.305293
vt 0.661923 0.305293
vt 0.661923 0.305293
vt 0.661923 0.305293
vt 0.661923 0.305293
vt 0.661923 0.305293
vt 0.661923 0.305293
vt 0.661923 0.305293
vt 0.661923 0.305293
vt 0.661923 0.305293
vt 0.661923 0.305293
vt 0.661923 0.305293
vt 0.661923 0.305293
vt 0.661923 0.305293
vt 0.661923 0.305293
vt 0.661923 0.305293
vt 0.661923 0.305293
vt 0.661923 0.305293
vt 0.661923 0.305293
vt 0.661923 0.305293
vt 0.661923 0.305293
vt 0.661923 0.305293
vt 0.661923 0.305293
vt 0.661923 0.305293
vt 0.661923 0.305293
vt 0.661923 0.305293
vt 0.661923 0.305293
vt 0.661923 0.305293
vt 0.661923 0.305293
vt 0.661923 0.305293
vt 0.661923 0.305293
vt 0.661923 0.305293
vt 0.661923 0.305293
vt 0.661923 0.305293
vt 0.661923 0.305293
vt 0.661923 0.305293
vt 0.661923 0.305293
vt 0.661923 0.305293
vt 0.661923 0.305293
vt 0.661923 0.305293
vt 0.661923 0.305293
vt 0.661923 0.305293
vt 0.661923 0.305293
vt 0.661923 0.305293
vt 0.661923 0.305293
vt 0.661923 0.305293
vt 0.661923 0.305293
vt 0.661923 0.305293
vt 0.661923 0.305293
vt 0.661923 0.305293
vt 0.661923 0.305293
vt 0.661923 0.305293
vt 0.661923 0.305293
vt 0.661923 0.305293
vt 0.661923 0.305293
vt 0.661923 0.305293
vt 0.661923 0.305293
vt 0.661923 0.305293
vt 0.661923 0.305293
vt 0.661923 0.305293
vt 0.661923 0.305293
vt 0.661923 0.305293
vt 0.661923 0.305293
vt 0.661923 0.305293
vt 0.661923 0.305293
vt 0.661923 0.305293
vt 0.661923 0.305293
vt 0.661923 0.305293
vt 0.661923 0.305293
vt 0.661923 0.305293
vt 0.661923 0.305293
vt 0.661923 0.305293
vt 0.661923 0.305293
vt 0.661923 0.305293
vt 0.661923 0.305293
vt 0.661923 0.305293
vt 0.661923 0.305293
vt 0.661923 0.305293
vt 0.661923 0.305293
vt 0.661923 0.305293
vt 0.661923 0.305293
vt 0.661923 0.305293
vt 0.661923 0.305293
vt 0.661923 0.305293
vt 0.661923 0.305293
vt 0.661923 0.305293
vt 0.661923 0.305293
vt 0.661923 0.305293
vt 0.661923 0.305293
vt 0.661923 0.305293
vt 0.661923 0.305293
vt 0.661923 0.305293
vt 0.661923 0.305293
vt 0.661923 0.305293
vt 0.661923 0.305293
vt 0.661923 0.305293
vt 0.661923 0.305293
vt 0.661923 0.305293
vt 0.661923 0.305293
vt 0.661923 0.305293
vt 0.661923 0.305293
vt 0.661923 0.305293
vt 0.661923 0.305293
vt 0.661923 0.305293
vt 0.661923 0.305293
vt 0.661923 0.305293
vt 0.661923 0.305293
vt 0.661923 0.305293
vt 0.661923 0.305293
vt 0.661923 0.305293
vt 0.661923 0.305293
vt 0.661923 0.305293
vt 0.661923 0.305293
vt 0.661923 0.305293
vt 0.661923 0.305293
vt 0.661923 0.305293
vt 0.661923 0.305293
vt 0.661923 0.305293
vt 0.661923 0.305293
vt 0.661923 0.305293
vt 0.661923 0.305293
vt 0.661923 0.305293
vt 0.661923 0.305293
vt 0.661923 0.305293
vt 0.661923 0.305293
vt 0.661923 0.305293
vt 0.661923 0.305293
vt 0.661923 0.305293
vt 0.661923 0.305293
vt 0.661923 0.305293
vt 0.661923 0.305293
vt 0.661923 0.305293
vt 0.661923 0.305293
vt 0.661923 0.305293
vt 0.661923 0.305293
vt 0.661923 0.305293
vt 0.661923 0.305293
vt 0.661923 0.305293
vt 0.661923 0.305293
vt 0.661923 0.305293
vt 0.661923 0.305293
vt 0.661923 0.305293
vt 0.661923 0.305293
vt 0.661923 0.305293
vt 0.661923 0.305293
vt 0.661923 0.305293
vt 0.661923 0.305293
vt 0.661923 0.305293
vt 0.661923 0.305293
vt 0.661923 0.305293
vt 0.661923 0.305293
vt 0.661923 0.305293
vt 0.661923 0.305293
vt 0.661923 0.305293
vt 0.661923 0.305293
vt 0.661923 0.305293
vt 0.661923 0.305293
vt 0.661923 0.305293
vt 0.661923 0.305293
vt 0.661923 0.305293
vt 0.661923 0.305293
vt 0.661923 0.305293
vt 0.661923 0.305293
vt 0.661923 0.305293
vt 0.661923 0.305293
vt 0.661923 0.305293
vt 0.661923 0.305293
vt 0.661923 0.305293
vt 0.661923 0.305293
vt 0.661923 0.305293
vt 0.661923 0.305293
vt 0.661923 0.305293
vt 0.661923 0.305293
vt 0.661923 0.305293
vt 0.661923 0.305293
vt 0.661923 0.305293
vt 0.661923 0.305293
vt 0.661923 0.305293
vt 0.661923 0.305293
vt 0.661923 0.305293
vt 0.661923 0.305293
vt 0.661923 0.305293
vt 0.661923 0.305293
vt 0.661923 0.305293
vt 0.661923 0.305293
vt 0.661923 0.305293
vt 0.661923 0.305293
vt 0.661923 0.305293
vt 0.661923 0.305293
vt 0.661923 0.305293
vt 0.661923 0.305293
vt 0.661923 0.305293
vt 0.661923 0.305293
vt 0.661923 0.305293
vt 0.661923 0.305293
vt 0.661923 0.305293
vt 0.661923 0.305293
vt 0.661923 0.305293
vt 0.661923 0.305293
vt 0.661923 0.305293
vt 0.661923 0.305293
vt 0.661923 0.305293
vt 0.661923 0.305293
vt 0.661923 0.305293
vt 0.661923 0.305293
vt 0.661923 0.305293
vt 0.661923 0.305293
vt 0.661923 0.305293
vt 0.661923 0.305293
vt 0.661923 0.305293
vt 0.661923 0.305293
vt 0.661923 0.305293
vt 0.661923 0.305293
vt 0.661923 0.305293
vt 0.661923 0.305293
vt 0.661923 0.305293
vt 0.661923 0.305293
vt 0.661923 0.305293
vt 0.661923 0.305293
vt 0.661923 0.305293
vt 0.661923 0.305293
vt 0.661923 0.305293
vt 0.661923 0.305293
vt 0.661923 0.305293
vt 0.661923 0.305293
vt 0.661923 0.305293
vt 0.661923 0.305293
vt 0.661923 0.305293
vt 0.661923 0.305293
vt 0.661923 0.305293
vt 0.661923 0.305293
vt 0.661923 0.305293
vt 0.661923 0.305293
vt 0.661923 0.305293
vt 0.661923 0.305293
vt 0.661923 0.305293
vt 0.661923 0.305293
vt 0.661923 0.305293
vt 0.661923 0.305293
vt 0.661923 0.305293
vt 0.661923 0.305293
vt 0.661923 0.305293
vt 0.661923 0.305293
vt 0.661923 0.305293
vt 0.661923 0.305293
vt 0.661923 0.305293
vt 0.661923 0.305293
vt 0.661923 0.305293
vt 0.661923 0.305293
vt 0.661923 0.305293
vt 0.661923 0.305293
vt 0.661923 0.305293
vt 0.661923 0.305293
vt 0.661923 0.305293
vt 0.661923 0.305293
vt 0.661923 0.305293
vt 0.661923 0.305293
vt 0.661923 0.305293
vt 0.661923 0.305293
vt 0.661923 0.305293
vt 0.661923 0.305293
vt 0.661923 0.305293
vt 0.661923 0.305293
vt 0.661923 0.305293
vt 0.661923 0.305293
vt 0.661923 0.305293
vt 0.661923 0.305293
vt 0.661923 0.305293
vt 0.661923 0.305293
vt 0.661923 0.305293
vt 0.661923 0.305293
vt 0.661923 0.305293
vt 0.661923 0.305293
vt 0.661923 0.305293
vt 0.661923 0.305293
vt 0.661923 0.305293
vt 0.661923 0.305293
vt 0.661923 0.305293
vt 0.661923 0.305293
vt 0.661923 0.305293
vt 0.661923 0.305293
vt 0.661923 0.305293
vt 0.661923 0.305293
vt 0.661923 0.305293
vt 0.661923 0.305293
vt 0.661923 0.305293
vt 0.661923 0.305293
vt 0.661923 0.305293
vt 0.661923 0.305293
vt 0.661923 0.305293
vt 0.661923 0.305293
vt 0.661923 0.305293
vt 0.661923 0.305293
vt 0.661923 0.305293
vt 0.661923 0.305293
vt 0.661923 0.305293
vt 0.661923 0.305293
vt 0.661923 0.305293
vt 0.661923 0.305293
vt 0.661923 0.305293
vt 0.661923 0.305293
vt 0.661923 0.305293
vt 0.661923 0.305293
vt 0.661923 0.305293
vt 0.661923 0.305293
vt 0.661923 0.305293
vt 0.661923 0.305293
vt 0.661923 0.305293
vt 0.661923 0.305293
vt 0.661923 0.305293
vt 0.661923 0.305293
vt 0.661923 0.305293
vt 0.661923 0.305293
vt 0.661923 0.305293
vt 0.661923 0.305293
vt 0.661923 0.305293
vt 0.661923 0.305293
vt 0.661923 0.305293
vt 0.661923 0.305293
vt 0.661923 0.305293
vt 0.661923 0.305293
vt 0.661923 0.305293
vt 0.661923 0.305293
vt 0.661923 0.305293
vt 0.661923 0.305293
vt 0.661923 0.305293
vt 0.661923 0.305293
vt 0.661923 0.305293
vt 0.661923 0.305293
vt 0.661923 0.305293
vt 0.661923 0.305293
vt 0.661923 0.305293
vt 0.661923 0.305293
vt 0.661923 0.305293
vt 0.661923 0.305293
vt 0.661923 0.305293
vt 0.661923 0.305293
vt 0.661923 0.305293
vt 0.661923 0.305293
vt 0.661923 0.305293
vt 0.661923 0.305293
vt 0.661923 0.305293
vt 0.661923 0.305293
vt 0.661923 0.305293
vt 0.661923 0.305293
vt 0.661923 0.305293
vt 0.661923 0.305293
vt 0.661923 0.305293
vt 0.661923 0.305293
vt 0.661923 0.305293
vt 0.661923 0.305293
vt 0.661923 0.305293
vt 0.661923 0.305293
vt 0.661923 0.305293
vt 0.661923 0.305293
vt 0.661923 0.305293
vt 0.661923 0.305293
vt 0.661923 0.305293
vt 0.661923 0.305293
vt 0.661923 0.305293
vt 0.661923 0.305293
vt 0.661923 0.305293
vt 0.661923 0.305293
vt 0.661923 0.305293
vt 0.661923 0.305293
vt 0.661923 0.305293
vt 0.661923 0.305293
vt 0.661923 0.305293
vt 0.661923 0.305293
vt 0.661923 0.305293
vt 0.661923 0.305293
vt 0.661923 0.305293
vt 0.661923 0.305293
vt 0.661923 0.305293
vt 0.661923 0.305293
vt 0.661923 0.305293
vt 0.661923 0.305293
vt 0.661923 0.305293
vt 0.661923 0.305293
vt 0.661923 0.305293
vt 0.661923 0.305293
vt 0.661923 0.305293
vt 0.661923 0.305293
vt 0.661923 0.305293
vt 0.661923 0.305293
vt 0.661923 0.305293
vt 0.661923 0.305293
vt 0.661923 0.305293
vt 0.661923 0.305293
vt 0.661923 0.305293
vt 0.661923 0.305293
vt 0.661923 0.305293
vt 0.661923 0.305293
vt 0.661923 0.305293
vt 0.661923 0.305293
vt 0.661923 0.305293
vt 0.661923 0.305293
vt 0.661923 0.305293
vt 0.661923 0.305293
vt 0.661923 0.305293
vt 0.661923 0.305293
vt 0.661923 0.305293
vt 0.661923 0.305293
vt 0.661923 0.305293
vt 0.661923 0.305293
vt 0.661923 0.305293
vt 0.661923 0.305293
vt 0.661923 0.305293
vt 0.661923 0.305293
vt 0.661923 0.305293
vt 0.661923 0.305293
vt 0.661923 0.305293
vt 0.661923 0.305293
vt 0.661923 0.305293
vt 0.661923 0.305293
vt 0.661923 0.305293
vt 0.661923 0.305293
vt 0.661923 0.305293
vt 0.661923 0.305293
vt 0.661923 0.305293
vt 0.661923 0.305293
vt 0.661923 0.305293
vt 0.661923 0.305293
vt 0.661923 0.305293
vt 0.661923 0.305293
vt 0.661923 0.305293
vt 0.661923 0.305293
vt 0.661923 0.305293
vt 0.661923 0.305293
vt 0.661923 0.305293
vt 0.661923 0.305293
vt 0.661923 0.305293
vt 0.661923 0.305293
vt 0.661923 0.305293
vt 0.661923 0.305293
vt 0.661923 0.305293
vt 0.661923 0.305293
vt 0.661923 0.305293
vt 0.661923 0.305293
vt 0.661923 0.305293
vt 0.661923 0.305293
vt 0.661923 0.305293
vt 0.661923 0.305293
vt 0.661923 0.305293
vt 0.661923 0.305293
vt 0.661923 0.305293
vt 0.661923 0.305293
vt 0.661923 0.305293
vt 0.661923 0.305293
vt 0.661923 0.305293
vt 0.661923 0.305293
vt 0.661923 0.305293
vt 0.661923 0.305293
vt 0.661923 0.305293
vt 0.661923 0.305293
vt 0.661923 0.305293
vt 0.661923 0.305293
vt 0.661923 0.305293
vt 0.661923 0.305293
vt 0.661923 0.305293
vt 0.661923 0.305293
vt 0.661923 0.305293
vt 0.661923 0.305293
vt 0.661923 0.305293
vt 0.661923 0.305293
vt 0.661923 0.305293
vt 0.661923 0.305293
vt 0.661923 0.305293
vt 0.661923 0.305293
vt 0.661923 0.305293
vt 0.661923 0.305293
vt 0.661923 0.305293
vt 0.661923 0.305293
vt 0.661923 0.305293
vt 0.661923 0.305293
vt 0.661923 0.305293
vt 0.661923 0.305293
vt 0.661923 0.305293
vt 0.661923 0.305293
vt 0.661923 0.305293
vt 0.661923 0.305293
vt 0.661923 0.305293
vt 0.661923 0.305293
vt 0.661923 0.305293
vt 0.661923 0.305293
vt 0.661923 0.305293
vt 0.661923 0.305293
vt 0.661923 0.305293
vt 0.661923 0.305293
vt 0.661923 0.305293
vt 0.661923 0.305293
vt 0.661923 0.305293
vt 0.661923 0.305293
vt 0.661923 0.305293
vt 0.661923 0.305293
vt 0.661923 0.305293
vt 0.661923 0.305293
vt 0.661923 0.305293
vt 0.661923 0.305293
vt 0.661923 0.305293
vt 0.661923 0.305293
vt 0.661923 0.305293
vt 0.661923 0.305293
vt 0.661923 0.305293
vt 0.661923 0.305293
vt 0.661923 0.305293
vt 0.661923 0.305293
vt 0.661923 0.305293
vt 0.661923 0.305293
vt 0.661923 0.305293
vt 0.661923 0.305293
vt 0.661923 0.305293
vt 0.661923 0.305293
vt 0.661923 0.305293
vt 0.661923 0.305293
vt 0.661923 0.305293
vt 0.683012 0.305299
vt 0.707523 0.306853
vt 0.685058 0.309134
vt -0.325142 0.310023
vt 0.705835 0.310502
vt 0.661929 0.323102
vt 0.724696 0.324523
vt 0.665226 0.324524
vt 0.692447 0.325083
vt 0.720439 0.325444
vt 0.698519 0.326234
vt 0.684900 0.329644
vt 0.703365 0.330125
vt 0.696053 0.331559
vt 0.694569 0.331609
vt 0.694872 0.332519
vt 0.695576 0.332601
vt 0.696971 0.332733
vt 0.694981 0.332872
vt 0.695420 0.332939
vt 0.694992 0.332950
vt 0.694074 0.333004
vt 0.696080 0.333034
vt 0.695372 0.333037
vt 0.694214 0.333113
vt 0.694935 0.333173
vt 0.695763 0.333232
vt 0.695268 0.333266
vt 0.695695 0.333274
vt 0.694895 0.333428
vt 0.695539 0.333445
vt 0.695170 0.333479
vt 0.695394 0.333653
vt 0.694940 0.333694
vt 0.695061 0.333717
vt 0.695160 0.333793
vt 0.694785 0.333793
vt 0.694948 0.333802
vt 0.695022 0.333804
vt 0.695075 0.333856
vt 0.694930 0.333871
vt 0.694897 0.333924
vt 0.695027 0.333925
vt 0.696066 0.333977
vt 0.695008 0.333979
vt 0.694939 0.333980
vt 0.695184 0.333981
vt 0.694770 0.333989
vt 0.696236 0.334011
vt 0.694885 0.334093
vt 0.693855 0.334094
vt 0.695038 0.334118
vt 0.693632 0.334164
vt 0.695546 0.334880
vt 0.694465 0.334991
vt 0.695636 0.335096
vt 0.694376 0.335182
vt 0.686352 0.338138
vt 0.704791 0.338842
vt 0.691263 0.341900
vt 0.697321 0.343253
vt -0.301165 0.343785
vt 0.666543 0.346060
vt 0.662332 0.347431
vt -0.655569 0.347720
vt 0.721471 0.350589
vt 0.724696 0.352192
vt 0.682452 0.360950
vt 0.704150 0.363544
vt 0.680703 0.364721
vt 0.705828 0.367656
vt -0.670719 0.383519
vt 0.600416 0.439332
vt 0.607281 0.439389
vt 0.611362 0.439395
vt 0.616665 0.439418
vt 0.621523 0.439688
vt 0.626542 0.439862
vt 0.595525 0.439891
vt 0.630880 0.440009
vt 0.591209 0.440076
vt 0.611318 0.440741
vt 0.607134 0.440743
vt 0.616169 0.440763
vt 0.601411 0.441179
vt 0.625700 0.441279
vt 0.596549 0.441298
vt 0.620777 0.441379
vt 0.630037 0.441426
vt 0.592235 0.441484
vt 0.611281 0.442226
vt 0.606954 0.442236
vt 0.615606 0.442246
vt 0.624780 0.442841
vt 0.597674 0.442851
vt 0.629113 0.442989
vt 0.593363 0.443038
vt 0.602518 0.443217
vt 0.619982 0.443246
vt 0.571446 0.547235
vt 0.582997 0.547614
vt 0.560207 0.551509
vt 0.593186 0.552188
vt 0.572777 0.556453
vt 0.581038 0.556571
vt 0.564906 0.559554
vt 0.588593 0.559767
vt 0.600787 0.560100
vt 0.551258 0.560116
vt 0.578325 0.562164
vt 0.573507 0.562275
vt 0.583493 0.563292
vt 0.569094 0.564141
vt 0.558658 0.565626
vt 0.594454 0.565632
vt 0.587461 0.567087
vt 0.565654 0.567554
vt 0.604904 0.570285
vt 0.577969 0.570902
vt 0.575810 0.571143
vt 0.576755 0.571533
vt 0.579966 0.571544
vt 0.575477 0.571550
vt 0.546365 0.571762
vt 0.574378 0.572058
vt 0.577929 0.572070
vt 0.589611 0.572106
vt 0.563706 0.572135
vt 0.573805 0.572230
vt 0.578948 0.572957
vt 0.573603 0.572980
vt 0.581510 0.572980
vt 0.597718 0.573438
vt 0.577382 0.573589
vt 0.575852 0.573724
vt 0.555205 0.573821
vt 0.572278 0.573998
vt 0.579588 0.574099
vt 0.578824 0.574117
vt 0.573239 0.574178
vt 0.574439 0.574486
vt 0.582413 0.575015
vt 0.579972 0.575235
vt 0.579727 0.575361
vt 0.573345 0.575479
vt 0.573382 0.575789
vt 0.571537 0.576203
vt 0.579360 0.576532
vt 0.573946 0.576670
vt 0.580679 0.576767
vt 0.563659 0.577271
vt 0.582520 0.577352
vt 0.572838 0.577421
vt 0.578559 0.577440
vt 0.589611 0.577449
vt 0.574941 0.577565
vt 0.577444 0.577962
vt 0.576174 0.578013
vt 0.571683 0.578473
vt 0.580763 0.578495
vt 0.572926 0.579137
vt 0.581731 0.579633
vt 0.580215 0.580140
vt 0.572649 0.580448
vt 0.573635 0.580655
vt 0.604904 0.581369
vt 0.579151 0.581448
vt 0.580253 0.581450
vt 0.574793 0.581760
vt 0.574109 0.581923
vt 0.597718 0.582003
vt 0.565657 0.582128
vt 0.577742 0.582212
vt 0.587592 0.582227
vt 0.576202 0.582318
vt 0.578262 0.582492
vt 0.576067 0.582678
vt 0.555246 0.582758
vt 0.546474 0.584406
vt 0.583992 0.585788
vt 0.569409 0.585835
vt 0.579344 0.587725
vt 0.574242 0.587774
vt 0.594411 0.589859
vt 0.558736 0.590879
vt 0.600709 0.591627
vt 0.588461 0.595703
vt 0.551488 0.595937
vt 0.564972 0.596917
vt 0.580975 0.598749
vt 0.573110 0.598787
vt 0.593074 0.599389
vt 0.561496 0.602912
vt 0.583596 0.605252
vt 0.572511 0.605402
vt 0.569777 0.664089
vt 0.576846 0.664238
vt 0.563246 0.666799
vt 0.583378 0.667223
vt 0.567790 0.667609
vt 0.558876 0.669180
vt 0.581817 0.669180
vt 0.556331 0.669322
vt 0.577326 0.669829
vt 0.554344 0.669858
vt 0.578628 0.670109
vt 0.586003 0.670177
vt 0.563103 0.670191
vt 0.568964 0.670925
vt 0.574873 0.671050
vt 0.581723 0.671914
vt 0.558784 0.671940
vt 0.558247 0.671954
vt 0.573000 0.672303
vt 0.550017 0.672381
vt 0.589323 0.672478
vt 0.585029 0.672481
vt 0.562114 0.672511
vt 0.566424 0.672532
vt 0.588377 0.672590
vt 0.578450 0.672653
vt 0.555487 0.672697
vt 0.563504 0.673190
vt 0.580333 0.673545
vt 0.587895 0.674166
vt 0.581876 0.674180
vt 0.564982 0.674217
vt 0.558944 0.674217
vt 0.584327 0.674604
vt 0.567552 0.674623
vt 0.561414 0.674634
vt 0.575699 0.674672
vt 0.579504 0.674714
vt 0.552730 0.674747
vt 0.556553 0.674765
vt 0.592197 0.675392
vt 0.569277 0.675463
vt 0.545352 0.675595
vt 0.586478 0.675919
vt 0.563559 0.675968
vt 0.576111 0.676074
vt 0.587294 0.676099
vt 0.577524 0.676126
vt 0.582035 0.676200
vt 0.554548 0.676205
vt 0.559113 0.676249
vt 0.583693 0.676484
vt 0.560804 0.676495
vt 0.559198 0.676514
vt 0.580456 0.676603
vt 0.557519 0.676664
vt 0.590040 0.676740
vt 0.567111 0.676797
vt 0.571072 0.676936
vt 0.582069 0.676962
vt 0.548127 0.677018
vt 0.559151 0.677024
vt 0.583425 0.677213
vt 0.580762 0.677257
vt 0.560515 0.677263
vt 0.557837 0.677329
vt 0.585169 0.677392
vt 0.562224 0.677445
vt 0.559325 0.677500
vt 0.579147 0.677552
vt 0.556172 0.677626
vt 0.574049 0.677686
vt 0.551110 0.677752
vt 0.588077 0.677906
vt 0.565148 0.677948
vt 0.584626 0.678001
vt 0.561707 0.678008
vt 0.584512 0.678031
vt 0.579723 0.678067
vt 0.556803 0.678168
vt 0.588704 0.678194
vt 0.576317 0.678271
vt 0.553318 0.678399
vt 0.555541 0.678771
vt 0.586274 0.678775
vt 0.563312 0.678800
vt 0.578320 0.678994
vt 0.555394 0.679112
vt 0.585529 0.679177
vt 0.562547 0.679185
vt 0.599006 0.679233
vt 0.579074 0.679246
vt 0.556106 0.679337
vt 0.593913 0.679482
vt 0.591082 0.679521
vt 0.570975 0.679557
vt 0.591161 0.680000
vt 0.568206 0.680055
vt 0.588780 0.680288
vt 0.565890 0.680393
vt 0.586738 0.680429
vt 0.583588 0.680454
vt 0.563806 0.680497
vt 0.586001 0.680518
vt 0.563000 0.680573
vt 0.578938 0.680621
vt 0.578131 0.680682
vt 0.556004 0.680704
vt 0.576050 0.680763
vt 0.579313 0.680764
vt 0.555212 0.680773
vt 0.553181 0.680878
vt 0.567940 0.681027
vt 0.573763 0.681095
vt 0.550819 0.681156
vt 0.571021 0.681566
vt 0.552216 0.681601
vt 0.548077 0.681648
vt 0.585900 0.681874
vt 0.562900 0.681951
vt 0.579359 0.681987
vt 0.556433 0.682069
vt 0.586647 0.682076
vt 0.574076 0.682144
vt 0.563653 0.682187
vt 0.561836 0.682279
vt 0.566344 0.682355
vt 0.578592 0.682376
vt 0.555672 0.682454
vt 0.573413 0.682504
vt 0.588660 0.682735
vt 0.565622 0.682857
vt 0.573312 0.682866
vt 0.585270 0.683037
vt 0.562288 0.683125
vt 0.580229 0.683150
vt 0.557064 0.683198
vt 0.576768 0.683223
vt 0.557295 0.683233
vt 0.553866 0.683296
vt 0.590905 0.683448
vt 0.567955 0.683530
vt 0.585872 0.683535
vt 0.562861 0.683636
vt 0.594651 0.683714
vt 0.579697 0.683764
vt 0.584199 0.683822
vt 0.586773 0.683825
vt 0.556763 0.683838
vt 0.581472 0.683879
vt 0.561238 0.683919
vt 0.558524 0.683972
vt 0.582865 0.684121
vt 0.593913 0.684154
vt 0.559919 0.684199
vt 0.570975 0.684270
vt 0.574811 0.684352
vt 0.589120 0.684401
vt 0.551901 0.684436
vt 0.584542 0.684534
vt 0.561543 0.684579
vt 0.609250 0.684618
vt 0.581209 0.684631
vt 0.558262 0.684721
vt 0.582901 0.684911
vt 0.559951 0.684977
vt 0.587552 0.684980
vt 0.559813 0.685065
vt 0.564534 0.685070
vt 0.578373 0.685276
vt 0.555456 0.685306
vt 0.579325 0.685441
vt 0.579945 0.685490
vt 0.572636 0.685659
vt 0.549730 0.685760
vt 0.596612 0.685792
vt 0.581679 0.685909
vt 0.556957 0.686051
vt 0.568321 0.686123
vt 0.571913 0.686202
vt 0.555541 0.686211
vt 0.585502 0.686435
vt 0.589291 0.686469
vt 0.562495 0.686487
vt 0.580598 0.686516
vt 0.566280 0.686572
vt 0.571919 0.686621
vt 0.557630 0.686661
vt 0.572495 0.686845
vt 0.576914 0.686959
vt 0.591082 0.686961
vt 0.583060 0.686973
vt 0.560120 0.686982
vt 0.554025 0.687035
vt 0.564257 0.687038
vt 0.589040 0.687174
vt 0.540425 0.687357
vt 0.568410 0.688293
vt 0.586555 0.688526
vt 0.563529 0.688592
vt 0.575443 0.688639
vt 0.552579 0.688707
vt 0.579796 0.688713
vt 0.556865 0.688732
vt 0.592039 0.688826
vt 0.571762 0.688896
vt 0.569016 0.688963
vt 0.565192 0.688995
vt 0.576174 0.689032
vt 0.547971 0.689263
vt 0.583207 0.689299
vt 0.560194 0.689341
vt 0.557064 0.689418
vt 0.560988 0.689504
vt 0.575238 0.689923
vt 0.589124 0.689982
vt 0.586773 0.690044
vt 0.583479 0.690218
vt 0.554814 0.690220
vt 0.603091 0.690233
vt 0.574745 0.690690
vt 0.584944 0.690856
vt 0.562614 0.690862
vt 0.555872 0.691039
vt 0.578787 0.691063
vt 0.583627 0.691169
vt 0.594482 0.691205
vt 0.587712 0.691386
vt 0.554173 0.691400
vt 0.564651 0.691450
vt 0.560087 0.692098
vt 0.583114 0.692101
vt 0.581285 0.692147
vt 0.600412 0.692147
vt 0.578829 0.692416
vt 0.604436 0.692505
vt 0.585281 0.692713
vt 0.565664 0.692949
vt 0.559045 0.693066
vt 0.577556 0.693096
vt 0.558247 0.693143
vt 0.596824 0.693255
vt 0.576878 0.693433
vt 0.561084 0.693641
vt 0.588377 0.693778
vt 0.579045 0.694226
vt 0.599027 0.694283
vt 0.598884 0.694352
vt 0.600611 0.694539
vt 0.581391 0.694579
vt 0.608413 0.694603
vt 0.588858 0.694633
vt 0.589015 0.694949
vt 0.603523 0.695055
vt 0.578479 0.695122
vt 0.597766 0.695186
vt 0.584294 0.695188
vt 0.559325 0.695211
vt 0.574664 0.695274
vt 0.585091 0.695293
vt 0.613930 0.695372
vt 0.594135 0.695395
vt 0.592419 0.695439
vt 0.591816 0.695549
vt 0.584512 0.695743
vt 0.570627 0.695865
vt 0.585257 0.696416
vt 0.580026 0.696548
vt 0.588829 0.696580
vt 0.575988 0.696709
vt 0.600712 0.696720
vt 0.577792 0.696736
vt 0.595411 0.696749
vt 0.581350 0.696750
vt 0.606036 0.696772
vt 0.560817 0.696925
vt 0.586688 0.696980
vt 0.552108 0.697037
vt 0.591691 0.697109
vt 0.598645 0.697113
vt 0.558698 0.697150
vt 0.607096 0.697161
vt 0.602711 0.697163
vt 0.579314 0.697192
vt 0.585840 0.697228
vt 0.583352 0.697262
vt 0.553763 0.697351
vt 0.581851 0.697352
vt 0.595443 0.697403
vt 0.587649 0.697787
vt 0.591897 0.697932
vt 0.547174 0.697959
vt 0.572280 0.697975
vt 0.596878 0.698238
vt 0.577511 0.698270
vt 0.604315 0.698345
vt 0.584995 0.698389
vt 0.600594 0.698408
vt 0.575573 0.698417
vt 0.563246 0.698509
vt 0.581232 0.698513
vt 0.599188 0.698685
vt 0.593991 0.698724
vt 0.579852 0.698744
vt 0.601936 0.698749
vt 0.610146 0.698750
vt 0.582598 0.698765
vt 0.583135 0.698789
vt 0.590559 0.698915
vt 0.583378 0.698934
vt 0.593735 0.698974
vt 0.601344 0.699025
vt 0.574222 0.699055
vt 0.540281 0.699111
vt 0.600590 0.699177
vt 0.581219 0.699201
vt 0.599458 0.699368
vt 0.601662 0.699370
vt 0.580109 0.699428
vt 0.607520 0.699431
vt 0.597966 0.699439
vt 0.582295 0.699451
vt 0.578592 0.699472
vt 0.603030 0.699513
vt 0.588057 0.699528
vt 0.583668 0.699601
vt 0.563504 0.699697
vt 0.595576 0.699889
vt 0.576204 0.699950
vt 0.598464 0.699978
vt 0.602525 0.699993
vt 0.580333 0.700052
vt 0.605362 0.700053
vt 0.579121 0.700058
vt 0.583163 0.700058
vt 0.577324 0.700078
vt 0.586041 0.700145
vt 0.561719 0.700250
vt 0.579644 0.700320
vt 0.597173 0.700572
vt 0.597102 0.700583
vt 0.577729 0.700651
vt 0.603725 0.700674
vt 0.584398 0.700750
vt 0.579583 0.700835
vt 0.597753 0.700900
vt 0.603048 0.700909
vt 0.583681 0.700978
vt 0.578397 0.700980
vt 0.595392 0.701129
vt 0.581233 0.701131
vt 0.569879 0.701132
vt 0.559874 0.701153
vt 0.590604 0.701351
vt 0.569777 0.701494
vt 0.571021 0.701605
vt 0.576847 0.701643
vt 0.592903 0.701706
vt 0.595090 0.701880
vt 0.573424 0.701917
vt 0.596730 0.701934
vt 0.575629 0.701978
vt 0.597433 0.701991
vt 0.603144 0.701996
vt 0.577345 0.702023
vt 0.603881 0.702057
vt 0.583796 0.702066
vt 0.578074 0.702072
vt 0.584482 0.702131
vt 0.605635 0.702135
vt 0.568964 0.702193
vt 0.586190 0.702216
vt 0.562003 0.702248
vt 0.574874 0.702317
vt 0.588298 0.702353
vt 0.607766 0.702365
vt 0.590559 0.702739
vt 0.584521 0.702742
vt 0.610146 0.702784
vt 0.575733 0.702932
vt 0.563888 0.703012
vt 0.597520 0.703069
vt 0.602791 0.703083
vt 0.583441 0.703143
vt 0.578197 0.703163
vt 0.555332 0.703192
vt 0.568306 0.703222
vt 0.596892 0.703266
vt 0.577514 0.703404
vt 0.603489 0.703444
vt 0.584116 0.703488
vt 0.574210 0.703663
vt 0.578568 0.703764
vt 0.595260 0.703838
vt 0.580425 0.703934
vt 0.598036 0.703984
vt 0.595718 0.703995
vt 0.602091 0.704027
vt 0.575879 0.704028
vt 0.578734 0.704084
vt 0.582761 0.704093
vt 0.597500 0.704134
vt 0.604958 0.704138
vt 0.585588 0.704173
vt 0.602018 0.704252
vt 0.577347 0.704427
vt 0.597512 0.704431
vt 0.552108 0.704478
vt 0.591063 0.704542
vt 0.578216 0.704575
vt 0.593205 0.704580
vt 0.602582 0.704592
vt 0.598893 0.704596
vt 0.583225 0.704599
vt 0.601089 0.704625
vt 0.562325 0.704684
vt 0.581772 0.704695
vt 0.579597 0.704699
vt 0.599965 0.704827
vt 0.573161 0.704847
vt 0.573812 0.704856
vt 0.580659 0.704905
vt 0.566750 0.704927
vt 0.607740 0.704945
vt 0.587465 0.705053
vt 0.606874 0.705162
vt 0.587649 0.705227
vt 0.598588 0.705239
vt 0.590700 0.705244
vt 0.601333 0.705319
vt 0.582040 0.705354
vt 0.579323 0.705358
vt 0.599934 0.705550
vt 0.570013 0.705555
vt 0.596195 0.705587
vt 0.580666 0.705618
vt 0.571259 0.705630
vt 0.576909 0.705784
vt 0.584311 0.705792
vt 0.603681 0.705836
vt 0.613930 0.705993
vt 0.589266 0.706097
vt 0.549800 0.706167
vt 0.608729 0.706295
vt 0.599027 0.706606
vt 0.580805 0.706737
vt 0.597804 0.706778
vt 0.574009 0.706807
vt 0.565999 0.706823
vt 0.594867 0.706857
vt 0.582586 0.706901
vt 0.601846 0.706908
vt 0.578580 0.706924
vt 0.594639 0.707113
vt 0.599789 0.707242
vt 0.585777 0.707260
vt 0.580575 0.707307
vt 0.605061 0.707386
vt 0.575382 0.707388
vt 0.578918 0.707390
vt 0.570012 0.707657
vt 0.596592 0.707692
vt 0.581319 0.708104
vt 0.559011 0.708250
vt 0.587030 0.708596
vt 0.583466 0.708790
vt 0.597009 0.708801
vt 0.606299 0.708807
vt 0.602655 0.708849
vt 0.577854 0.708988
vt 0.574690 0.708998
vt 0.592369 0.709151
vt 0.582227 0.709206
vt 0.592973 0.709294
vt 0.544356 0.709325
vt 0.599831 0.709384
vt 0.580700 0.709441
vt 0.600587 0.709483
vt 0.573150 0.709563
vt 0.580890 0.710440
vt 0.584391 0.710673
vt 0.584598 0.710781
vt 0.603508 0.710802
vt 0.594366 0.710803
vt 0.590433 0.711003
vt 0.569175 0.711067
vt 0.596080 0.711224
vt 0.576237 0.711389
vt 0.554814 0.711409
vt 0.587477 0.711464
vt 0.577030 0.711475
vt 0.564330 0.711531
vt 0.599942 0.711720
vt 0.580920 0.711761
vt 0.584944 0.712044
vt 0.605424 0.712173
vt 0.586542 0.712535
vt 0.583783 0.712657
vt 0.570369 0.712691
vt 0.591075 0.712692
vt 0.554855 0.712705
vt 0.562323 0.712974
vt 0.587446 0.713387
vt 0.577348 0.713665
vt 0.597269 0.713984
vt 0.610233 0.715030
vt 0.551108 0.716722
vt 0.559813 0.716775
vt 0.581754 0.716784
vt 0.592514 0.716873
vt 0.579945 0.717200
vt 0.561748 0.717259
vt 0.578955 0.717790
vt 0.573222 0.717877
vt 0.587123 0.717891
vt 0.600895 0.717950
vt 0.593713 0.719147
vt 0.570126 0.719241
vt 0.566344 0.719760
vt 0.573413 0.719910
vt 0.604168 0.721544
vt 0.594744 0.721918
vt 0.579753 0.722262
vt 0.558953 0.722948
vt 0.587360 0.723573
vt 0.567151 0.723588
vt 0.581642 0.725502
vt 0.569482 0.726384
vt 0.597131 0.726942
vt 0.577462 0.728871
vt 0.587869 0.729757
vt 0.576732 0.777636
vt 0.579124 0.777686
vt 0.574521 0.778553
vt 0.581334 0.778696
vt 0.572829 0.780298
vt 0.583026 0.780513
vt 0.571914 0.782605
vt 0.583942 0.782858
vt 0.577928 0.783990
vt 0.571914 0.785123
vt 0.583942 0.785376
vt 0.572829 0.787468
vt 0.583026 0.787683
vt 0.574521 0.789284
vt 0.581334 0.789428
vt 0.576732 0.790295
vt 0.579124 0.790345
vt 0.576732 0.790421
vt 0.579124 0.790472
vt 0.574521 0.791338
vt 0.581334 0.791482
vt 0.572829 0.793083
vt 0.583026 0.793298
vt 0.571914 0.795390
vt 0.583942 0.795644
vt 0.577928 0.796776
vt 0.571914 0.797908
vt 0.583942 0.798162
vt 0.572829 0.800254
vt 0.583026 0.800469
vt 0.574521 0.802070
vt 0.581334 0.802214
vt 0.576732 0.803080
vt 0.579124 0.803131
vt 0.577282 0.828178
vt 0.580081 0.828237
vt 0.574696 0.829251
vt 0.582667 0.829419
vt 0.572717 0.831292
vt 0.584646 0.831544
vt 0.571646 0.833991
vt 0.585717 0.834288
vt 0.578682 0.835613
vt 0.571646 0.836937
vt 0.585717 0.837234
vt 0.572717 0.839681
vt 0.584646 0.839933
vt 0.574696 0.841806
vt 0.582667 0.841974
vt 0.577282 0.842988
vt 0.580081 0.843047
vt -0.419363 -0.000997
vt -0.495878 -0.028751
vt -0.563840 -0.035012
vt -0.793035 -0.053620
vt -0.829950 -0.065972
vt -0.240850 -0.106372
vt -0.205012 -0.122936
vt -0.672072 -0.214652
vt -0.439359 -0.229077
vt -0.693256 -0.248906
vt -0.429594 -0.263180
f 33/58 32/57 25/50 2/27
f 56/81 25/50 32/57 37/62
f 6/31 9/34 1/26
f 24/49 1/26 9/34
f 31/56 33/58 2/27 28/53
f 30/55 4/29 3/28 29/54
f 5/30 7/32 26/51 27/52
f 2/27 25/50 7/32 5/30
f 56/81 7/32 25/50
f 27/52 26/51 6/31 1/26
f 28/53 2/27 5/30 4/29
f 4/29 5/30 27/52 3/28
f 34/59 9/34 6/31 37/62
f 8/33 34/59 37/62 32/57
f 36/61 35/60 34/59 8/33
f 35/60 24/49 9/34 34/59
f 8/33 33/58 36/61
f 32/57 33/58 8/33
f 18/43 17/42 12/37 13/38
f 17/42 44/69 39/64 16/41
f 16/41 39/64 15/40 54/79
f 15/40 39/64 23/48
f 38/63 23/48 39/64
f 22/47 21/46 55/80 49/74
f 47/72 18/43 13/38 11/36
f 21/46 54/79 15/40 55/80
f 14/39 43/68 42/67 41/66
f 10/35 14/39 41/66 40/65
f 47/72 11/36 10/35 19/44
f 19/44 10/35 40/65 22/47
f 11/36 13/38 14/39 10/35
f 13/38 12/37 43/68 14/39
f 51/76 55/80 15/40 23/48
f 48/73 49/74 55/80 51/76
f 46/71 47/72 19/44 50/75
f 50/75 19/44 22/47 49/74
f 45/70 44/69 17/42 18/43
f 12/37 17/42 16/41 43/68
f 43/68 16/41 54/79 42/67
f 46/71 45/70 18/43 47/72
f 20/45 21/46 22/47 40/65 41/66
f 53/78 48/73 51/76 52/77
f 52/77 51/76 23/48 38/63
f 48/73 53/78 50/75
f 49/74 48/73 50/75
f 42/67 54/79 21/46 20/45 41/66
f 1/26 24/49 38/63 39/64
f 29/54 1/26 39/64 44/69
f 30/55 29/54 44/69 45/70
f 31/56 30/55 45/70 46/71
f 33/58 31/56 46/71 50/75
f 24/49 35/60 52/77 38/63
f 35/60 36/61 53/78 52/77
f 36/61 33/58 50/75 53/78
f 3/28 27/52 1/26 29/54
f 26/51 7/32 56/81
f 26/51 56/81 37/62 6/31
f 31/56 28/53 4/29 30/55
f 60/85 71/96 73/98 83/108
f 82/107 60/85 83/108 77/102
f 59/84 58/83 73/98 71/96
f 62/87 88/113 58/83 59/84
f 86/111 79/104 57/82 87/112
f 86/111 61/86 81/106 79/104
f 87/112 57/82 80/105 82/107
f 61/86 62/87 75/100 81/106
f 84/109 88/113 62/87 61/86
f 76/101 87/112 82/107 77/102
f 85/110 84/109 61/86 86/111
f 85/110 86/111 87/112 76/101
f 75/100 62/87 59/84 74/99
f 74/99 59/84 71/96 72/97
f 80/105 78/103 60/85 82/107
f 78/103 72/97 71/96 60/85
f 69/94 63/88 89/114 65/90
f 64/89 69/94 65/90 93/118
f 63/88 70/95 66/91 89/114
f 70/95 96/121 90/115 66/91
f 91/116 92/117 95/120 68/93
f 92/117 94/119 67/92 95/120
f 64/89 93/118 91/116 68/93
f 94/119 90/115 96/121 67/92
f 73/98 58/83 70/95 63/88
f 75/100 74/99 66/91 90/115
f 76/101 77/102 64/89 68/93
f 74/99 72/97 89/114 66/91
f 72/97 78/103 65/90 89/114
f 57/82 79/104 92/117 91/116
f 80/105 57/82 91/116 93/118
f 79/104 81/106 94/119 92/117
f 81/106 75/100 90/115 94/119
f 77/102 83/108 69/94 64/89
f 84/109 85/110 95/120 67/92
f 85/110 76/101 68/93 95/120
f 78/103 80/105 93/118 65/90
f 83/108 73/98 63/88 69/94
f 58/83 88/113 96/121 70/95
f 88/113 84/109 67/92 96/121
f 107/674 120/670 98/662 129/663
f 128/672 107/674 129/663 123/664
f 105/668 104/661 98/662 120/670
f 131/669 97/660 104/661 105/668
f 106/673 125/681 100/683 130/676
f 106/673 108/671 127/684 125/681
f 130/675 100/682 126/680 128/672
f 108/671 131/669 101/678 127/684
f 103/659 97/660 131/669 108/671
f 122/666 130/675 128/672 123/664
f 99/665 103/659 108/671 106/673
f 99/665 106/673 130/676 122/667
f 101/678 131/669 105/668 102/677
f 102/677 105/668 120/670 121/679
f 126/680 124/685 107/674 128/672
f 124/685 121/679 120/670 107/674
f 116/1365 113/1372 134/1369 132/1364
f 142/1366 137/1371 113/1372 116/1365
f 114/19 132/1364 134/1369 133/22
f 119/21 114/19 133/22 144/590
f 115/18 117/1 138/8 139/11
f 115/18 139/11 141/15 118/20
f 117/1 142/1366 140/3 138/8
f 118/20 141/15 136/17 119/21
f 143/651 118/20 119/21 144/590
f 112/1367 137/1371 142/1366 117/1
f 109/23 115/18 118/20 143/651
f 109/23 112/1367 117/1 115/18
f 136/17 135/13 114/19 119/21
f 135/13 110/6 132/1364 114/19
f 140/3 142/1366 116/1365 111/2
f 111/2 116/1365 132/1364 110/6
f 98/1370 104/24 133/22 134/1369
f 101/16 102/12 135/13 136/17
f 122/1368 123/1373 137/1371 112/1367
f 102/12 121/7 110/6 135/13
f 121/7 124/4 111/2 110/6
f 100/9 125/10 139/11 138/8
f 126/5 100/9 138/8 140/3
f 125/10 127/14 141/15 139/11
f 127/14 101/16 136/17 141/15
f 123/1373 129/1374 113/1372 137/1371
f 103/658 99/25 109/23 143/651
f 99/25 122/1368 112/1367 109/23
f 124/4 126/5 140/3 111/2
f 129/1374 98/1370 134/1369 113/1372
f 104/24 97/648 144/590 133/22
f 97/648 103/658 143/651 144/590
f 171/633 170/622 155/619 157/630
f 168/621 161/618 155/619 170/622
f 165/636 152/632 149/631 166/638
f 167/620 154/616 161/618 168/621
f 164/634 150/628 152/632 165/636
f 166/638 171/633 157/630 148/640
f 164/634 169/623 159/627 150/628
f 169/623 167/620 158/624 159/627
f 173/617 156/615 157/630
f 155/619 173/617 157/630
f 174/614 173/617 155/619 161/618
f 172/612 174/614 161/618 154/616
f 145/611 154/616 167/620 169/623
f 147/637 145/611 169/623 164/634
f 149/631 146/629 171/633 166/638
f 147/637 164/634 165/636 151/641
f 158/624 167/620 168/621 163/625
f 151/641 165/636 166/638 148/640
f 146/629 160/626 170/622 171/633
f 163/625 168/621 170/622 160/626
f 153/607 162/610 174/614 172/612
f 162/610 156/615 173/617 174/614
f 153/607 172/612 145/611
f 154/616 145/611 172/612
f 201/645 187/635 185/604 200/599
f 198/597 200/599 185/604 191/600
f 195/646 196/647 179/655 182/654
f 197/595 198/597 191/600 184/601
f 194/644 195/646 182/654 180/649
f 196/647 178/642 187/635 201/645
f 194/644 180/649 189/594 199/598
f 199/598 189/594 188/589 197/595
f 203/609 187/635 186/613
f 185/604 187/635 203/609
f 204/603 191/600 185/604 203/609
f 202/602 184/601 191/600 204/603
f 175/608 199/598 197/595 184/601
f 177/639 194/644 199/598 175/608
f 179/655 196/647 201/645 176/652
f 177/639 181/643 195/646 194/644
f 188/589 193/591 198/597 197/595
f 181/643 178/642 196/647 195/646
f 176/652 201/645 200/599 190/596
f 193/591 190/596 200/599 198/597
f 183/605 202/602 204/603 192/606
f 192/606 204/603 203/609 186/613
f 183/605 175/608 202/602
f 184/601 202/602 175/608
f 148/640 157/630 187/635 178/642
f 153/607 145/611 175/608 183/605
f 160/593 146/653 176/652 190/596
f 146/653 149/657 179/655 176/652
f 145/611 147/637 177/639 175/608
f 151/641 148/640 178/642 181/643
f 149/657 152/656 182/654 179/655
f 147/637 151/641 181/643 177/639
f 152/656 150/650 180/649 182/654
f 157/630 156/615 186/613 187/635
f 156/615 162/610 192/606 186/613
f 163/588 160/593 190/596 193/591
f 162/610 153/607 183/605 192/606
f 158/587 163/588 193/591 188/589
f 159/592 158/587 188/589 189/594
f 150/650 159/592 189/594 180/649
f 1149/580 1153/584 228/145 232/149
f 1152/583 211/128 210/127 242/159
f 211/128 226/143 229/146 1155/586
f 1154/585 1155/586 229/146 231/148
f 1151/582 208/125 207/124 1149/580
f 242/159 238/155 228/145
f 227/144 228/145 238/155
f 1143/574 1146/577 395/312 372/289
f 1153/584 1152/583 242/159 228/145
f 1150/581 1154/585 231/148 206/123
f 209/126 226/143 230/147 205/122
f 231/148 229/146 226/143 209/126
f 1145/576 376/293 409/326 374/291
f 1150/581 206/123 208/125 1151/582
f 206/123 231/148 209/126 208/125
f 208/125 209/126 205/122 207/124
f 239/156 238/155 242/159 210/127
f 235/152 239/156 210/127 236/153
f 241/158 240/157 239/156 235/152
f 240/157 227/144 238/155 239/156
f 235/152 237/154 241/158
f 236/153 237/154 235/152
f 218/135 217/134 213/130 214/131
f 217/134 250/167 244/161 246/163
f 246/163 244/161 260/177 258/175
f 260/177 244/161 254/171
f 243/160 254/171 244/161
f 257/174 222/139 259/176 216/133
f 219/136 218/135 214/131 249/166
f 222/139 258/175 260/177 259/176
f 215/132 212/129 247/164 223/140
f 248/165 215/132 223/140 245/162
f 219/136 249/166 248/165 220/137
f 220/137 248/165 245/162 257/174
f 249/166 214/131 215/132 248/165
f 214/131 213/130 212/129 215/132
f 225/142 259/176 260/177 254/171
f 224/141 216/133 259/176 225/142
f 252/169 219/136 220/137 253/170
f 253/170 220/137 257/174 216/133
f 251/168 250/167 217/134 218/135
f 213/130 217/134 246/163 212/129
f 212/129 246/163 258/175 247/164
f 252/169 251/168 218/135 219/136
f 221/138 222/139 257/174 245/162 223/140
f 256/173 224/141 225/142 255/172
f 255/172 225/142 254/171 243/160
f 224/141 256/173 253/170
f 216/133 224/141 253/170
f 247/164 258/175 222/139 221/138 223/140
f 228/145 227/144 243/160 244/161
f 232/149 228/145 244/161 250/167
f 233/150 232/149 250/167 251/168
f 234/151 233/150 251/168 252/169
f 237/154 234/151 252/169 253/170
f 227/144 240/157 255/172 243/160
f 240/157 241/158 256/173 255/172
f 241/158 237/154 253/170 256/173
f 270/187 269/186 264/181 289/206
f 306/223 266/183 264/181 269/186
f 267/184 295/212 293/210 297/214
f 305/222 299/216 266/183 306/223
f 296/213 263/180 295/212 267/184
f 297/214 270/187 289/206 288/205
f 296/213 268/185 307/224 263/180
f 268/185 305/222 265/182 307/224
f 300/217 301/218 289/206
f 264/181 300/217 289/206
f 302/219 300/217 264/181 266/183
f 298/215 302/219 266/183 299/216
f 290/207 299/216 305/222 268/185
f 262/179 290/207 268/185 296/213
f 293/210 261/178 270/187 297/214
f 262/179 296/213 267/184 294/211
f 265/182 305/222 306/223 304/221
f 294/211 267/184 297/214 288/205
f 261/178 292/209 269/186 270/187
f 304/221 306/223 269/186 292/209
f 291/208 303/220 302/219 298/215
f 303/220 301/218 300/217 302/219
f 291/208 298/215 290/207
f 299/216 290/207 298/215
f 285/202 276/193 319/236 318/235
f 283/200 318/235 319/236 279/196
f 281/198 313/230 273/190 274/191
f 282/199 283/200 279/196 275/192
f 280/197 281/198 274/191 312/229
f 313/230 272/189 276/193 285/202
f 280/197 312/229 320/237 284/201
f 284/201 320/237 277/194 282/199
f 286/203 276/193 315/232
f 319/236 276/193 286/203
f 287/204 279/196 319/236 286/203
f 314/231 275/192 279/196 287/204
f 308/225 284/201 282/199 275/192
f 271/188 280/197 284/201 308/225
f 273/190 313/230 285/202 310/227
f 271/188 311/228 281/198 280/197
f 277/194 317/234 283/200 282/199
f 311/228 272/189 313/230 281/198
f 310/227 285/202 318/235 278/195
f 317/234 278/195 318/235 283/200
f 309/226 314/231 287/204 316/233
f 316/233 287/204 286/203 315/232
f 309/226 308/225 314/231
f 275/192 314/231 308/225
f 288/205 289/206 276/193 272/189
f 291/208 290/207 308/225 309/226
f 292/209 261/178 310/227 278/195
f 261/178 293/210 273/190 310/227
f 290/207 262/179 271/188 308/225
f 294/211 288/205 272/189 311/228
f 293/210 295/212 274/191 273/190
f 262/179 294/211 311/228 271/188
f 295/212 263/180 312/229 274/191
f 289/206 301/218 315/232 276/193
f 301/218 303/220 316/233 315/232
f 304/221 292/209 278/195 317/234
f 303/220 291/208 309/226 316/233
f 265/182 304/221 317/234 277/194
f 307/224 265/182 277/194 320/237
f 263/180 307/224 320/237 312/229
f 329/246 343/260 321/238 352/269
f 351/268 329/246 352/269 347/264
f 327/244 326/243 321/238 343/260
f 332/249 354/271 326/243 327/244
f 328/245 322/239 323/240 330/247
f 328/245 331/248 350/267 322/239
f 330/247 323/240 349/266 351/268
f 331/248 332/249 324/241 350/267
f 325/242 354/271 332/249 331/248
f 346/263 330/247 351/268 347/264
f 353/270 325/242 331/248 328/245
f 353/270 328/245 330/247 346/263
f 324/241 332/249 327/244 345/262
f 345/262 327/244 343/260 344/261
f 349/266 348/265 329/246 351/268
f 348/265 344/261 343/260 329/246
f 340/257 364/281 357/274 355/272
f 363/280 333/250 364/281 340/257
f 338/255 355/272 357/274 337/254
f 342/259 338/255 337/254 368/285
f 339/256 341/258 334/251 360/277
f 339/256 360/277 362/279 367/284
f 341/258 363/280 361/278 334/251
f 367/284 362/279 359/276 342/259
f 365/282 367/284 342/259 368/285
f 336/253 333/250 363/280 341/258
f 366/283 339/256 367/284 365/282
f 366/283 336/253 341/258 339/256
f 359/276 358/275 338/255 342/259
f 358/275 356/273 355/272 338/255
f 361/278 363/280 340/257 335/252
f 335/252 340/257 355/272 356/273
f 321/238 326/243 337/254 357/274
f 324/241 345/262 358/275 359/276
f 346/263 347/264 333/250 336/253
f 345/262 344/261 356/273 358/275
f 344/261 348/265 335/252 356/273
f 323/240 322/239 360/277 334/251
f 349/266 323/240 334/251 361/278
f 322/239 350/267 362/279 360/277
f 350/267 324/241 359/276 362/279
f 347/264 352/269 364/281 333/250
f 325/242 353/270 366/283 365/282
f 353/270 346/263 336/253 366/283
f 348/265 349/266 361/278 335/252
f 352/269 321/238 357/274 364/281
f 326/243 354/271 368/285 337/254
f 354/271 325/242 365/282 368/285
f 1141/572 1135/566 630/547 593/510
f 1144/575 1147/578 369/286 399/316
f 376/293 394/311 396/313 1148/579
f 374/291 406/323 395/312
f 375/292 395/312 406/323
f 1135/566 601/518 600/517 630/547
f 1146/577 1145/576 374/291 395/312
f 1142/573 370/287 400/317 1143/574
f 371/288 394/311 397/314 398/315
f 369/286 396/313 394/311 371/288
f 1147/578 1148/579 396/313 369/286
f 1144/575 399/316 370/287 1142/573
f 399/316 369/286 371/288 370/287
f 370/287 371/288 398/315 400/317
f 407/324 406/323 374/291 409/326
f 403/320 407/324 409/326 404/321
f 373/290 408/325 407/324 403/320
f 408/325 375/292 406/323 407/324
f 403/320 405/322 373/290
f 404/321 405/322 403/320
f 418/335 417/334 414/331 380/297
f 417/334 415/332 377/294 387/304
f 387/304 377/294 385/302 423/340
f 385/302 377/294 421/338
f 410/327 421/338 377/294
f 422/339 391/308 424/341 384/301
f 388/305 418/335 380/297 379/296
f 391/308 423/340 385/302 424/341
f 381/298 413/330 412/329 392/309
f 378/295 381/298 392/309 411/328
f 388/305 379/296 378/295 389/306
f 389/306 378/295 411/328 422/339
f 379/296 380/297 381/298 378/295
f 380/297 414/331 413/330 381/298
f 393/310 424/341 385/302 421/338
f 419/336 384/301 424/341 393/310
f 382/299 388/305 389/306 420/337
f 420/337 389/306 422/339 384/301
f 416/333 415/332 417/334 418/335
f 414/331 417/334 387/304 413/330
f 413/330 387/304 423/340 412/329
f 382/299 416/333 418/335 388/305
f 390/307 391/308 422/339 411/328 392/309
f 383/300 419/336 393/310 386/303
f 386/303 393/310 421/338 410/327
f 419/336 383/300 420/337
f 384/301 419/336 420/337
f 412/329 423/340 391/308 390/307 392/309
f 395/312 375/292 410/327 377/294
f 372/289 395/312 377/294 415/332
f 401/318 372/289 415/332 416/333
f 402/319 401/318 416/333 382/299
f 405/322 402/319 382/299 420/337
f 375/292 408/325 386/303 410/327
f 408/325 373/290 383/300 386/303
f 373/290 405/322 420/337 383/300
f 436/353 435/352 468/385 456/373
f 433/350 430/347 468/385 435/352
f 432/349 427/344 459/376 464/381
f 467/384 465/382 430/347 433/350
f 463/380 462/379 427/344 432/349
f 464/381 436/353 456/373 455/372
f 463/380 434/351 469/386 462/379
f 434/351 467/384 429/346 469/386
f 438/355 428/345 456/373
f 468/385 438/355 456/373
f 439/356 438/355 468/385 430/347
f 437/354 439/356 430/347 465/382
f 425/342 465/382 467/384 434/351
f 460/377 425/342 434/351 463/380
f 459/376 426/343 436/353 464/381
f 460/377 463/380 432/349 461/378
f 429/346 467/384 433/350 431/348
f 461/378 432/349 464/381 455/372
f 426/343 458/375 435/352 436/353
f 431/348 433/350 435/352 458/375
f 457/374 466/383 439/356 437/354
f 466/383 428/345 438/355 439/356
f 457/374 437/354 425/342
f 465/382 425/342 437/354
f 453/370 471/388 443/360 484/401
f 451/368 484/401 443/360 447/364
f 450/367 478/395 475/392 442/359
f 483/400 451/368 447/364 479/396
f 449/366 450/367 442/359 477/394
f 478/395 470/387 471/388 453/370
f 449/366 477/394 446/363 452/369
f 452/369 446/363 445/362 483/400
f 480/397 471/388 444/361
f 443/360 471/388 480/397
f 481/398 447/364 443/360 480/397
f 454/371 479/396 447/364 481/398
f 440/357 452/369 483/400 479/396
f 441/358 449/366 452/369 440/357
f 475/392 478/395 453/370 474/391
f 441/358 476/393 450/367 449/366
f 445/362 448/365 451/368 483/400
f 476/393 470/387 478/395 450/367
f 474/391 453/370 484/401 473/390
f 448/365 473/390 484/401 451/368
f 472/389 454/371 481/398 482/399
f 482/399 481/398 480/397 444/361
f 472/389 440/357 454/371
f 479/396 454/371 440/357
f 455/372 456/373 471/388 470/387
f 457/374 425/342 440/357 472/389
f 458/375 426/343 474/391 473/390
f 426/343 459/376 475/392 474/391
f 425/342 460/377 441/358 440/357
f 461/378 455/372 470/387 476/393
f 459/376 427/344 442/359 475/392
f 460/377 461/378 476/393 441/358
f 427/344 462/379 477/394 442/359
f 456/373 428/345 444/361 471/388
f 428/345 466/383 482/399 444/361
f 431/348 458/375 473/390 448/365
f 466/383 457/374 472/389 482/399
f 429/346 431/348 448/365 445/362
f 469/386 429/346 445/362 446/363
f 462/379 469/386 446/363 477/394
f 490/407 504/421 506/423 515/432
f 514/431 490/407 515/432 509/426
f 488/405 487/404 506/423 504/421
f 520/437 519/436 487/404 488/405
f 489/406 512/429 511/428 518/435
f 489/406 491/408 485/402 512/429
f 518/435 511/428 513/430 514/431
f 491/408 520/437 508/425 485/402
f 516/433 519/436 520/437 491/408
f 486/403 518/435 514/431 509/426
f 517/434 516/433 491/408 489/406
f 517/434 489/406 518/435 486/403
f 508/425 520/437 488/405 507/424
f 507/424 488/405 504/421 505/422
f 513/430 510/427 490/407 514/431
f 510/427 505/422 504/421 490/407
f 502/419 498/415 492/409 521/438
f 501/418 525/442 498/415 502/419
f 500/417 521/438 492/409 499/416
f 532/449 500/417 499/416 531/448
f 529/446 503/420 526/443 494/411
f 529/446 494/411 527/444 530/447
f 503/420 501/418 495/412 526/443
f 530/447 527/444 524/441 532/449
f 528/445 530/447 532/449 531/448
f 497/414 525/442 501/418 503/420
f 493/410 529/446 530/447 528/445
f 493/410 497/414 503/420 529/446
f 524/441 523/440 500/417 532/449
f 523/440 522/439 521/438 500/417
f 495/412 501/418 502/419 496/413
f 496/413 502/419 521/438 522/439
f 506/423 487/404 499/416 492/409
f 508/425 507/424 523/440 524/441
f 486/403 509/426 525/442 497/414
f 507/424 505/422 522/439 523/440
f 505/422 510/427 496/413 522/439
f 511/428 512/429 494/411 526/443
f 513/430 511/428 526/443 495/412
f 512/429 485/402 527/444 494/411
f 485/402 508/425 524/441 527/444
f 509/426 515/432 498/415 525/442
f 516/433 517/434 493/410 528/445
f 517/434 486/403 497/414 493/410
f 510/427 513/430 495/412 496/413
f 515/432 506/423 492/409 498/415
f 487/404 519/436 531/448 499/416
f 519/436 516/433 528/445 531/448
f 543/460 542/459 536/453 556/473
f 573/490 538/455 536/453 542/459
f 565/482 563/480 560/477 539/456
f 540/457 535/452 538/455 573/490
f 564/481 534/451 563/480 565/482
f 539/456 543/460 556/473 533/450
f 564/481 541/458 574/491 534/451
f 541/458 540/457 572/489 574/491
f 567/484 568/485 556/473
f 536/453 567/484 556/473
f 569/486 567/484 536/453 538/455
f 566/483 569/486 538/455 535/452
f 557/474 535/452 540/457 541/458
f 561/478 557/474 541/458 564/481
f 560/477 559/476 543/460 539/456
f 561/478 564/481 565/482 562/479
f 572/489 540/457 573/490 571/488
f 562/479 565/482 539/456 533/450
f 559/476 537/454 542/459 543/460
f 571/488 573/490 542/459 537/454
f 558/475 570/487 569/486 566/483
f 570/487 568/485 567/484 569/486
f 558/475 566/483 557/474
f 535/452 557/474 566/483
f 554/471 576/493 590/507 553/470
f 551/468 553/470 590/507 591/508
f 584/501 549/466 544/461 581/498
f 550/467 551/468 591/508 546/463
f 583/500 584/501 581/498 582/499
f 549/466 575/492 576/493 554/471
f 583/500 582/499 592/509 552/469
f 552/469 592/509 589/506 550/467
f 586/503 576/493 547/464
f 590/507 576/493 586/503
f 555/472 591/508 590/507 586/503
f 585/502 546/463 591/508 555/472
f 577/494 552/469 550/467 546/463
f 580/497 583/500 552/469 577/494
f 544/461 549/466 554/471 579/496
f 580/497 545/462 584/501 583/500
f 589/506 588/505 551/468 550/467
f 545/462 575/492 549/466 584/501
f 579/496 554/471 553/470 548/465
f 588/505 548/465 553/470 551/468
f 578/495 585/502 555/472 587/504
f 587/504 555/472 586/503 547/464
f 578/495 577/494 585/502
f 546/463 585/502 577/494
f 533/450 556/473 576/493 575/492
f 558/475 557/474 577/494 578/495
f 537/454 559/476 579/496 548/465
f 559/476 560/477 544/461 579/496
f 557/474 561/478 580/497 577/494
f 562/479 533/450 575/492 545/462
f 560/477 563/480 581/498 544/461
f 561/478 562/479 545/462 580/497
f 563/480 534/451 582/499 581/498
f 556/473 568/485 547/464 576/493
f 568/485 570/487 587/504 547/464
f 571/488 537/454 548/465 588/505
f 570/487 558/475 578/495 587/504
f 572/489 571/488 588/505 589/506
f 574/491 572/489 589/506 592/509
f 534/451 574/491 592/509 582/499
f 1139/570 1136/567 623/540 594/511
f 1140/571 596/513 595/512 1137/568
f 630/547 603/520 593/510
f 619/536 593/510 603/520
f 601/518 618/535 620/537 1138/569
f 1137/568 1141/572 593/510 624/541
f 597/514 618/535 621/538 622/539
f 623/540 620/537 618/535 597/514
f 1136/567 1138/569 620/537 623/540
f 1139/570 594/511 596/513 1140/571
f 594/511 623/540 597/514 596/513
f 596/513 597/514 622/539 595/512
f 627/544 603/520 630/547 600/517
f 602/519 627/544 600/517 599/516
f 629/546 628/545 627/544 602/519
f 628/545 619/536 603/520 627/544
f 602/519 626/543 629/546
f 599/516 626/543 602/519
f 640/557 639/556 636/553 607/524
f 639/556 637/554 604/521 611/528
f 611/528 604/521 648/565 615/532
f 648/565 604/521 645/562
f 631/548 645/562 604/521
f 616/533 614/531 610/527 643/560
f 641/558 640/557 607/524 606/523
f 614/531 615/532 648/565 610/527
f 608/525 635/552 634/551 633/550
f 605/522 608/525 633/550 632/549
f 641/558 606/523 605/522 612/529
f 612/529 605/522 632/549 616/533
f 606/523 607/524 608/525 605/522
f 607/524 636/553 635/552 608/525
f 617/534 610/527 648/565 645/562
f 642/559 643/560 610/527 617/534
f 638/555 641/558 612/529 644/561
f 644/561 612/529 616/533 643/560
f 609/526 637/554 639/556 640/557
f 636/553 639/556 611/528 635/552
f 635/552 611/528 615/532 634/551
f 638/555 609/526 640/557 641/558
f 613/530 614/531 616/533 632/549 633/550
f 647/564 642/559 617/534 646/563
f 646/563 617/534 645/562 631/548
f 642/559 647/564 644/561
f 643/560 642/559 644/561
f 634/551 615/532 614/531 613/530 633/550
f 593/510 619/536 631/548 604/521
f 624/541 593/510 604/521 637/554
f 598/515 624/541 637/554 609/526
f 625/542 598/515 609/526 638/555
f 626/543 625/542 638/555 644/561
f 619/536 628/545 646/563 631/548
f 628/545 629/546 647/564 646/563
f 629/546 626/543 644/561 647/564
f 652/749 651/770 713/773 714/753
f 717/736 716/719 715/757 653/746
f 721/725 720/693 718/701 719/729
f 655/727 725/692 723/690 724/721
f 649/777 712/761 650/759 711/776
f 716/1264 718/1274 756/1257 754/1250
f 745/1122 744/1142 783/1140 785/1109
f 739/1172 737/1195 797/1182 703/1165
f 745/1122 669/1102 805/1111 803/1127
f 729/1137 658/1074 683/1094 768/1141
f 743/1088 668/1082 784/1055 782/1067
f 717/1223 653/1246 753/1237 755/1206
f 728/1023 659/1015 684/1030 767/1037
f 744/1142 742/1169 692/1175 783/1140
f 715/1249 716/1264 754/1250 752/1239
f 741/1107 743/1088 782/1067 691/1078
f 658/1074 727/1040 766/1051 683/1094
f 742/1169 667/1188 781/1216 692/1175
f 653/1246 652/1262 679/1247 753/1237
f 657/1043 728/1023 767/1037 765/1054
f 740/1125 741/1107 691/1078 780/1118
f 651/1225 715/1249 752/1239 678/1207
f 667/1188 666/1209 690/1228 781/1216
f 727/1040 726/1021 682/1036 766/1051
f 665/1150 740/1125 780/1118 689/1153
f 652/1262 714/1275 677/1258 679/1247
f 656/1072 657/1043 765/1054 681/1092
f 666/1209 664/1214 688/1236 690/1228
f 713/1160 651/1225 678/1207 676/1157
f 739/1172 665/1150 689/1153 779/1185
f 726/1021 655/1014 764/1031 682/1036
f 664/1214 738/1211 687/1233 688/1236
f 714/1275 650/1272 751/1251 677/1258
f 725/1135 656/1072 681/1092 680/1139
f 737/1195 739/1172 779/1185 686/1220
f 711/1087 713/1160 676/1157 750/1101
f 738/1211 736/1193 778/1221 687/1233
f 655/1014 724/1018 763/1038 764/1031
f 735/1212 737/1195 686/1220 777/1232
f 684/1030 769/1035 695/1064 790/1052
f 754/1250 756/1257 688/1236 687/1233
f 757/1156 755/1206 779/1185 689/1153
f 770/1202 768/1141 694/1143 696/1180
f 750/1101 676/1157 775/1151 772/1114
f 680/1139 681/1092 785/1109 783/1140
f 677/1258 751/1251 773/1234 685/1238
f 682/1036 764/1031 784/1055 693/1065
f 756/1257 758/1248 690/1228 688/1236
f 769/1035 749/1056 771/1077 695/1064
f 759/1106 757/1156 689/1153 780/1118
f 675/1240 770/1202 696/1180 774/1219
f 676/1157 678/1207 776/1184 775/1151
f 681/1092 765/1054 786/1075 785/1109
f 679/1247 677/1258 685/1238 777/1232
f 766/1051 682/1036 693/1065 787/1076
f 758/1248 760/1235 781/1216 690/1228
f 761/1058 759/1106 780/1118 691/1078
f 678/1207 752/1239 778/1221 776/1184
f 765/1054 767/1037 788/1061 786/1075
f 753/1237 679/1247 777/1232 686/1220
f 683/1094 766/1051 787/1076 789/1110
f 760/1235 762/1192 692/1175 781/1216
f 763/1038 761/1058 691/1078 782/1067
f 752/1239 754/1250 687/1233 778/1221
f 767/1037 684/1030 790/1052 788/1061
f 749/1056 750/1101 772/1114 771/1077
f 755/1206 753/1237 686/1220 779/1185
f 768/1141 683/1094 789/1110 694/1143
f 751/1251 675/1240 774/1219 773/1234
f 762/1192 680/1139 783/1140 692/1175
f 764/1031 763/1038 782/1067 784/1055
f 668/1082 746/1085 693/1065 784/1055
f 659/1015 660/1017 769/1035 684/1030
f 719/1158 717/1223 755/1206 757/1156
f 669/1102 745/1122 785/1109 786/1075
f 730/1218 729/1137 768/1141 770/1202
f 746/1085 670/1104 787/1076 693/1065
f 718/1274 720/1268 758/1248 756/1257
f 747/1083 669/1102 786/1075 788/1061
f 660/1017 649/1032 749/1056 769/1035
f 721/1090 719/1158 757/1156 759/1106
f 670/1104 671/1123 789/1110 787/1076
f 712/1260 730/1218 770/1202 675/1240
f 672/1079 747/1083 788/1061 790/1052
f 732/1124 731/1105 771/1077 772/1114
f 720/1268 722/1253 760/1235 758/1248
f 671/1123 673/1146 694/1143 789/1110
f 733/1191 661/1213 773/1234 774/1219
f 654/1034 721/1090 759/1106 761/1058
f 674/1086 672/1079 790/1052 695/1064
f 734/1147 732/1124 772/1114 775/1151
f 673/1146 748/1170 696/1180 694/1143
f 661/1213 662/1217 685/1238 773/1234
f 722/1253 723/1210 762/1192 760/1235
f 731/1105 674/1086 695/1064 771/1077
f 663/1171 734/1147 775/1151 776/1184
f 724/1018 654/1034 761/1058 763/1038
f 649/1032 711/1087 750/1101 749/1056
f 748/1170 733/1191 774/1219 696/1180
f 662/1217 735/1212 777/1232 685/1238
f 650/1272 712/1260 675/1240 751/1251
f 736/1193 663/1171 776/1184 778/1221
f 723/1210 725/1135 680/1139 762/1192
f 670/1104 746/1085 804/1100 709/1115
f 738/1211 664/1214 798/1200 702/1196
f 669/1102 747/1083 806/1098 805/1111
f 665/1150 739/1172 703/1165 704/1148
f 671/1123 670/1104 709/1115 807/1130
f 664/1214 666/1209 799/1194 798/1200
f 747/1083 672/1079 808/1096 806/1098
f 740/1125 665/1150 704/1148 800/1129
f 731/1105 732/1124 792/1128 791/1112
f 673/1146 671/1123 807/1130 809/1149
f 666/1209 667/1188 705/1177 799/1194
f 661/1213 733/1191 793/1181 699/1199
f 672/1079 674/1086 810/1099 808/1096
f 741/1107 740/1125 800/1129 801/1116
f 732/1124 734/1147 794/1145 792/1128
f 748/1170 673/1146 809/1149 710/1166
f 667/1188 742/1169 802/1163 705/1177
f 662/1217 661/1213 699/1199 795/1203
f 674/1086 731/1105 791/1112 810/1099
f 743/1088 741/1107 801/1116 706/1103
f 734/1147 663/1171 700/1164 794/1145
f 733/1191 748/1170 710/1166 793/1181
f 742/1169 744/1142 707/1144 802/1163
f 735/1212 662/1217 795/1203 701/1198
f 668/1082 743/1088 706/1103 708/1097
f 663/1171 736/1193 796/1179 700/1164
f 744/1142 745/1122 803/1127 707/1144
f 737/1195 735/1212 701/1198 797/1182
f 746/1085 668/1082 708/1097 804/1100
f 736/1193 738/1211 702/1196 796/1179
f 698/1355 792/1362 794/1360
f 697/968 797/929 701/998
f 698/1355 700/1358 796/1356
f 697/968 800/796 704/810
f 698/1355 798/1351 799/1349
f 697/968 699/1113 793/1155
f 698/1355 707/1350 803/1352
f 697/968 703/859 797/929
f 698/1355 803/1352 805/1354
f 697/968 704/810 703/859
f 698/1355 805/1354 806/1357
f 697/968 804/918 708/850
f 698/1355 799/1349 705/1347
f 697/968 801/795 800/796
f 698/1355 705/1347 802/1348
f 697/968 706/809 801/795
f 698/1355 802/1348 707/1350
f 697/968 809/1108 807/1039
f 698/1355 810/1361 791/1363
f 697/968 701/998 795/1046
f 698/1355 796/1356 702/1353
f 697/968 709/994 804/918
f 698/1355 702/1353 798/1351
f 697/968 807/1039 709/994
f 698/1355 806/1357 808/1359
f 697/968 793/1155 710/1152
f 698/1355 808/1359 810/1361
f 697/968 710/1152 809/1108
f 698/1355 794/1360 700/1358
f 697/968 708/850 706/809
f 729/751 659/771 728/764 658/747
f 730/755 660/775 659/771 729/751
f 658/747 728/764 657/722 727/739
f 656/700 726/732 727/739 657/722
f 726/732 656/700 725/692 655/727
f 724/721 723/690 722/691 654/720
f 654/720 722/691 720/693 721/725
f 719/729 718/701 716/719 717/736
f 653/746 715/757 651/770 652/749
f 714/753 713/773 711/776 650/759
f 712/761 649/777 660/775 730/755
f 823/763 905/781 821/779 822/756
f 818/723 817/695 899/688 900/715
f 825/762 824/780 905/781 823/763
f 824/780 825/762 826/754 906/778
f 814/705 813/687 811/689 812/708
f 812/708 811/689 912/694 828/718
f 819/1310 902/1312 851/1306 934/1303
f 828/718 912/694 827/704 911/728
f 841/1120 840/1174 875/1173 952/1080
f 833/1230 831/1197 889/1162 891/1204
f 841/1120 843/1069 968/1089 967/1132
f 911/786 910/792 861/827 941/816
f 921/1126 922/1049 951/1048 874/1159
f 901/1305 818/1288 849/1282 850/1293
f 909/891 827/862 940/939 860/958
f 840/1174 920/1241 950/1252 875/1173
f 817/1302 819/1310 934/1303 933/1297
f 839/1187 921/1126 874/1159 949/1244
f 910/792 908/828 859/883 861/827
f 920/1241 838/1261 873/1285 950/1252
f 818/1288 900/1256 848/1224 849/1282
f 907/961 909/891 860/958 858/996
f 837/1229 839/1187 949/1244 948/1269
f 899/1287 817/1302 933/1297 932/1277
f 838/1261 836/1279 872/1290 873/1285
f 908/828 826/926 857/977 859/883
f 835/1242 837/1229 948/1269 947/1280
f 900/1256 816/1095 847/1073 848/1224
f 906/1019 907/961 858/996 856/1047
f 836/1279 834/1284 871/1296 872/1290
f 815/1222 899/1287 932/1277 931/1205
f 833/1230 835/1242 947/1280 870/1273
f 826/926 825/1028 939/1045 857/977
f 834/1284 832/1281 869/1291 871/1296
f 816/1095 814/978 930/991 847/1073
f 824/1154 906/1019 856/1047 938/1168
f 831/1197 833/1230 870/1273 868/1245
f 813/1042 815/1222 931/1205 929/1063
f 832/1281 919/1265 946/1286 869/1291
f 825/1028 823/1226 937/1190 939/1045
f 918/1134 831/1197 868/1245 867/1167
f 940/939 862/957 956/1008 954/997
f 934/1303 851/1306 871/1296 869/1291
f 935/1299 850/1293 870/1273 947/1280
f 942/835 941/816 955/894 880/907
f 929/1063 931/1205 865/1186 863/1093
f 938/1168 856/1047 952/1080 875/1173
f 847/1073 930/991 944/1010 945/1068
f 857/977 939/1045 951/1048 876/999
f 851/1306 852/1304 872/1290 871/1296
f 862/957 845/1001 943/1029 956/1008
f 853/1294 935/1299 947/1280 948/1269
f 846/898 942/835 880/907 864/959
f 931/1205 932/1277 866/1259 865/1186
f 856/1047 858/996 877/1027 952/1080
f 848/1224 847/1073 945/1068 867/1167
f 859/883 857/977 876/999 953/953
f 852/1304 936/1295 873/1285 872/1290
f 854/1278 853/1294 948/1269 949/1244
f 932/1277 933/1297 946/1286 866/1259
f 858/996 860/958 878/1007 877/1027
f 849/1282 848/1224 867/1167 868/1245
f 861/827 859/883 953/953 879/905
f 936/1295 855/1267 950/1252 873/1285
f 937/1190 854/1278 949/1244 874/1159
f 933/1297 934/1303 869/1291 946/1286
f 860/958 940/939 954/997 878/1007
f 845/1001 929/1063 863/1093 943/1029
f 850/1293 849/1282 868/1245 870/1273
f 941/816 861/827 879/905 955/894
f 930/991 846/898 864/959 944/1010
f 855/1267 938/1168 875/1173 950/1252
f 939/1045 937/1190 874/1159 951/1048
f 922/1049 842/1016 876/999 951/1048
f 827/862 912/872 862/957 940/939
f 820/1309 901/1305 850/1293 935/1299
f 843/1069 841/1120 952/1080 877/1027
f 828/789 911/786 941/816 942/835
f 842/1016 923/990 953/953 876/999
f 902/1312 903/1311 852/1304 851/1306
f 844/1041 843/1069 877/1027 878/1007
f 912/872 811/943 845/1001 862/957
f 904/1308 820/1309 935/1299 853/1294
f 923/990 924/970 879/905 953/953
f 812/824 828/789 942/835 846/898
f 925/1033 844/1041 878/1007 954/997
f 913/1121 829/1070 943/1029 863/1093
f 903/1311 821/1307 936/1295 852/1304
f 924/970 926/960 955/894 879/905
f 915/995 914/1020 944/1010 864/959
f 822/1298 904/1308 853/1294 854/1278
f 927/1044 925/1033 954/997 956/1008
f 830/1183 913/1121 863/1093 865/1186
f 926/960 928/976 880/907 955/894
f 914/1020 916/1062 945/1068 944/1010
f 821/1307 905/1283 855/1267 936/1295
f 829/1070 927/1044 956/1008 943/1029
f 917/1243 830/1183 865/1186 866/1259
f 823/1226 822/1298 854/1278 937/1190
f 811/943 813/1042 929/1063 845/1001
f 928/976 915/995 864/959 880/907
f 916/1062 918/1134 867/1167 945/1068
f 814/978 812/824 846/898 930/991
f 919/1265 917/1243 866/1259 946/1286
f 905/1283 824/1154 938/1168 855/1267
f 923/990 842/1016 895/1024 896/1002
f 832/1281 834/1284 960/1271 890/1266
f 843/1069 844/1041 897/1066 968/1089
f 835/1242 833/1230 891/1204 961/1215
f 924/970 923/990 896/1002 969/987
f 834/1284 836/1279 962/1263 960/1271
f 844/1041 925/1033 970/1050 897/1066
f 837/1229 835/1242 961/1215 963/1201
f 829/1070 913/1121 884/1131 883/1084
f 926/960 924/970 969/987 971/979
f 836/1279 838/1261 964/1254 962/1263
f 914/1020 915/995 958/1004 957/1025
f 925/1033 927/1044 972/1060 970/1050
f 839/1187 837/1229 963/1201 892/1161
f 913/1121 830/1183 885/1178 884/1131
f 928/976 926/960 971/979 898/989
f 838/1261 920/1241 965/1227 964/1254
f 916/1062 914/1020 957/1025 959/1057
f 927/1044 829/1070 883/1084 972/1060
f 921/1126 839/1187 892/1161 893/1117
f 830/1183 917/1243 886/1231 885/1178
f 915/995 928/976 898/989 958/1004
f 920/1241 840/1174 966/1176 965/1227
f 918/1134 916/1062 959/1057 887/1119
f 922/1049 921/1126 893/1117 894/1053
f 917/1243 919/1265 888/1255 886/1231
f 840/1174 841/1120 967/1132 966/1176
f 831/1197 918/1134 887/1119 889/1162
f 842/1016 922/1049 894/1053 895/1024
f 919/1265 832/1281 890/1266 888/1255
f 882/1338 884/1331 885/1333
f 881/1321 889/1322 887/1319
f 882/1338 885/1333 886/1335
f 881/1321 957/1315 958/1313
f 882/1338 886/1335 888/1337
f 881/1321 891/1324 889/1322
f 882/1338 888/1337 890/1340
f 881/1321 963/1328 961/1326
f 882/1338 890/1340 960/1342
f 881/1321 961/1326 891/1324
f 882/1338 968/1339 897/1336
f 881/1321 894/1325 893/1327
f 882/1338 962/1344 964/1346
f 881/1321 893/1327 892/1329
f 882/1338 964/1346 965/1345
f 881/1321 959/1317 957/1315
f 882/1338 966/1343 967/1341
f 881/1321 895/1323 894/1325
f 882/1338 960/1342 962/1344
f 881/1321 892/1329 963/1328
f 882/1338 967/1341 968/1339
f 881/1321 896/1320 895/1323
f 882/1338 897/1336 970/1334
f 881/1321 969/1318 896/1320
f 882/1338 965/1345 966/1343
f 881/1321 971/1316 969/1318
f 882/1338 970/1334 972/1332
f 881/1321 898/1314 971/1316
f 882/1338 972/1332 883/1330
f 881/1321 958/1313 898/1314
f 908/748 907/772 906/778 826/754
f 911/728 827/704 909/752 910/738
f 910/738 909/752 907/772 908/748
f 902/765 820/745 904/750 903/774
f 819/710 901/733 820/745 902/765
f 901/733 819/710 817/695 818/723
f 815/686 816/706 900/715 899/688
f 816/706 815/686 813/687 814/705
f 822/756 821/779 903/774 904/750
f 1058/766 1057/740 976/734 977/760
f 1062/737 983/731 1060/735 1061/758
f 1064/714 1063/726 983/731 1062/737
f 973/822 1056/875 1096/878 1095/838
f 984/703 1065/717 1063/726 1064/714
f 1084/944 1082/946 1116/973 1019/966
f 1074/945 1072/930 1125/920 1127/933
f 1084/944 990/927 1043/917 1042/931
f 1064/787 1062/794 1008/804 1102/798
f 1081/906 1083/884 1117/881 1115/913
f 974/1005 1055/983 997/975 998/985
f 983/955 1063/897 1009/895 1101/938
f 1082/946 1080/941 1018/963 1116/973
f 1054/802 973/822 1095/838 1094/811
f 1079/925 1081/906 1115/913 1017/950
f 1062/794 1061/805 1007/813 1008/804
f 1080/941 988/924 1114/948 1018/963
f 1055/983 1053/956 996/940 997/975
f 1060/982 983/955 1101/938 1100/971
f 1078/942 1079/925 1017/950 1016/965
f 1052/793 1054/802 1094/811 1093/803
f 988/924 1077/904 1015/912 1114/948
f 1061/805 1059/823 1006/839 1007/813
f 1076/947 1078/942 1016/965 1113/974
f 1053/956 1051/899 995/896 996/940
f 982/1006 1060/982 1100/971 1005/984
f 1077/904 1075/882 1112/880 1015/912
f 1050/788 1052/793 1093/803 1092/797
f 1074/945 1076/947 1113/974 1014/969
f 1059/823 981/877 1004/879 1006/839
f 1075/882 1073/866 1013/855 1112/880
f 1051/899 1048/842 993/854 995/896
f 980/1013 982/1006 1005/984 1099/992
f 1072/930 1074/945 1014/969 1111/952
f 1047/790 1050/788 1092/797 1091/807
f 1073/866 1071/848 1110/825 1013/855
f 981/877 979/937 1098/923 1004/879
f 987/910 1072/930 1111/952 1012/921
f 1009/895 1103/853 1026/863 1024/890
f 1095/838 1096/878 1112/880 1013/855
f 999/993 998/985 1014/969 1113/974
f 1104/808 1102/798 1025/814 1119/821
f 1091/807 1092/797 1011/812 1106/819
f 1099/992 1005/984 1019/966 1116/973
f 995/896 993/854 1010/864 1108/893
f 1006/839 1004/879 1117/881 1020/856
f 1096/878 1000/922 1015/912 1112/880
f 1103/853 992/818 1105/829 1026/863
f 1097/981 999/993 1113/974 1016/965
f 994/820 1104/808 1119/821 1107/831
f 1092/797 1093/803 1109/815 1011/812
f 1005/984 1100/971 1021/951 1019/966
f 996/940 995/896 1108/893 1012/921
f 1007/813 1006/839 1020/856 1022/826
f 1000/922 1001/964 1114/948 1015/912
f 1002/967 1097/981 1016/965 1017/950
f 1093/803 1094/811 1110/825 1109/815
f 1100/971 1101/938 1118/919 1021/951
f 997/975 996/940 1012/921 1111/952
f 1008/804 1007/813 1022/826 1023/817
f 1001/964 1003/980 1018/963 1114/948
f 1098/923 1002/967 1017/950 1115/913
f 1094/811 1095/838 1013/855 1110/825
f 1101/938 1009/895 1024/890 1118/919
f 992/818 1091/807 1106/819 1105/829
f 998/985 997/975 1111/952 1014/969
f 1102/798 1008/804 1023/817 1025/814
f 993/854 994/820 1107/831 1010/864
f 1003/980 1099/992 1116/973 1018/963
f 1004/879 1098/923 1115/913 1117/881
f 1083/884 989/867 1020/856 1117/881
f 1063/897 1065/840 1103/853 1009/895
f 975/1012 974/1005 998/985 999/993
f 990/927 1084/944 1019/966 1021/951
f 984/791 1064/787 1102/798 1104/808
f 989/867 1085/849 1022/826 1020/856
f 1056/875 976/935 1000/922 1096/878
f 1086/909 990/927 1021/951 1118/919
f 1065/840 1046/800 992/818 1103/853
f 977/1011 975/1012 999/993 1097/981
f 1085/849 1087/834 1023/817 1022/826
f 1049/801 984/791 1104/808 994/820
f 1088/888 1086/909 1118/919 1024/890
f 1067/836 1066/851 1105/829 1106/819
f 976/935 1057/986 1001/964 1000/922
f 1087/834 1089/832 1025/814 1023/817
f 1069/852 1068/869 1010/864 1107/831
f 1058/988 977/1011 1097/981 1002/967
f 1090/868 1088/888 1024/890 1026/863
f 985/830 1067/836 1106/819 1011/812
f 1089/832 991/837 1119/821 1025/814
f 1068/869 1070/892 1108/893 1010/864
f 1057/986 978/1009 1003/980 1001/964
f 1066/851 1090/868 1026/863 1105/829
f 986/833 985/830 1011/812 1109/815
f 979/937 1058/988 1002/967 1098/923
f 1046/800 1047/790 1091/807 992/818
f 991/837 1069/852 1107/831 1119/821
f 1070/892 987/910 1012/921 1108/893
f 1048/842 1049/801 994/820 993/854
f 1071/848 986/833 1109/815 1110/825
f 978/1009 980/1013 1099/992 1003/980
f 1085/849 989/867 1129/871 1130/858
f 1073/866 1075/882 1033/885 1126/870
f 990/927 1086/909 1044/902 1043/917
f 1076/947 1074/945 1127/933 1034/936
f 1087/834 1085/849 1130/858 1131/846
f 1075/882 1077/904 1035/900 1033/885
f 1086/909 1088/888 1132/887 1044/902
f 1078/942 1076/947 1034/936 1036/932
f 1066/851 1067/836 1121/845 1120/860
f 1089/832 1087/834 1131/846 1045/843
f 1077/904 988/924 1037/915 1035/900
f 1068/869 1069/852 1030/861 1029/874
f 1088/888 1090/868 1133/873 1132/887
f 1079/925 1078/942 1036/932 1038/916
f 1067/836 985/830 1031/841 1121/845
f 991/837 1089/832 1045/843 1134/847
f 988/924 1080/941 1128/928 1037/915
f 1070/892 1068/869 1029/874 1122/889
f 1090/868 1066/851 1120/860 1133/873
f 1081/906 1079/925 1038/916 1039/901
f 985/830 986/833 1032/844 1031/841
f 1069/852 991/837 1134/847 1030/861
f 1080/941 1082/946 1040/934 1128/928
f 987/910 1070/892 1122/889 1123/903
f 1083/884 1081/906 1039/901 1041/886
f 986/833 1071/848 1124/857 1032/844
f 1082/946 1084/944 1042/931 1040/934
f 1072/930 987/910 1123/903 1125/920
f 989/867 1083/884 1041/886 1129/871
f 1071/848 1073/866 1126/870 1124/857
f 1027/914 1031/1081 1032/1022
f 1028/1133 1122/1276 1029/1292
f 1027/914 1124/962 1126/865
f 1028/1133 1030/1301 1134/1300
f 1027/914 1032/1022 1124/962
f 1028/1133 1036/911 1034/954
f 1027/914 1126/865 1033/799
f 1028/1133 1127/1003 1125/1071
f 1027/914 1040/785 1042/806
f 1028/1133 1029/1292 1030/1301
f 1027/914 1033/799 1035/784
f 1028/1133 1038/908 1036/911
f 1027/914 1035/784 1037/782
f 1028/1133 1041/1000 1039/949
f 1027/914 1128/783 1040/785
f 1028/1133 1039/949 1038/908
f 1027/914 1133/1091 1120/1138
f 1028/1133 1130/1189 1129/1059
f 1027/914 1044/972 1132/1026
f 1028/1133 1129/1059 1041/1000
f 1027/914 1042/806 1043/876
f 1028/1133 1045/1289 1131/1270
f 1027/914 1043/876 1044/972
f 1028/1133 1131/1270 1130/1189
f 1027/914 1132/1026 1133/1091
f 1028/1133 1134/1300 1045/1289
f 1028/1133 1125/1071 1123/1208
f 1027/914 1037/782 1128/783
f 1027/914 1120/1138 1121/1136
f 1028/1133 1034/954 1127/1003
f 973/724 974/713 975/741 1056/730
f 1059/767 982/742 980/744 981/769
f 979/768 978/743 1057/740 1058/766
f 981/769 980/744 978/743 979/768
f 977/760 976/734 1056/730 975/741
f 974/713 973/724 1054/716 1055/702
f 982/742 1059/767 1061/758 1060/735
f 1055/702 1054/716 1052/712 1053/698
f 1053/698 1052/712 1050/707 1051/696
f 1051/696 1050/707 1047/709 1048/697
f 1048/697 1047/709 1046/711 1049/699
f 1049/699 1046/711 1065/717 984/703
f 697/968 795/1046 699/1113
f 698/1355 791/1363 792/1362
f 1028/1133 1123/1208 1122/1276
f 1027/914 1121/1136 1031/1081
f 881/1321 887/1319 959/1317
f 882/1338 883/1330 884/1331
f 625/542 1139/570 1140/571 598/515
f 626/543 599/516 1138/569 1136/567
f 595/512 622/539 1141/572 1137/568
f 598/515 1140/571 1137/568 624/541
f 625/542 626/543 1136/567 1139/570
f 622/539 621/538 1135/566 1141/572
f 600/517 601/518 1138/569 599/516
f 621/538 618/535 601/518 1135/566
f 402/319 1144/575 1142/573 401/318
f 405/322 404/321 1148/579 1147/578
f 401/318 1142/573 1143/574 372/289
f 398/315 397/314 1145/576 1146/577
f 402/319 405/322 1147/578 1144/575
f 400/317 398/315 1146/577 1143/574
f 234/151 1150/581 1151/582 233/150
f 234/151 237/154 1154/585 1150/581
f 205/122 230/147 1152/583 1153/584
f 233/150 1151/582 1149/580 232/149
f 237/154 236/153 1155/586 1154/585
f 207/124 205/122 1153/584 1149/580
f 409/326 376/293 1148/579 404/321
f 397/314 394/311 376/293 1145/576
f 210/127 211/128 1155/586 236/153
f 230/147 226/143 211/128 1152/583
v -1.286557 5.822740 -0.127192
v -1.521120 5.908584 -0.041348
v -1.286557 5.920658 0.019353
v -1.521120 5.908584 0.080054
v -1.286557 5.874200 0.131514
v -1.521120 5.822740 0.165898
v -1.286557 5.762039 0.177973
v -1.521120 5.762039 0.177973
v -1.286557 5.701338 0.165899
v -1.521120 5.649878 0.131514
v -1.521120 5.615494 0.080054
v -1.286557 5.649878 -0.092808
v -1.521120 5.649878 -0.092808
v -1.286557 5.701338 -0.127192
v -1.213172 5.814764 -0.107937
v -1.594505 5.814764 -0.107937
v -1.213172 5.859463 -0.078071
v -1.213172 5.889329 -0.033372
v -1.594505 5.889329 -0.033372
v -1.213172 5.899817 0.019353
v -1.594505 5.899817 0.019353
v -1.594505 5.889329 0.072078
v -1.594505 5.859463 0.116777
v -1.213172 5.814764 0.146643
v -1.594505 5.814764 0.146643
v -1.594505 5.762039 0.157131
v -1.213172 5.709314 0.146643
v -1.594505 5.709314 0.146643
v -1.213172 5.634749 0.072079
v -1.213172 5.624261 0.019353
v -1.594505 5.664615 -0.078071
v -1.213172 5.709313 -0.107937
v -1.594505 5.709314 -0.107937
v -1.286557 5.906335 -0.124944
v -1.286557 5.966105 0.019353
v -1.521119 5.966105 0.019353
v -1.286557 5.950571 0.097446
v -1.521120 5.950572 0.097446
v -1.286557 5.840132 0.207886
v -1.521119 5.840132 0.207886
v -1.286557 5.617742 0.163650
v -1.521120 5.557972 0.019353
v -1.521120 5.617742 -0.124944
v -1.286557 5.683946 -0.169180
v -1.521120 5.683946 -0.169180
v -1.594505 5.840132 -0.169180
v -1.594505 5.762039 -0.184713
v -1.213172 5.966105 0.019353
v -1.213171 5.950572 0.097446
v -1.594505 5.950572 0.097446
v -1.213172 5.840132 0.207886
v -1.594505 5.840132 0.207886
v -1.213172 5.617742 0.163650
v -1.594505 5.573506 0.097446
v -1.213172 5.557972 0.019353
v -1.594505 5.557972 0.019353
v -1.213172 5.573506 -0.058740
v -1.594505 5.573506 -0.058740
v -1.213172 5.617742 -0.124944
v -1.594505 5.617742 -0.124944
v -1.594505 5.683946 -0.169180
v -1.246117 5.762039 0.019353
v -1.561560 5.762039 0.019353
v -1.246117 5.814764 -0.107937
v -1.561560 5.814764 -0.107937
v -1.561560 5.859463 -0.078071
v -1.561560 5.889329 -0.033372
v -1.561560 5.889329 0.072078
v -1.246117 5.859463 0.116777
v -1.561560 5.859463 0.116777
v -1.246117 5.709314 0.146643
v -1.246117 5.664615 0.116777
v -1.561560 5.664615 0.116777
v -1.246117 5.624261 0.019353
v -1.561560 5.634749 -0.033372
v -1.246117 5.664615 -0.078071
v -1.561560 5.664615 -0.078070
v -1.561560 5.709314 -0.107937
v -1.286557 5.762039 -0.139266
v -1.521120 5.822740 -0.127192
v -1.521120 5.762039 -0.139266
v -1.286557 5.874200 -0.092808
v -1.521119 5.874200 -0.092808
v -1.286557 5.908584 -0.041348
v -1.521120 5.920658 0.019353
v -1.286557 5.908584 0.080054
v -1.521119 5.874200 0.131514
v -1.286557 5.822740 0.165898
v -1.521120 5.701338 0.165898
v -1.286557 5.649878 0.131514
v -1.286557 5.615494 0.080054
v -1.286557 5.603419 0.019353
v -1.521120 5.603419 0.019353
v -1.286557 5.615494 -0.041348
v -1.521120 5.615494 -0.041348
v -1.521120 5.701338 -0.127192
v -1.213172 5.762039 -0.118425
v -1.594505 5.762039 -0.118425
v -1.594505 5.859463 -0.078071
v -1.213172 5.889329 0.072078
v -1.213172 5.859463 0.116777
v -1.213172 5.762039 0.157131
v -1.213172 5.664615 0.116777
v -1.594505 5.664615 0.116777
v -1.594505 5.634749 0.072079
v -1.594505 5.624261 0.019353
v -1.213172 5.634749 -0.033372
v -1.594505 5.634749 -0.033372
v -1.213172 5.664615 -0.078071
v -1.286557 5.762039 -0.184713
v -1.286557 5.840132 -0.169180
v -1.521120 5.840132 -0.169180
v -1.521120 5.762039 -0.184713
v -1.521119 5.906336 -0.124944
v -1.286557 5.950572 -0.058740
v -1.521120 5.950572 -0.058740
v -1.286557 5.906336 0.163650
v -1.521120 5.906336 0.163650
v -1.286557 5.762039 0.223420
v -1.521120 5.762039 0.223420
v -1.286557 5.683946 0.207886
v -1.521120 5.683946 0.207886
v -1.521120 5.617742 0.163650
v -1.286557 5.573506 0.097446
v -1.521120 5.573506 0.097446
v -1.286557 5.557972 0.019353
v -1.286557 5.573506 -0.058740
v -1.521120 5.573506 -0.058740
v -1.286557 5.617742 -0.124944
v -1.213172 5.762039 -0.184713
v -1.213172 5.840132 -0.169180
v -1.213172 5.906335 -0.124944
v -1.594505 5.906336 -0.124944
v -1.213172 5.950572 -0.058740
v -1.594505 5.950572 -0.058740
v -1.594505 5.966105 0.019353
v -1.213172 5.906336 0.163650
v -1.594505 5.906336 0.163650
v -1.213172 5.762039 0.223420
v -1.594505 5.762039 0.223420
v -1.213172 5.683946 0.207886
v -1.594505 5.683946 0.207886
v -1.594505 5.617742 0.163650
v -1.213172 5.573506 0.097446
v -1.213172 5.683946 -0.169180
v -1.246117 5.762039 -0.118425
v -1.561560 5.762039 -0.118425
v -1.246117 5.859462 -0.078071
v -1.246117 5.889329 -0.033372
v -1.246117 5.899817 0.019353
v -1.561560 5.899817 0.019353
v -1.246117 5.889329 0.072078
v -1.246117 5.814764 0.146643
v -1.561559 5.814764 0.146643
v -1.246117 5.762039 0.157131
v -1.561559 5.762039 0.157131
v -1.561559 5.709314 0.146643
v -1.246117 5.634748 0.072079
v -1.561560 5.634749 0.072079
v -1.561560 5.624261 0.019353
v -1.246117 5.634749 -0.033372
v -1.246117 5.709313 -0.107937
v -1.223419 3.585327 0.020991
v -1.223419 3.500031 0.106287
v -1.584257 3.488034 0.166600
v -1.584257 3.500032 0.226913
v -1.223419 3.500031 0.226913
v -1.584257 3.585327 0.312209
v -1.584257 3.645640 0.324206
v -1.223419 3.645640 0.324206
v -1.584257 3.705953 0.312209
v -1.223419 3.705953 0.312209
v -1.223419 3.791249 0.226913
v -1.584257 3.803246 0.166600
v -1.223419 3.803246 0.166600
v -1.223419 3.791249 0.106287
v -1.223419 3.757084 0.055156
v -1.584257 3.645640 0.008994
v -1.223419 3.645640 0.008994
v -1.185732 3.556309 -0.049065
v -1.185732 3.429975 0.255931
v -1.621944 3.480577 0.331663
v -1.621944 3.556309 0.382265
v -1.185732 3.556309 0.382265
v -1.621944 3.645640 0.400034
v -1.185732 3.645640 0.400034
v -1.621944 3.810703 0.331663
v -1.185732 3.810703 0.331663
v -1.621944 3.879074 0.166600
v -1.621944 3.861305 0.077269
v -1.185732 3.861305 0.077269
v -1.621944 3.810703 0.001537
v -1.185732 3.810703 0.001537
v -1.185732 3.734972 -0.049065
v -1.185732 3.645640 -0.066834
v -1.269679 3.480578 0.001537
v -1.537998 3.429975 0.077269
v -1.269679 3.429975 0.077269
v -1.269679 3.412206 0.166600
v -1.537998 3.429975 0.255931
v -1.269679 3.429975 0.255931
v -1.537998 3.480578 0.331663
v -1.537998 3.556309 0.382265
v -1.269679 3.556309 0.382265
v -1.537998 3.645640 0.400034
v -1.269679 3.645640 0.400034
v -1.537998 3.810703 0.331663
v -1.269679 3.810703 0.331663
v -1.537998 3.861305 0.077269
v -1.269679 3.861305 0.077269
v -1.537997 3.810703 0.001537
v -1.537998 3.645640 -0.066834
v -1.537998 3.734972 -0.049065
v -1.269679 3.734972 -0.049065
v -1.269679 3.645640 -0.066834
v -1.185732 3.534196 0.055156
v -1.621944 3.500031 0.106287
v -1.185732 3.500031 0.106287
v -1.621944 3.488034 0.166600
v -1.621944 3.500032 0.226913
v -1.621944 3.534196 0.278044
v -1.185732 3.534197 0.278044
v -1.185732 3.645640 0.324206
v -1.185732 3.757084 0.278044
v -1.185732 3.791249 0.226913
v -1.621944 3.757084 0.055156
v -1.621944 3.645640 0.008994
v -1.185732 3.645640 0.008994
v -1.537998 3.576204 -0.001035
v -1.537998 3.478006 0.097163
v -1.269679 3.478006 0.097163
v -1.537998 3.464194 0.166600
v -1.269679 3.464193 0.166600
v -1.269679 3.478005 0.236037
v -1.269679 3.517338 0.294902
v -1.537998 3.576204 0.334235
v -1.269679 3.715077 0.334235
v -1.537997 3.773942 0.294902
v -1.269679 3.813275 0.236037
v -1.537998 3.827087 0.166600
v -1.269679 3.813275 0.097163
v -1.537997 3.773943 0.038298
v -1.269679 3.773943 0.038298
v -1.537998 3.645640 -0.014847
v -1.537998 3.715077 -0.001035
v -1.269679 3.645640 -0.014847
v -1.584257 3.585327 0.020991
v -1.584257 3.534196 0.055156
v -1.223419 3.534196 0.055156
v -1.584257 3.500031 0.106287
v -1.223419 3.488034 0.166600
v -1.584257 3.534196 0.278044
v -1.223419 3.534196 0.278044
v -1.223419 3.585327 0.312209
v -1.584257 3.757084 0.278044
v -1.223419 3.757084 0.278044
v -1.584257 3.791249 0.226913
v -1.584257 3.791249 0.106287
v -1.584257 3.757084 0.055156
v -1.584257 3.705953 0.020991
v -1.223419 3.705953 0.020991
v -1.584257 3.645640 0.166600
v -1.223419 3.645640 0.166600
v -1.621944 3.556309 -0.049065
v -1.621944 3.480577 0.001537
v -1.185732 3.480577 0.001537
v -1.621944 3.429975 0.077269
v -1.185732 3.429975 0.077269
v -1.621944 3.412206 0.166600
v -1.185732 3.412206 0.166600
v -1.621944 3.429975 0.255932
v -1.185732 3.480577 0.331663
v -1.621944 3.734972 0.382265
v -1.185732 3.734972 0.382265
v -1.621944 3.861305 0.255931
v -1.185732 3.861305 0.255931
v -1.185732 3.879074 0.166600
v -1.621944 3.645640 -0.066834
v -1.621944 3.734972 -0.049065
v -1.537998 3.556309 -0.049065
v -1.269679 3.556309 -0.049065
v -1.537998 3.480577 0.001537
v -1.537998 3.412206 0.166600
v -1.269679 3.480577 0.331663
v -1.537997 3.734972 0.382265
v -1.269679 3.734972 0.382265
v -1.537998 3.861305 0.255931
v -1.269679 3.861305 0.255931
v -1.537997 3.879074 0.166600
v -1.269679 3.879074 0.166600
v -1.269679 3.810703 0.001537
v -1.621944 3.585327 0.020991
v -1.185732 3.585327 0.020991
v -1.621944 3.534196 0.055156
v -1.185732 3.488035 0.166600
v -1.185732 3.500031 0.226913
v -1.621944 3.585327 0.312209
v -1.185732 3.585327 0.312209
v -1.621944 3.645640 0.324206
v -1.621944 3.705953 0.312209
v -1.185732 3.705953 0.312209
v -1.621944 3.757084 0.278044
v -1.621944 3.791249 0.226913
v -1.621944 3.803246 0.166600
v -1.185732 3.803246 0.166600
v -1.621944 3.791249 0.106287
v -1.185732 3.791249 0.106287
v -1.185732 3.757085 0.055156
v -1.621944 3.705953 0.020991
v -1.185732 3.705953 0.020991
v -1.269679 3.576204 -0.001035
v -1.537998 3.517338 0.038298
v -1.269679 3.517338 0.038298
v -1.537998 3.478006 0.236037
v -1.537998 3.517338 0.294902
v -1.269679 3.576204 0.334235
v -1.537998 3.645640 0.348047
v -1.269679 3.645640 0.348047
v -1.537998 3.715077 0.334235
v -1.269679 3.773942 0.294902
v -1.537998 3.813275 0.236037
v -1.269679 3.827087 0.166600
v -1.537998 3.813275 0.097163
v -1.269679 3.715077 -0.001035
v -1.269679 4.738694 -0.001035
v -1.537998 4.836893 0.097163
v -1.269679 4.850705 0.166600
v -1.537998 4.836893 0.236037
v -1.269679 4.797560 0.294902
v -1.537998 4.738695 0.334235
v -1.269679 4.669258 0.348047
v -1.537998 4.669258 0.348047
v -1.269679 4.599821 0.334235
v -1.537998 4.540956 0.294902
v -1.537998 4.501623 0.236037
v -1.269679 4.540956 0.038298
v -1.537998 4.540956 0.038298
v -1.269679 4.599821 -0.001035
v -1.185732 4.729571 0.020991
v -1.621944 4.729571 0.020991
v -1.185732 4.780702 0.055156
v -1.185732 4.814867 0.106287
v -1.621944 4.814867 0.106287
v -1.185732 4.826864 0.166600
v -1.621944 4.826864 0.166600
v -1.621944 4.814867 0.226913
v -1.621944 4.780702 0.278044
v -1.185732 4.729571 0.312209
v -1.621944 4.729571 0.312209
v -1.621944 4.669258 0.324206
v -1.185732 4.608945 0.312209
v -1.621944 4.608945 0.312209
v -1.185732 4.523649 0.226913
v -1.185732 4.511652 0.166600
v -1.621944 4.557814 0.055156
v -1.185732 4.608945 0.020991
v -1.621944 4.608945 0.020991
v -1.269679 4.834321 0.001537
v -1.269679 4.902692 0.166600
v -1.537997 4.902692 0.166600
v -1.269679 4.884923 0.255931
v -1.537998 4.884923 0.255931
v -1.269679 4.758589 0.382265
v -1.537997 4.758589 0.382265
v -1.269679 4.504195 0.331663
v -1.537998 4.435824 0.166600
v -1.537998 4.504195 0.001537
v -1.269679 4.579927 -0.049065
v -1.537998 4.579927 -0.049065
v -1.621944 4.758589 -0.049065
v -1.621944 4.669258 -0.066834
v -1.185732 4.902692 0.166600
v -1.185732 4.884923 0.255931
v -1.621944 4.884923 0.255931
v -1.185732 4.758589 0.382265
v -1.621944 4.758589 0.382265
v -1.185732 4.504195 0.331663
v -1.621944 4.453593 0.255931
v -1.185732 4.435824 0.166600
v -1.621944 4.435824 0.166600
v -1.185732 4.453593 0.077269
v -1.621944 4.453593 0.077269
v -1.185732 4.504195 0.001537
v -1.621944 4.504195 0.001537
v -1.621944 4.579927 -0.049065
v -1.223419 4.669258 0.166600
v -1.584257 4.669258 0.166600
v -1.223419 4.729571 0.020991
v -1.584257 4.729571 0.020991
v -1.584257 4.780702 0.055156
v -1.584257 4.814867 0.106287
v -1.584257 4.814867 0.226913
v -1.223419 4.780702 0.278044
v -1.584257 4.780702 0.278044
v -1.223419 4.608945 0.312209
v -1.223419 4.557814 0.278044
v -1.584257 4.557814 0.278044
v -1.223419 4.511652 0.166600
v -1.584257 4.523649 0.106287
v -1.223419 4.557814 0.055156
v -1.584257 4.557814 0.055156
v -1.584257 4.608945 0.020991
v -1.269679 4.669258 -0.014847
v -1.537998 4.738695 -0.001035
v -1.537998 4.669258 -0.014847
v -1.269679 4.797560 0.038298
v -1.537997 4.797560 0.038298
v -1.269679 4.836893 0.097163
v -1.537998 4.850705 0.166600
v -1.269679 4.836893 0.236037
v -1.537997 4.797560 0.294902
v -1.269679 4.738695 0.334235
v -1.537998 4.599821 0.334235
v -1.269679 4.540956 0.294902
v -1.269679 4.501623 0.236037
v -1.269679 4.487811 0.166600
v -1.537998 4.487811 0.166600
v -1.269679 4.501623 0.097163
v -1.537998 4.501623 0.097163
v -1.537998 4.599821 -0.001035
v -1.185732 4.669258 0.008994
v -1.621944 4.669258 0.008994
v -1.621944 4.780702 0.055156
v -1.185732 4.814867 0.226913
v -1.185732 4.780702 0.278044
v -1.185732 4.669258 0.324206
v -1.185732 4.557814 0.278044
v -1.621944 4.557814 0.278044
v -1.621944 4.523649 0.226913
v -1.621944 4.511652 0.166600
v -1.185732 4.523649 0.106287
v -1.621944 4.523649 0.106287
v -1.185732 4.557814 0.055156
v -1.269679 4.669258 -0.066834
v -1.269679 4.758589 -0.049065
v -1.537998 4.758589 -0.049065
v -1.537998 4.669258 -0.066834
v -1.537997 4.834321 0.001537
v -1.269679 4.884923 0.077268
v -1.537998 4.884923 0.077269
v -1.269679 4.834321 0.331663
v -1.537998 4.834321 0.331663
v -1.269679 4.669258 0.400034
v -1.537998 4.669258 0.400034
v -1.269679 4.579927 0.382265
v -1.537998 4.579927 0.382265
v -1.537998 4.504195 0.331663
v -1.269679 4.453593 0.255931
v -1.537998 4.453593 0.255931
v -1.269679 4.435824 0.166600
v -1.269679 4.453593 0.077269
v -1.537998 4.453593 0.077269
v -1.269679 4.504195 0.001537
v -1.185732 4.669258 -0.066834
v -1.185732 4.758589 -0.049065
v -1.185732 4.834321 0.001537
v -1.621944 4.834321 0.001537
v -1.185732 4.884923 0.077268
v -1.621944 4.884923 0.077269
v -1.621944 4.902692 0.166600
v -1.185732 4.834321 0.331663
v -1.621944 4.834321 0.331663
v -1.185732 4.669258 0.400034
v -1.621944 4.669258 0.400034
v -1.185732 4.579926 0.382265
v -1.621944 4.579927 0.382265
v -1.621944 4.504195 0.331663
v -1.185732 4.453593 0.255931
v -1.185732 4.579927 -0.049065
v -1.223419 4.669258 0.008994
v -1.584257 4.669258 0.008994
v -1.223419 4.780702 0.055156
v -1.223419 4.814867 0.106287
v -1.223419 4.826864 0.166600
v -1.584257 4.826864 0.166600
v -1.223419 4.814867 0.226913
v -1.223419 4.729571 0.312209
v -1.584257 4.729571 0.312209
v -1.223419 4.669258 0.324206
v -1.584257 4.669258 0.324206
v -1.584257 4.608945 0.312209
v -1.223419 4.523649 0.226913
v -1.584257 4.523649 0.226913
v -1.584257 4.511652 0.166600
v -1.223419 4.523649 0.106287
v -1.223419 4.608945 0.020991
vt 0.580710 0.542937
vt 0.580710 0.542937
vt 0.580710 0.542937
vt 0.564882 0.543341
vt 0.564882 0.543341
vt 0.564882 0.543341
vt 0.597068 0.546453
vt 0.597068 0.546453
vt 0.597068 0.546453
vt 0.551777 0.551623
vt 0.551777 0.551623
vt 0.551777 0.551623
vt 0.609370 0.558409
vt 0.609370 0.558409
vt 0.609370 0.558409
vt 0.541169 0.562433
vt 0.541169 0.562433
vt 0.541169 0.562433
vt 0.615813 0.573798
vt 0.615813 0.573798
vt 0.615813 0.573798
vt 0.576477 0.576646
vt 0.576477 0.576646
vt 0.576477 0.576646
vt 0.573930 0.576717
vt 0.573930 0.576717
vt 0.573930 0.576717
vt 0.537476 0.577243
vt 0.537476 0.577243
vt 0.537476 0.577243
vt 0.578928 0.577666
vt 0.578928 0.577666
vt 0.578928 0.577666
vt 0.571617 0.577799
vt 0.571617 0.577799
vt 0.571617 0.577799
vt 0.581118 0.579426
vt 0.581118 0.579426
vt 0.581118 0.579426
vt 0.570035 0.579760
vt 0.570035 0.579760
vt 0.570035 0.579760
vt 0.582508 0.581866
vt 0.582508 0.581866
vt 0.582508 0.581866
vt 0.569136 0.582343
vt 0.569136 0.582343
vt 0.569136 0.582343
vt 0.582862 0.584607
vt 0.582862 0.584607
vt 0.582862 0.584607
vt 0.569479 0.585087
vt 0.569479 0.585087
vt 0.569479 0.585087
vt 0.582096 0.587177
vt 0.582096 0.587177
vt 0.582096 0.587177
vt 0.570858 0.587544
vt 0.570858 0.587544
vt 0.570858 0.587544
vt 0.580505 0.589085
vt 0.580505 0.589085
vt 0.580505 0.589085
vt 0.573044 0.589333
vt 0.573044 0.589333
vt 0.573044 0.589333
vt 0.615813 0.589746
vt 0.615813 0.589746
vt 0.615813 0.589746
vt 0.578263 0.590113
vt 0.578263 0.590113
vt 0.578263 0.590113
vt 0.575649 0.590246
vt 0.575649 0.590246
vt 0.575649 0.590246
vt 0.537361 0.592571
vt 0.537361 0.592571
vt 0.537361 0.592571
vt 0.612071 0.605208
vt 0.612071 0.605208
vt 0.612071 0.605208
vt 0.543404 0.607422
vt 0.543404 0.607422
vt 0.543404 0.607422
vt 0.600959 0.616493
vt 0.600959 0.616493
vt 0.600959 0.616493
vt 0.555063 0.619055
vt 0.555063 0.619055
vt 0.555063 0.619055
vt 0.587171 0.625119
vt 0.587171 0.625119
vt 0.587171 0.625119
vt 0.570474 0.625303
vt 0.570474 0.625303
vt 0.570474 0.625303
vt 0.587406 0.769456
vt 0.587406 0.769456
vt 0.587406 0.769456
vt 0.572371 0.770661
vt 0.572371 0.770661
vt 0.572371 0.770661
vt 0.600828 0.773468
vt 0.600828 0.773468
vt 0.600828 0.773468
vt 0.573917 0.774286
vt 0.573917 0.774286
vt 0.573917 0.774286
vt 0.587598 0.774575
vt 0.587598 0.774575
vt 0.587598 0.774575
vt 0.557251 0.778327
vt 0.557251 0.778327
vt 0.557251 0.778327
vt 0.586661 0.778420
vt 0.586661 0.778420
vt 0.586661 0.778420
vt 0.579455 0.779464
vt 0.579455 0.779464
vt 0.579455 0.779464
vt 0.561278 0.779530
vt 0.561278 0.779530
vt 0.561278 0.779530
vt 0.575713 0.780274
vt 0.575713 0.780274
vt 0.575713 0.780274
vt 0.600237 0.780352
vt 0.600237 0.780352
vt 0.600237 0.780352
vt 0.597367 0.780755
vt 0.597367 0.780755
vt 0.597367 0.780755
vt 0.611099 0.781319
vt 0.611099 0.781319
vt 0.611099 0.781319
vt 0.594902 0.781938
vt 0.594902 0.781938
vt 0.594902 0.781938
vt 0.564964 0.782954
vt 0.564964 0.782954
vt 0.564964 0.782954
vt 0.569219 0.783825
vt 0.569219 0.783825
vt 0.569219 0.783825
vt 0.583733 0.784131
vt 0.583733 0.784131
vt 0.583733 0.784131
vt 0.606343 0.786572
vt 0.606343 0.786572
vt 0.606343 0.786572
vt 0.566101 0.786665
vt 0.566101 0.786665
vt 0.566101 0.786665
vt 0.586565 0.786860
vt 0.586565 0.786860
vt 0.586565 0.786860
vt 0.578882 0.788537
vt 0.578882 0.788537
vt 0.578882 0.788537
vt 0.594135 0.788710
vt 0.594135 0.788710
vt 0.594135 0.788710
vt 0.579726 0.788846
vt 0.579726 0.788846
vt 0.579726 0.788846
vt 0.555809 0.789388
vt 0.555809 0.789388
vt 0.555809 0.789388
vt 0.551604 0.789507
vt 0.551604 0.789507
vt 0.551604 0.789507
vt 0.597142 0.790260
vt 0.597142 0.790260
vt 0.597142 0.790260
vt 0.609443 0.790533
vt 0.609443 0.790533
vt 0.609443 0.790533
vt 0.609911 0.790737
vt 0.609911 0.790737
vt 0.609911 0.790737
vt 0.619963 0.790770
vt 0.619963 0.790770
vt 0.619963 0.790770
vt 0.568260 0.790846
vt 0.568260 0.790846
vt 0.568260 0.790846
vt 0.553769 0.790860
vt 0.553769 0.790860
vt 0.553769 0.790860
vt 0.590975 0.791538
vt 0.590975 0.791538
vt 0.590975 0.791538
vt 0.600812 0.792689
vt 0.600812 0.792689
vt 0.600812 0.792689
vt 0.572877 0.792979
vt 0.572877 0.792979
vt 0.572877 0.792979
vt 0.586922 0.793383
vt 0.586922 0.793383
vt 0.586922 0.793383
vt 0.550306 0.793893
vt 0.550306 0.793893
vt 0.550306 0.793893
vt 0.581732 0.794330
vt 0.581732 0.794330
vt 0.581732 0.794330
vt 0.592044 0.794521
vt 0.592044 0.794521
vt 0.592044 0.794521
vt 0.612955 0.794948
vt 0.612955 0.794948
vt 0.612955 0.794948
vt 0.586903 0.796237
vt 0.586903 0.796237
vt 0.586903 0.796237
vt 0.558629 0.796567
vt 0.558629 0.796567
vt 0.558629 0.796567
vt 0.560263 0.796693
vt 0.560263 0.796693
vt 0.560263 0.796693
vt 0.591056 0.797009
vt 0.591056 0.797009
vt 0.591056 0.797009
vt 0.582902 0.797083
vt 0.582902 0.797083
vt 0.582902 0.797083
vt 0.596603 0.797274
vt 0.596603 0.797274
vt 0.596603 0.797274
vt 0.577716 0.797489
vt 0.577716 0.797489
vt 0.577716 0.797489
vt 0.579427 0.798010
vt 0.579427 0.798010
vt 0.579427 0.798010
vt 0.600189 0.798431
vt 0.600189 0.798431
vt 0.600189 0.798431
vt 0.605591 0.799048
vt 0.605591 0.799048
vt 0.605591 0.799048
vt 0.571424 0.799063
vt 0.571424 0.799063
vt 0.571424 0.799063
vt 0.579671 0.799294
vt 0.579671 0.799294
vt 0.579671 0.799294
vt 0.568855 0.799313
vt 0.568855 0.799313
vt 0.568855 0.799313
vt 0.594648 0.799409
vt 0.594648 0.799409
vt 0.594648 0.799409
vt 0.587273 0.799621
vt 0.587273 0.799621
vt 0.587273 0.799621
vt 0.545546 0.799973
vt 0.545546 0.799973
vt 0.545546 0.799973
vt 0.544082 0.800683
vt 0.544082 0.800683
vt 0.544082 0.800683
vt 0.607405 0.801278
vt 0.607405 0.801278
vt 0.607405 0.801278
vt 0.599843 0.801628
vt 0.599843 0.801628
vt 0.599843 0.801628
vt 0.575006 0.801747
vt 0.575006 0.801747
vt 0.575006 0.801747
vt 0.577705 0.802698
vt 0.577705 0.802698
vt 0.577705 0.802698
vt 0.546369 0.802698
vt 0.546369 0.802698
vt 0.546369 0.802698
vt 0.597253 0.802943
vt 0.597253 0.802943
vt 0.597253 0.802943
vt 0.564240 0.803108
vt 0.564240 0.803108
vt 0.564240 0.803108
vt 0.625375 0.803938
vt 0.625375 0.803938
vt 0.625375 0.803938
vt 0.615146 0.804149
vt 0.615146 0.804149
vt 0.615146 0.804149
vt 0.578780 0.804388
vt 0.578780 0.804388
vt 0.578780 0.804388
vt 0.593527 0.804569
vt 0.593527 0.804569
vt 0.593527 0.804569
vt 0.551431 0.805224
vt 0.551431 0.805224
vt 0.551431 0.805224
vt 0.573275 0.805277
vt 0.573275 0.805277
vt 0.573275 0.805277
vt 0.616364 0.805489
vt 0.616364 0.805489
vt 0.616364 0.805489
vt 0.584054 0.805789
vt 0.584054 0.805789
vt 0.584054 0.805789
vt 0.615765 0.806257
vt 0.615765 0.806257
vt 0.615765 0.806257
vt 0.607753 0.806604
vt 0.607753 0.806604
vt 0.607753 0.806604
vt 0.601337 0.806736
vt 0.601337 0.806736
vt 0.601337 0.806736
vt 0.577322 0.806767
vt 0.577322 0.806767
vt 0.577322 0.806767
vt 0.598447 0.806994
vt 0.598447 0.806994
vt 0.598447 0.806994
vt 0.574222 0.807017
vt 0.574222 0.807017
vt 0.574222 0.807017
vt 0.567664 0.807167
vt 0.567664 0.807167
vt 0.567664 0.807167
vt 0.578643 0.807547
vt 0.578643 0.807547
vt 0.578643 0.807547
vt 0.559079 0.807941
vt 0.559079 0.807941
vt 0.559079 0.807941
vt 0.568490 0.808061
vt 0.568490 0.808061
vt 0.568490 0.808061
vt 0.574250 0.808107
vt 0.574250 0.808107
vt 0.574250 0.808107
vt 0.582752 0.808439
vt 0.582752 0.808439
vt 0.582752 0.808439
vt 0.605692 0.808657
vt 0.605692 0.808657
vt 0.605692 0.808657
vt 0.588118 0.809086
vt 0.588118 0.809086
vt 0.588118 0.809086
vt 0.549895 0.809357
vt 0.549895 0.809357
vt 0.549895 0.809357
vt 0.559104 0.809645
vt 0.559104 0.809645
vt 0.559104 0.809645
vt 0.570346 0.810206
vt 0.570346 0.810206
vt 0.570346 0.810206
vt 0.580758 0.810623
vt 0.580758 0.810623
vt 0.580758 0.810623
vt 0.585999 0.810882
vt 0.585999 0.810882
vt 0.585999 0.810882
vt 0.578404 0.810926
vt 0.578404 0.810926
vt 0.578404 0.810926
vt 0.597944 0.810991
vt 0.597944 0.810991
vt 0.597944 0.810991
vt 0.597140 0.811537
vt 0.597140 0.811537
vt 0.597140 0.811537
vt 0.600821 0.811988
vt 0.600821 0.811988
vt 0.600821 0.811988
vt 0.575780 0.812221
vt 0.575780 0.812221
vt 0.575780 0.812221
vt 0.564911 0.812379
vt 0.564911 0.812379
vt 0.564911 0.812379
vt 0.590827 0.813636
vt 0.590827 0.813636
vt 0.590827 0.813636
vt 0.567729 0.813826
vt 0.567729 0.813826
vt 0.567729 0.813826
vt 0.539992 0.813968
vt 0.539992 0.813968
vt 0.539992 0.813968
vt 0.606817 0.814346
vt 0.606817 0.814346
vt 0.606817 0.814346
vt 0.595916 0.814423
vt 0.595916 0.814423
vt 0.595916 0.814423
vt 0.580930 0.814447
vt 0.580930 0.814447
vt 0.580930 0.814447
vt 0.587859 0.814474
vt 0.587859 0.814474
vt 0.587859 0.814474
vt 0.538263 0.814640
vt 0.538263 0.814640
vt 0.538263 0.814640
vt 0.570158 0.814756
vt 0.570158 0.814756
vt 0.570158 0.814756
vt 0.612960 0.815508
vt 0.612960 0.815508
vt 0.612960 0.815508
vt 0.547660 0.816341
vt 0.547660 0.816341
vt 0.547660 0.816341
vt 0.597985 0.816397
vt 0.597985 0.816397
vt 0.597985 0.816397
vt 0.578976 0.816576
vt 0.578976 0.816576
vt 0.578976 0.816576
vt 0.592646 0.816766
vt 0.592646 0.816766
vt 0.592646 0.816766
vt 0.615401 0.816768
vt 0.615401 0.816768
vt 0.615401 0.816768
vt 0.584555 0.816778
vt 0.584555 0.816778
vt 0.584555 0.816778
vt 0.546369 0.817097
vt 0.546369 0.817097
vt 0.546369 0.817097
vt 0.556924 0.817376
vt 0.556924 0.817376
vt 0.556924 0.817376
vt 0.588648 0.817665
vt 0.588648 0.817665
vt 0.588648 0.817665
vt 0.563385 0.817740
vt 0.563385 0.817740
vt 0.563385 0.817740
vt 0.566367 0.818031
vt 0.566367 0.818031
vt 0.566367 0.818031
vt 0.615146 0.818548
vt 0.615146 0.818548
vt 0.615146 0.818548
vt 0.588208 0.818663
vt 0.588208 0.818663
vt 0.588208 0.818663
vt 0.562307 0.818814
vt 0.562307 0.818814
vt 0.562307 0.818814
vt 0.591120 0.819051
vt 0.591120 0.819051
vt 0.591120 0.819051
vt 0.625375 0.819357
vt 0.625375 0.819357
vt 0.625375 0.819357
vt 0.593760 0.819383
vt 0.593760 0.819383
vt 0.593760 0.819383
vt 0.583524 0.819419
vt 0.583524 0.819419
vt 0.583524 0.819419
vt 0.597686 0.819510
vt 0.597686 0.819510
vt 0.597686 0.819510
vt 0.606566 0.820159
vt 0.606566 0.820159
vt 0.606566 0.820159
vt 0.588674 0.820332
vt 0.588674 0.820332
vt 0.588674 0.820332
vt 0.602846 0.820809
vt 0.602846 0.820809
vt 0.602846 0.820809
vt 0.574817 0.821021
vt 0.574817 0.821021
vt 0.574817 0.821021
vt 0.615765 0.821838
vt 0.615765 0.821838
vt 0.615765 0.821838
vt 0.566613 0.822224
vt 0.566613 0.822224
vt 0.566613 0.822224
vt 0.576476 0.822376
vt 0.576476 0.822376
vt 0.576476 0.822376
vt 0.586889 0.822805
vt 0.586889 0.822805
vt 0.586889 0.822805
vt 0.555047 0.823068
vt 0.555047 0.823068
vt 0.555047 0.823068
vt 0.563826 0.823101
vt 0.563826 0.823101
vt 0.563826 0.823101
vt 0.589337 0.824158
vt 0.589337 0.824158
vt 0.589337 0.824158
vt 0.557392 0.825233
vt 0.557392 0.825233
vt 0.557392 0.825233
vt 0.581406 0.825290
vt 0.581406 0.825290
vt 0.581406 0.825290
vt 0.596729 0.825450
vt 0.596729 0.825450
vt 0.596729 0.825450
vt 0.568524 0.825812
vt 0.568524 0.825812
vt 0.568524 0.825812
vt 0.583920 0.826144
vt 0.583920 0.826144
vt 0.583920 0.826144
vt 0.589028 0.826835
vt 0.589028 0.826835
vt 0.589028 0.826835
vt 0.609702 0.826907
vt 0.609702 0.826907
vt 0.609702 0.826907
vt 0.595108 0.827112
vt 0.595108 0.827112
vt 0.595108 0.827112
vt 0.569205 0.827554
vt 0.569205 0.827554
vt 0.569205 0.827554
vt 0.566367 0.827751
vt 0.566367 0.827751
vt 0.566367 0.827751
vt 0.548679 0.828091
vt 0.548679 0.828091
vt 0.548679 0.828091
vt 0.571770 0.828280
vt 0.571770 0.828280
vt 0.571770 0.828280
vt 0.580071 0.828481
vt 0.580071 0.828481
vt 0.580071 0.828481
vt 0.585944 0.828562
vt 0.585944 0.828562
vt 0.585944 0.828562
vt 0.539992 0.829244
vt 0.539992 0.829244
vt 0.539992 0.829244
vt 0.575837 0.829286
vt 0.575837 0.829286
vt 0.575837 0.829286
vt 0.551605 0.830509
vt 0.551605 0.830509
vt 0.551605 0.830509
vt 0.538446 0.830615
vt 0.538446 0.830615
vt 0.538446 0.830615
vt 0.612960 0.830783
vt 0.612960 0.830783
vt 0.612960 0.830783
vt 0.570591 0.830892
vt 0.570591 0.830892
vt 0.570591 0.830892
vt 0.602965 0.831037
vt 0.602965 0.831037
vt 0.602965 0.831037
vt 0.581048 0.831251
vt 0.581048 0.831251
vt 0.581048 0.831251
vt 0.609911 0.831739
vt 0.609911 0.831739
vt 0.609911 0.831739
vt 0.575736 0.832025
vt 0.575736 0.832025
vt 0.575736 0.832025
vt 0.561018 0.832373
vt 0.561018 0.832373
vt 0.561018 0.832373
vt 0.564334 0.833004
vt 0.564334 0.833004
vt 0.564334 0.833004
vt 0.589939 0.833287
vt 0.589939 0.833287
vt 0.589939 0.833287
vt 0.578522 0.833341
vt 0.578522 0.833341
vt 0.578522 0.833341
vt 0.600252 0.833384
vt 0.600252 0.833384
vt 0.600252 0.833384
vt 0.618691 0.835051
vt 0.618691 0.835051
vt 0.618691 0.835051
vt 0.610229 0.835486
vt 0.610229 0.835486
vt 0.610229 0.835486
vt 0.589378 0.835503
vt 0.589378 0.835503
vt 0.589378 0.835503
vt 0.567556 0.836764
vt 0.567556 0.836764
vt 0.567556 0.836764
vt 0.582973 0.837220
vt 0.582973 0.837220
vt 0.582973 0.837220
vt 0.554318 0.838286
vt 0.554318 0.838286
vt 0.554318 0.838286
vt 0.575173 0.838775
vt 0.575173 0.838775
vt 0.575173 0.838775
vt 0.595872 0.839778
vt 0.595872 0.839778
vt 0.595872 0.839778
vt 0.575114 0.840849
vt 0.575114 0.840849
vt 0.575114 0.840849
vt 0.561278 0.840895
vt 0.561278 0.840895
vt 0.561278 0.840895
vt 0.600237 0.841717
vt 0.600237 0.841717
vt 0.600237 0.841717
vt 0.603777 0.842920
vt 0.603777 0.842920
vt 0.603777 0.842920
vt 0.545546 0.843474
vt 0.545546 0.843474
vt 0.545546 0.843474
vt 0.588806 0.844526
vt 0.588806 0.844526
vt 0.588806 0.844526
vt 0.607405 0.844779
vt 0.607405 0.844779
vt 0.607405 0.844779
vt 0.563695 0.845214
vt 0.563695 0.845214
vt 0.563695 0.845214
vt 0.600762 0.845423
vt 0.600762 0.845423
vt 0.600762 0.845423
vt 0.586169 0.845641
vt 0.586169 0.845641
vt 0.586169 0.845641
vt 0.545079 0.846394
vt 0.545079 0.846394
vt 0.545079 0.846394
vt 0.573918 0.846671
vt 0.573918 0.846671
vt 0.573918 0.846671
vt 0.587598 0.846960
vt 0.587598 0.846960
vt 0.587598 0.846960
vt 0.574930 0.847591
vt 0.574930 0.847591
vt 0.574930 0.847591
vt 0.589548 0.853430
vt 0.589548 0.853430
vt 0.589548 0.853430
vt 0.555809 0.854492
vt 0.555809 0.854492
vt 0.555809 0.854492
vt 0.559902 0.854857
vt 0.559902 0.854857
vt 0.559902 0.854857
vt 0.597142 0.855364
vt 0.597142 0.855364
vt 0.597142 0.855364
vt 0.575293 0.856921
vt 0.575293 0.856921
vt 0.575293 0.856921
vt 0.569219 0.860620
vt 0.569219 0.860620
vt 0.569219 0.860620
vt 0.583733 0.860927
vt 0.583733 0.860927
vt 0.583733 0.860927
f 1159/1405 1241/1381 1158/1387 1240/1411
f 1163/1408 1162/1384 1243/1378 1161/1399
f 1248/1432 1247/1456 1246/1450 1166/1426
f 1235/1429 1156/1453 1234/1459 1236/1435
f 1168/1447 1167/1468 1249/1462 1250/1438
f 1166/1426 1246/1450 1245/1402 1165/1420
f 1241/2032 1160/2044 1272/2029 1192/2017
f 1184/1756 1258/1816 1208/1810 1299/1729
f 1177/1840 1176/1795 1306/1774 1223/1804
f 1184/1756 1185/1711 1229/1732 1313/1762
f 1168/1471 1250/1477 1283/1504 1198/1489
f 1183/1750 1259/1690 1298/1687 1297/1768
f 1159/1990 1240/1954 1191/1903 1193/1960
f 1249/1513 1167/1492 1284/1537 1282/1558
f 1258/1816 1182/1873 1296/1879 1208/1810
f 1158/2014 1241/2032 1192/2017 1190/1987
f 1181/1792 1183/1750 1297/1768 1295/1852
f 1250/1477 1248/1507 1197/1522 1283/1504
f 1182/1873 1257/1906 1294/1951 1296/1879
f 1240/1954 1157/1870 1271/1828 1191/1903
f 1247/1561 1249/1513 1282/1558 1281/1591
f 1180/1837 1181/1792 1295/1852 1207/1885
f 1239/1969 1158/2014 1190/1987 1270/1939
f 1257/1906 1179/1936 1206/1975 1294/1951
f 1248/1507 1166/1555 1280/1585 1197/1522
f 1178/1849 1180/1837 1207/1885 1293/1894
f 1157/1870 1238/1726 1269/1708 1271/1828
f 1246/1636 1247/1561 1281/1591 1279/1672
f 1179/1936 1256/1948 1292/1984 1206/1975
f 1237/1858 1239/1969 1270/1939 1189/1846
f 1177/1840 1178/1849 1293/1894 1205/1882
f 1166/1555 1165/1660 1278/1678 1280/1585
f 1256/1948 1255/1942 1204/1978 1292/1984
f 1238/1726 1235/1576 1267/1594 1269/1708
f 1245/1780 1246/1636 1279/1672 1196/1789
f 1176/1795 1177/1840 1205/1882 1291/1855
f 1156/1684 1237/1858 1189/1846 1266/1720
f 1255/1942 1175/1918 1203/1957 1204/1978
f 1165/1660 1244/1834 1277/1801 1278/1678
f 1174/1753 1176/1795 1291/1855 1290/1783
f 1284/1537 1199/1564 1300/1630 1214/1609
f 1192/2017 1272/2029 1292/1984 1204/1978
f 1273/1972 1193/1960 1205/1882 1293/1894
f 1200/1498 1198/1489 1215/1528 1216/1531
f 1266/1720 1189/1846 1287/1843 1286/1747
f 1196/1789 1279/1672 1299/1729 1208/1810
f 1269/1708 1267/1594 1201/1624 1288/1702
f 1280/1585 1278/1678 1298/1687 1209/1615
f 1272/2029 1194/2011 1206/1975 1292/1984
f 1199/1564 1265/1612 1285/1669 1300/1630
f 1195/1963 1273/1972 1293/1894 1207/1885
f 1268/1525 1200/1498 1216/1531 1202/1570
f 1189/1846 1270/1939 1289/1900 1287/1843
f 1279/1672 1281/1591 1210/1657 1299/1729
f 1271/1828 1269/1708 1288/1702 1290/1783
f 1197/1522 1280/1585 1209/1615 1211/1567
f 1194/2011 1274/1981 1294/1951 1206/1975
f 1275/1897 1195/1963 1207/1885 1295/1852
f 1270/1939 1190/1987 1203/1957 1289/1900
f 1281/1591 1282/1558 1212/1618 1210/1657
f 1191/1903 1271/1828 1290/1783 1291/1855
f 1283/1504 1197/1522 1211/1567 1213/1534
f 1274/1981 1276/1909 1296/1879 1294/1951
f 1277/1801 1275/1897 1295/1852 1297/1768
f 1190/1987 1192/2017 1204/1978 1203/1957
f 1282/1558 1284/1537 1214/1609 1212/1618
f 1265/1612 1266/1720 1286/1747 1285/1669
f 1193/1960 1191/1903 1291/1855 1205/1882
f 1198/1489 1283/1504 1213/1534 1215/1528
f 1267/1594 1268/1525 1202/1570 1201/1624
f 1276/1909 1196/1789 1208/1810 1296/1879
f 1278/1678 1277/1801 1297/1768 1298/1687
f 1259/1690 1260/1642 1209/1615 1298/1687
f 1167/1492 1169/1510 1199/1564 1284/1537
f 1242/2005 1159/1990 1193/1960 1273/1972
f 1185/1711 1184/1756 1299/1729 1210/1657
f 1251/1474 1168/1471 1198/1489 1200/1498
f 1260/1642 1261/1603 1211/1567 1209/1615
f 1160/2044 1243/2038 1194/2011 1272/2029
f 1262/1675 1185/1711 1210/1657 1212/1618
f 1169/1510 1234/1549 1265/1612 1199/1564
f 1161/1999 1242/2005 1273/1972 1195/1963
f 1261/1603 1263/1582 1213/1534 1211/1567
f 1236/1486 1251/1474 1200/1498 1268/1525
f 1264/1666 1262/1675 1212/1618 1214/1609
f 1170/1759 1252/1723 1285/1669 1286/1747
f 1243/2038 1162/2020 1274/1981 1194/2011
f 1263/1582 1186/1573 1215/1528 1213/1534
f 1253/1606 1171/1645 1201/1624 1202/1570
f 1163/1966 1161/1999 1195/1963 1275/1897
f 1187/1681 1264/1666 1214/1609 1300/1630
f 1172/1831 1170/1759 1286/1747 1287/1843
f 1186/1573 1188/1579 1216/1531 1215/1528
f 1171/1645 1254/1699 1288/1702 1201/1624
f 1162/2020 1164/1930 1276/1909 1274/1981
f 1252/1723 1187/1681 1300/1630 1285/1669
f 1173/1876 1172/1831 1287/1843 1289/1900
f 1244/1834 1163/1966 1275/1897 1277/1801
f 1234/1549 1156/1684 1266/1720 1265/1612
f 1188/1579 1253/1606 1202/1570 1216/1531
f 1254/1699 1174/1753 1290/1783 1288/1702
f 1235/1576 1236/1486 1268/1525 1267/1594
f 1175/1918 1173/1876 1289/1900 1203/1957
f 1164/1930 1245/1780 1196/1789 1276/1909
f 1261/1603 1260/1642 1314/1654 1315/1627
f 1255/1942 1256/1948 1224/1924 1307/1915
f 1185/1711 1262/1675 1316/1714 1229/1732
f 1178/1849 1177/1840 1223/1804 1225/1813
f 1263/1582 1261/1603 1315/1627 1230/1597
f 1256/1948 1179/1936 1308/1912 1224/1924
f 1262/1675 1264/1666 1231/1705 1316/1714
f 1180/1837 1178/1849 1225/1813 1309/1798
f 1252/1723 1170/1759 1219/1777 1301/1738
f 1186/1573 1263/1582 1230/1597 1232/1588
f 1179/1936 1257/1906 1310/1888 1308/1912
f 1171/1645 1253/1606 1302/1621 1220/1648
f 1264/1666 1187/1681 1317/1717 1231/1705
f 1181/1792 1180/1837 1309/1798 1311/1771
f 1170/1759 1172/1831 1303/1825 1219/1777
f 1188/1579 1186/1573 1232/1588 1233/1600
f 1257/1906 1182/1873 1226/1861 1310/1888
f 1254/1699 1171/1645 1220/1648 1221/1693
f 1187/1681 1252/1723 1301/1738 1317/1717
f 1183/1750 1181/1792 1311/1771 1312/1744
f 1172/1831 1173/1876 1304/1867 1303/1825
f 1253/1606 1188/1579 1233/1600 1302/1621
f 1182/1873 1258/1816 1227/1819 1226/1861
f 1174/1753 1254/1699 1221/1693 1222/1741
f 1259/1690 1183/1750 1312/1744 1228/1696
f 1173/1876 1175/1918 1305/1891 1304/1867
f 1258/1816 1184/1756 1313/1762 1227/1819
f 1176/1795 1174/1753 1222/1741 1306/1774
f 1260/1642 1259/1690 1228/1696 1314/1654
f 1175/1918 1255/1942 1307/1915 1305/1891
f 1217/1864 1224/2008 1308/2041
f 1218/1735 1306/1807 1222/1651
f 1217/1864 1304/1639 1305/1786
f 1218/1735 1223/1927 1306/1807
f 1217/1864 1219/1519 1303/1546
f 1218/1735 1221/1543 1220/1495
f 1217/1864 1305/1786 1307/1933
f 1218/1735 1312/1996 1311/2026
f 1217/1864 1307/1933 1224/2008
f 1218/1735 1225/1993 1223/1927
f 1217/1864 1227/2035 1313/2002
f 1218/1735 1309/2023 1225/1993
f 1217/1864 1308/2041 1310/2050
f 1218/1735 1311/2026 1309/2023
f 1217/1864 1310/2050 1226/2047
f 1218/1735 1314/1822 1228/1945
f 1217/1864 1226/2047 1227/2035
f 1218/1735 1228/1945 1312/1996
f 1217/1864 1317/1540 1301/1516
f 1218/1735 1315/1663 1314/1822
f 1217/1864 1229/1921 1316/1765
f 1218/1735 1232/1501 1230/1552
f 1217/1864 1303/1546 1304/1639
f 1218/1735 1230/1552 1315/1663
f 1217/1864 1316/1765 1231/1633
f 1218/1735 1222/1651 1221/1543
f 1217/1864 1231/1633 1317/1540
f 1218/1735 1233/1483 1232/1501
f 1218/1735 1302/1480 1233/1483
f 1217/1864 1313/2002 1229/1921
f 1250/1438 1249/1462 1247/1456 1248/1432
f 1165/1420 1245/1402 1164/1390 1244/1414
f 1244/1414 1164/1390 1162/1384 1163/1408
f 1160/1375 1242/1396 1161/1399 1243/1378
f 1242/1396 1160/1375 1241/1381 1159/1405
f 1240/1411 1158/1387 1239/1393 1157/1417
f 1238/1423 1237/1441 1156/1453 1235/1429
f 1237/1441 1238/1423 1157/1417 1239/1393
f 1169/1465 1251/1444 1236/1435 1234/1459
f 1251/1444 1169/1465 1167/1468 1168/1447
f 1417/1736 1403/1502 1405/1553
f 1418/1865 1409/2048 1408/2036
f 1417/1736 1326/2024 1410/1994
f 1417/1736 1410/1994 1412/1928
f 1418/1865 1334/1517 1416/1520
f 1418/1865 1331/1640 1330/1787
f 1417/1736 1402/1484 1403/1502
f 1440/1964 1362/1973 1342/1895 1428/1886
f 1448/1682 1383/1724 1334/1739 1318/1718
f 1374/1604 1375/1643 1321/1655 1320/1628
f 1418/1865 1408/2036 1322/2003
f 1379/1949 1456/1937 1327/1913 1411/1925
f 1472/1409 1473/1385 1392/1379 1474/1400
f 1417/1736 1414/1544 1415/1496
f 1449/1574 1372/1583 1405/1598 1403/1589
f 1391/1415 1471/1391 1473/1385 1472/1409
f 1372/1583 1374/1604 1320/1628 1405/1598
f 1418/1865 1328/1934 1411/2009
f 1383/1724 1465/1760 1416/1778 1334/1739
f 1397/1424 1398/1442 1479/1454 1400/1430
f 1418/1865 1327/2042 1325/2051
f 1446/1847 1365/1940 1346/1901 1348/1844
f 1475/1376 1393/1397 1474/1400 1392/1379
f 1371/1667 1448/1682 1318/1718 1404/1706
f 1359/1910 1439/1790 1427/1811 1339/1880
f 1367/1526 1435/1499 1419/1532 1433/1571
f 1395/1412 1477/1388 1396/1394 1478/1418
f 1417/1736 1324/2027 1326/2024
f 1447/1580 1449/1574 1403/1589 1402/1601
f 1472/1967 1474/2000 1440/1964 1360/1898
f 1476/1406 1394/1382 1477/1388 1395/1412
f 1468/1493 1466/1511 1436/1565 1351/1538
f 1465/1760 1463/1832 1332/1826 1416/1778
f 1449/1574 1447/1580 1419/1532 1420/1529
f 1417/1736 1407/1946 1323/1997
f 1452/1751 1454/1793 1324/1772 1323/1745
f 1417/1736 1415/1496 1333/1481
f 1438/1523 1355/1586 1426/1616 1424/1568
f 1417/1736 1320/1664 1321/1823
f 1382/1607 1447/1580 1402/1601 1333/1622
f 1353/1559 1351/1538 1421/1610 1423/1619
f 1392/2039 1473/2021 1361/1982 1441/2012
f 1374/1604 1372/1583 1422/1535 1424/1568
f 1355/1586 1357/1679 1337/1688 1426/1616
f 1352/1505 1438/1523 1424/1568 1422/1535
f 1450/1712 1451/1757 1336/1730 1425/1658
f 1463/1832 1465/1760 1349/1748 1348/1844
f 1393/2006 1476/1991 1442/1961 1362/1973
f 1371/1667 1373/1676 1423/1619 1421/1610
f 1445/1988 1443/2018 1431/1979 1432/1958
f 1474/2000 1393/2006 1362/1973 1440/1964
f 1354/1592 1353/1559 1423/1619 1425/1658
f 1382/1607 1464/1646 1434/1625 1433/1571
f 1376/1691 1375/1643 1426/1616 1337/1688
f 1464/1646 1381/1700 1347/1703 1434/1625
f 1357/1679 1358/1802 1338/1769 1337/1688
f 1373/1676 1450/1712 1425/1658 1423/1619
f 1356/1673 1354/1592 1425/1658 1336/1730
f 1448/1682 1371/1667 1421/1610 1335/1631
f 1368/1595 1367/1526 1433/1571 1434/1625
f 1372/1583 1449/1574 1420/1529 1422/1535
f 1437/1490 1352/1505 1422/1535 1420/1529
f 1466/1511 1401/1550 1370/1613 1436/1565
f 1375/1643 1374/1604 1424/1568 1426/1616
f 1465/1760 1383/1724 1350/1670 1349/1748
f 1370/1613 1369/1721 1349/1748 1350/1670
f 1358/1802 1360/1898 1340/1853 1338/1769
f 1364/1829 1366/1709 1347/1703 1345/1784
f 1442/1961 1444/1904 1344/1856 1430/1883
f 1365/1940 1445/1988 1432/1958 1346/1901
f 1475/2045 1392/2039 1441/2012 1363/2030
f 1384/1475 1467/1472 1437/1490 1435/1499
f 1450/1712 1373/1676 1319/1715 1406/1733
f 1418/1865 1330/1787 1328/1934
f 1399/1487 1384/1475 1435/1499 1367/1526
f 1380/1943 1379/1949 1411/1925 1328/1916
f 1418/1865 1416/1520 1332/1547
f 1363/2030 1441/2012 1429/1976 1343/1985
f 1418/1865 1322/2003 1406/1922
f 1460/1919 1462/1877 1346/1901 1432/1958
f 1417/1736 1412/1928 1329/1808
f 1418/1865 1319/1766 1404/1634
f 1436/1565 1370/1613 1350/1670 1335/1631
f 1387/1433 1388/1457 1389/1451 1469/1427
f 1381/1700 1461/1754 1345/1784 1347/1703
f 1460/1919 1380/1943 1328/1916 1330/1892
f 1417/1736 1413/1652 1414/1544
f 1383/1724 1448/1682 1335/1631 1350/1670
f 1462/1877 1460/1919 1330/1892 1331/1868
f 1417/1736 1405/1553 1320/1664
f 1401/1550 1479/1685 1369/1721 1370/1613
f 1361/1982 1359/1910 1339/1880 1341/1952
f 1473/2021 1471/1931 1359/1910 1361/1982
f 1376/1691 1452/1751 1323/1745 1407/1697
f 1418/1865 1332/1547 1331/1640
f 1375/1643 1376/1691 1407/1697 1321/1655
f 1441/2012 1361/1982 1341/1952 1429/1976
f 1418/1865 1318/1541 1334/1517
f 1384/1445 1466/1466 1468/1469 1467/1448
f 1444/1904 1364/1829 1345/1784 1344/1856
f 1463/1832 1462/1877 1331/1868 1332/1826
f 1400/1430 1479/1454 1401/1460 1399/1436
f 1360/1898 1440/1964 1428/1886 1340/1853
f 1417/1736 1321/1823 1407/1946
f 1469/1427 1389/1451 1390/1403 1470/1421
f 1378/1907 1453/1874 1409/1862 1325/1889
f 1471/1931 1390/1781 1439/1790 1359/1910
f 1451/1757 1450/1712 1406/1733 1322/1763
f 1467/1448 1468/1469 1386/1463 1385/1439
f 1381/1700 1464/1646 1415/1649 1414/1694
f 1400/1577 1399/1487 1367/1526 1368/1595
f 1458/1841 1459/1796 1329/1775 1412/1805
f 1418/1865 1411/2009 1327/2042
f 1462/1877 1463/1832 1348/1844 1346/1901
f 1454/1793 1455/1838 1326/1799 1324/1772
f 1377/1817 1451/1757 1322/1763 1408/1820
f 1447/1580 1382/1607 1433/1571 1419/1532
f 1451/1757 1377/1817 1427/1811 1336/1730
f 1377/1817 1453/1874 1339/1880 1427/1811
f 1391/1835 1472/1967 1360/1898 1358/1802
f 1456/1937 1378/1907 1325/1889 1327/1913
f 1459/1796 1461/1754 1413/1742 1329/1775
f 1417/1736 1329/1808 1413/1652
f 1373/1676 1371/1667 1404/1706 1319/1715
f 1476/1991 1395/1955 1444/1904 1442/1961
f 1386/1514 1468/1493 1351/1538 1353/1559
f 1464/1646 1382/1607 1333/1622 1415/1649
f 1453/1874 1377/1817 1408/1820 1409/1862
f 1455/1838 1457/1850 1410/1814 1326/1799
f 1452/1751 1376/1691 1337/1688 1338/1769
f 1394/2033 1475/2045 1363/2030 1443/2018
f 1461/1754 1381/1700 1414/1694 1413/1742
f 1457/1850 1458/1841 1412/1805 1410/1814
f 1467/1472 1385/1478 1352/1505 1437/1490
f 1389/1637 1388/1562 1354/1592 1356/1673
f 1439/1790 1356/1673 1336/1730 1427/1811
f 1387/1508 1469/1556 1355/1586 1438/1523
f 1351/1538 1436/1565 1335/1631 1421/1610
f 1398/1859 1396/1970 1365/1940 1446/1847
f 1461/1754 1459/1796 1344/1856 1345/1784
f 1457/1850 1455/1838 1428/1886 1342/1895
f 1469/1556 1470/1661 1357/1679 1355/1586
f 1378/1907 1456/1937 1429/1976 1341/1952
f 1390/1781 1389/1637 1356/1673 1439/1790
f 1385/1478 1387/1508 1438/1523 1352/1505
f 1362/1973 1442/1961 1430/1883 1342/1895
f 1395/1955 1478/1871 1364/1829 1444/1904
f 1379/1949 1380/1943 1431/1979 1343/1985
f 1454/1793 1452/1751 1338/1769 1340/1853
f 1435/1499 1437/1490 1420/1529 1419/1532
f 1388/1562 1386/1514 1353/1559 1354/1592
f 1366/1709 1368/1595 1434/1625 1347/1703
f 1458/1841 1457/1850 1342/1895 1430/1883
f 1443/2018 1363/2030 1343/1985 1431/1979
f 1453/1874 1378/1907 1341/1952 1339/1880
f 1470/1661 1391/1835 1358/1802 1357/1679
f 1477/2015 1394/2033 1443/2018 1445/1988
f 1479/1685 1398/1859 1446/1847 1369/1721
f 1396/1970 1477/2015 1445/1988 1365/1940
f 1380/1943 1460/1919 1432/1958 1431/1979
f 1397/1727 1400/1577 1368/1595 1366/1709
f 1478/1871 1397/1727 1366/1709 1364/1829
f 1455/1838 1454/1793 1340/1853 1428/1886
f 1459/1796 1458/1841 1430/1883 1344/1856
f 1418/1865 1406/1922 1319/1766
f 1417/1736 1323/1997 1324/2027
f 1418/1865 1325/2051 1409/2048
f 1418/1865 1404/1634 1318/1541
f 1385/1439 1386/1463 1388/1457 1387/1433
f 1470/1421 1390/1403 1471/1391 1391/1415
f 1417/1736 1333/1481 1402/1484
f 1398/1442 1397/1424 1478/1418 1396/1394
f 1393/1397 1475/1376 1394/1382 1476/1406
f 1466/1466 1384/1445 1399/1436 1401/1460
f 1456/1937 1379/1949 1343/1985 1429/1976
f 1217/1864 1301/1516 1219/1519
f 1218/1735 1220/1495 1302/1480
f 1369/1721 1446/1847 1348/1844 1349/1748
f 1483/1407 1565/1383 1482/1389 1564/1413
f 1487/1410 1486/1386 1567/1380 1485/1401
f 1572/1434 1571/1458 1570/1452 1490/1428
f 1559/1431 1480/1455 1558/1461 1560/1437
f 1492/1449 1491/1470 1573/1464 1574/1440
f 1490/1428 1570/1452 1569/1404 1489/1422
f 1565/2034 1484/2046 1596/2031 1516/2019
f 1508/1758 1582/1818 1532/1812 1623/1731
f 1501/1842 1500/1797 1630/1776 1547/1806
f 1508/1758 1509/1713 1553/1734 1637/1764
f 1492/1473 1574/1479 1607/1506 1522/1491
f 1507/1752 1583/1692 1622/1689 1621/1770
f 1483/1992 1564/1956 1515/1905 1517/1962
f 1573/1515 1491/1494 1608/1539 1606/1560
f 1582/1818 1506/1875 1620/1881 1532/1812
f 1482/2016 1565/2034 1516/2019 1514/1989
f 1505/1794 1507/1752 1621/1770 1619/1854
f 1574/1479 1572/1509 1521/1524 1607/1506
f 1506/1875 1581/1908 1618/1953 1620/1881
f 1564/1956 1481/1872 1595/1830 1515/1905
f 1571/1563 1573/1515 1606/1560 1605/1593
f 1504/1839 1505/1794 1619/1854 1531/1887
f 1563/1971 1482/2016 1514/1989 1594/1941
f 1581/1908 1503/1938 1530/1977 1618/1953
f 1572/1509 1490/1557 1604/1587 1521/1524
f 1502/1851 1504/1839 1531/1887 1617/1896
f 1481/1872 1562/1728 1593/1710 1595/1830
f 1570/1638 1571/1563 1605/1593 1603/1674
f 1503/1938 1580/1950 1616/1986 1530/1977
f 1561/1860 1563/1971 1594/1941 1513/1848
f 1501/1842 1502/1851 1617/1896 1529/1884
f 1490/1557 1489/1662 1602/1680 1604/1587
f 1580/1950 1579/1944 1528/1980 1616/1986
f 1562/1728 1559/1578 1591/1596 1593/1710
f 1569/1782 1570/1638 1603/1674 1520/1791
f 1500/1797 1501/1842 1529/1884 1615/1857
f 1480/1686 1561/1860 1513/1848 1590/1722
f 1579/1944 1499/1920 1527/1959 1528/1980
f 1489/1662 1568/1836 1601/1803 1602/1680
f 1498/1755 1500/1797 1615/1857 1614/1785
f 1608/1539 1523/1566 1624/1632 1538/1611
f 1516/2019 1596/2031 1616/1986 1528/1980
f 1597/1974 1517/1962 1529/1884 1617/1896
f 1524/1500 1522/1491 1539/1530 1540/1533
f 1590/1722 1513/1848 1611/1845 1610/1749
f 1520/1791 1603/1674 1623/1731 1532/1812
f 1593/1710 1591/1596 1525/1626 1612/1704
f 1604/1587 1602/1680 1622/1689 1533/1617
f 1596/2031 1518/2013 1530/1977 1616/1986
f 1523/1566 1589/1614 1609/1671 1624/1632
f 1519/1965 1597/1974 1617/1896 1531/1887
f 1592/1527 1524/1500 1540/1533 1526/1572
f 1513/1848 1594/1941 1613/1902 1611/1845
f 1603/1674 1605/1593 1534/1659 1623/1731
f 1595/1830 1593/1710 1612/1704 1614/1785
f 1521/1524 1604/1587 1533/1617 1535/1569
f 1518/2013 1598/1983 1618/1953 1530/1977
f 1599/1899 1519/1965 1531/1887 1619/1854
f 1594/1941 1514/1989 1527/1959 1613/1902
f 1605/1593 1606/1560 1536/1620 1534/1659
f 1515/1905 1595/1830 1614/1785 1615/1857
f 1607/1506 1521/1524 1535/1569 1537/1536
f 1598/1983 1600/1911 1620/1881 1618/1953
f 1601/1803 1599/1899 1619/1854 1621/1770
f 1514/1989 1516/2019 1528/1980 1527/1959
f 1606/1560 1608/1539 1538/1611 1536/1620
f 1589/1614 1590/1722 1610/1749 1609/1671
f 1517/1962 1515/1905 1615/1857 1529/1884
f 1522/1491 1607/1506 1537/1536 1539/1530
f 1591/1596 1592/1527 1526/1572 1525/1626
f 1600/1911 1520/1791 1532/1812 1620/1881
f 1602/1680 1601/1803 1621/1770 1622/1689
f 1583/1692 1584/1644 1533/1617 1622/1689
f 1491/1494 1493/1512 1523/1566 1608/1539
f 1566/2007 1483/1992 1517/1962 1597/1974
f 1509/1713 1508/1758 1623/1731 1534/1659
f 1575/1476 1492/1473 1522/1491 1524/1500
f 1584/1644 1585/1605 1535/1569 1533/1617
f 1484/2046 1567/2040 1518/2013 1596/2031
f 1586/1677 1509/1713 1534/1659 1536/1620
f 1493/1512 1558/1551 1589/1614 1523/1566
f 1485/2001 1566/2007 1597/1974 1519/1965
f 1585/1605 1587/1584 1537/1536 1535/1569
f 1560/1488 1575/1476 1524/1500 1592/1527
f 1588/1668 1586/1677 1536/1620 1538/1611
f 1494/1761 1576/1725 1609/1671 1610/1749
f 1567/2040 1486/2022 1598/1983 1518/2013
f 1587/1584 1510/1575 1539/1530 1537/1536
f 1577/1608 1495/1647 1525/1626 1526/1572
f 1487/1968 1485/2001 1519/1965 1599/1899
f 1511/1683 1588/1668 1538/1611 1624/1632
f 1496/1833 1494/1761 1610/1749 1611/1845
f 1510/1575 1512/1581 1540/1533 1539/1530
f 1495/1647 1578/1701 1612/1704 1525/1626
f 1486/2022 1488/1932 1600/1911 1598/1983
f 1576/1725 1511/1683 1624/1632 1609/1671
f 1497/1878 1496/1833 1611/1845 1613/1902
f 1568/1836 1487/1968 1599/1899 1601/1803
f 1558/1551 1480/1686 1590/1722 1589/1614
f 1512/1581 1577/1608 1526/1572 1540/1533
f 1578/1701 1498/1755 1614/1785 1612/1704
f 1559/1578 1560/1488 1592/1527 1591/1596
f 1499/1920 1497/1878 1613/1902 1527/1959
f 1488/1932 1569/1782 1520/1791 1600/1911
f 1585/1605 1584/1644 1638/1656 1639/1629
f 1579/1944 1580/1950 1548/1926 1631/1917
f 1509/1713 1586/1677 1640/1716 1553/1734
f 1502/1851 1501/1842 1547/1806 1549/1815
f 1587/1584 1585/1605 1639/1629 1554/1599
f 1580/1950 1503/1938 1632/1914 1548/1926
f 1586/1677 1588/1668 1555/1707 1640/1716
f 1504/1839 1502/1851 1549/1815 1633/1800
f 1576/1725 1494/1761 1543/1779 1625/1740
f 1510/1575 1587/1584 1554/1599 1556/1590
f 1503/1938 1581/1908 1634/1890 1632/1914
f 1495/1647 1577/1608 1626/1623 1544/1650
f 1588/1668 1511/1683 1641/1719 1555/1707
f 1505/1794 1504/1839 1633/1800 1635/1773
f 1494/1761 1496/1833 1627/1827 1543/1779
f 1512/1581 1510/1575 1556/1590 1557/1602
f 1581/1908 1506/1875 1550/1863 1634/1890
f 1578/1701 1495/1647 1544/1650 1545/1695
f 1511/1683 1576/1725 1625/1740 1641/1719
f 1507/1752 1505/1794 1635/1773 1636/1746
f 1496/1833 1497/1878 1628/1869 1627/1827
f 1577/1608 1512/1581 1557/1602 1626/1623
f 1506/1875 1582/1818 1551/1821 1550/1863
f 1498/1755 1578/1701 1545/1695 1546/1743
f 1583/1692 1507/1752 1636/1746 1552/1698
f 1497/1878 1499/1920 1629/1893 1628/1869
f 1582/1818 1508/1758 1637/1764 1551/1821
f 1500/1797 1498/1755 1546/1743 1630/1776
f 1584/1644 1583/1692 1552/1698 1638/1656
f 1499/1920 1579/1944 1631/1917 1629/1893
f 1541/1866 1548/2010 1632/2043
f 1542/1737 1630/1809 1546/1653
f 1541/1866 1628/1641 1629/1788
f 1542/1737 1547/1929 1630/1809
f 1541/1866 1543/1521 1627/1548
f 1542/1737 1545/1545 1544/1497
f 1541/1866 1629/1788 1631/1935
f 1542/1737 1636/1998 1635/2028
f 1541/1866 1631/1935 1548/2010
f 1542/1737 1549/1995 1547/1929
f 1541/1866 1551/2037 1637/2004
f 1542/1737 1633/2025 1549/1995
f 1541/1866 1632/2043 1634/2052
f 1542/1737 1635/2028 1633/2025
f 1541/1866 1634/2052 1550/2049
f 1542/1737 1638/1824 1552/1947
f 1541/1866 1550/2049 1551/2037
f 1542/1737 1552/1947 1636/1998
f 1541/1866 1641/1542 1625/1518
f 1542/1737 1639/1665 1638/1824
f 1541/1866 1553/1923 1640/1767
f 1542/1737 1556/1503 1554/1554
f 1541/1866 1627/1548 1628/1641
f 1542/1737 1554/1554 1639/1665
f 1541/1866 1640/1767 1555/1635
f 1542/1737 1546/1653 1545/1545
f 1541/1866 1555/1635 1641/1542
f 1542/1737 1557/1485 1556/1503
f 1542/1737 1626/1482 1557/1485
f 1541/1866 1637/2004 1553/1923
f 1574/1440 1573/1464 1571/1458 1572/1434
f 1489/1422 1569/1404 1488/1392 1568/1416
f 1568/1416 1488/1392 1486/1386 1487/1410
f 1484/1377 1566/1398 1485/1401 1567/1380
f 1566/1398 1484/1377 1565/1383 1483/1407
f 1564/1413 1482/1389 1563/1395 1481/1419
f 1562/1425 1561/1443 1480/1455 1559/1431
f 1561/1443 1562/1425 1481/1419 1563/1395
f 1493/1467 1575/1446 1560/1437 1558/1461
f 1575/1446 1493/1467 1491/1470 1492/1449
f 1541/1866 1625/1518 1543/1521
f 1542/1737 1544/1497 1626/1482
v -0.018617 1.515606 -0.616262
v -0.210740 1.604161 -0.820364
v -1.489206 2.267301 -0.317489
v -1.455747 0.748444 -0.279974
v -0.115029 1.560165 -0.717711
v -1.128055 2.195983 -0.496645
v -0.691003 2.242264 -0.598430
v -1.267438 0.605351 0.102652
v 0.020994 1.532929 -0.497928
v -0.812565 2.201095 -0.107680
v -0.458278 2.264516 -0.273360
v -1.168137 2.203776 -0.097652
v -0.949594 1.450444 0.075864
v -0.546393 1.971436 -0.810800
v -0.124903 1.963738 -0.266183
v -0.071418 1.578444 -0.580579
v -1.014048 1.989073 0.136501
v -1.562019 1.999757 -0.383696
v 0.000924 1.602567 -0.416470
v -0.917623 1.984014 -0.709053
v -0.586179 2.241428 -0.441177
v -1.385430 2.104861 -0.264580
v -0.908705 2.070559 -0.567475
v -1.191206 0.900584 -0.199075
v -0.035873 1.599730 -0.480216
v -0.652532 2.077261 -0.245803
v -0.434255 2.199416 -0.329883
v -1.214537 1.376288 0.281093
v -0.538735 1.985795 -0.898805
v -1.872459 0.999018 -0.457257
v -1.747583 2.223456 -0.331735
v -1.201395 2.259481 0.115373
v -1.322657 2.287371 -0.102368
v -1.118292 2.051846 0.326343
v -1.361245 0.794137 0.247307
v -1.348913 0.656636 -0.081604
v -0.085145 1.955678 -0.186408
v 0.062705 1.549546 -0.379299
v -0.300071 2.227651 -0.142990
v -0.671602 2.105820 0.058887
v -0.616273 2.320157 -0.411077
v -0.994677 2.260573 -0.279747
v -1.238837 1.968176 -0.658623
v -0.767295 2.167345 -0.784194
v -1.315387 0.912087 -0.281991
v -1.681939 1.060101 -0.497516
v -1.003233 2.035470 0.043299
v -1.085916 0.931749 -0.032445
v -1.421666 0.985886 -0.375819
v -0.246730 1.637602 -0.745556
v -0.156979 1.608907 -0.655468
v -0.301703 2.193436 -0.225673
v -0.433279 2.090300 -0.168590
v -0.827784 2.152073 -0.378027
v -0.739322 2.101528 -0.730385
v -0.654275 2.162561 -0.580879
v -0.564866 1.638170 0.026474
v -1.227813 1.393911 -0.816323
v -0.905419 1.178537 -0.710578
v -0.535636 1.078047 -0.294190
v -0.737601 1.129753 -0.575944
v -0.570362 1.099096 -0.463186
v -0.492900 1.172445 -0.143337
v -1.694292 0.792763 -0.411290
v -1.526162 1.211150 -0.650144
v -0.874322 0.859279 -0.110527
v -1.295199 2.228990 -0.413730
v -1.551870 2.083571 -0.466301
v -1.146470 2.272975 -0.197654
v -0.992519 2.228117 -0.004449
v -1.270517 0.999997 -0.572064
v -0.930683 0.894321 -0.286586
v -1.069966 0.953280 -0.438966
v -0.878334 2.080840 0.182669
v -0.865540 1.516968 0.144314
v -0.894779 0.997360 0.037457
vt 0.000000 0.000000
vt 0.000000 0.000000
vt 0.000000 0.000000
vt 0.000000 0.000000
vt 0.000000 0.000000
vt 0.000000 0.000000
vt 0.000000 0.000000
vt 0.000000 0.000000
vt 0.000000 0.000000
vt 0.000000 0.000000
vt 0.000000 0.000000
vt 0.000000 0.000000
vt 0.000000 0.000000
vt 0.000000 0.000000
vt 0.000000 0.000000
vt 0.000000 0.000000
vt 0.000000 0.000000
vt 0.000000 0.000000
vt 0.000000 0.000000
vt 0.000000 0.000000
vt 0.000000 0.000000
vt 0.000000 0.000000
vt 0.000000 0.000000
vt 0.000000 0.000000
vt 0.000000 0.000000
vt 0.000000 0.000000
vt 0.000000 0.000000
vt 0.000000 0.000000
vt 0.000000 0.000000
vt 0.000000 0.000000
vt 0.000000 0.000000
vt 0.000000 0.000000
vt 0.000000 0.000000
vt 0.000000 0.000000
vt 0.000000 0.000000
vt 0.000000 0.000000
vt 0.000000 0.000000
vt 0.000000 0.000000
vt 0.000000 0.000000
vt 0.000000 0.000000
vt 0.000000 0.000000
vt 0.000000 0.000000
vt 0.000000 0.000000
vt 0.000000 0.000000
vt 0.000000 0.000000
vt 0.000000 0.000000
vt 0.000000 0.000000
vt 0.000000 0.000000
vt 0.000000 0.000000
vt 0.000000 0.000000
vt 0.000000 0.000000
vt 0.000000 0.000000
vt 0.000000 0.000000
vt 0.000000 0.000000
vt 0.000000 0.000000
vt 0.000000 0.000000
vt 0.000000 0.000000
vt 0.000000 0.000000
vt 0.000000 0.000000
vt 0.000000 0.000000
vt 0.000000 0.000000
vt 0.000000 0.000000
vt 0.000000 0.000000
vt 0.000000 0.000000
vt 0.000000 0.000000
vt 0.000000 0.000000
vt 0.000000 0.000000
vt 0.000000 0.000000
vt 0.000000 0.000000
vt 0.000000 0.000000
vt 0.000000 0.000000
vt 0.000000 0.000000
vt 0.000000 0.000000
vt 0.000000 0.000000
vt 0.000000 0.000000
vt 0.000000 0.000000
f 1702/2113 1714/2125 1712/2123 1700/2111
f 1681/2092 1715/2126 1716/2127 1698/2109
f 1712/2123 1705/2116 1671/2082 1706/2117
f 1704/2115 1717/2128 1707/2118 1701/2112
f 1703/2114 1713/2124 1714/2125 1702/2113
f 1708/2119 1644/2055 1674/2085 1710/2121
f 1684/2095 1685/2096 1670/2081 1699/2110
f 1676/2087 1717/2128 1716/2127 1669/2080
f 1714/2125 1645/2056 1705/2116 1712/2123
f 1684/2095 1709/2120 1708/2119 1647/2058
f 1652/2063 1682/2093 1683/2094 1651/2062
f 1648/2059 1685/2096 1684/2095 1647/2058
f 1709/2120 1672/2083 1644/2055 1708/2119
f 1657/2068 1692/2103 1690/2101 1686/2097
f 1662/2073 1695/2106 1664/2075 1697/2108
f 1680/2091 1652/2063 1651/2062 1681/2092
f 1711/2122 1673/2084 1675/2086 1715/2126
f 1661/2072 1659/2070 1687/2098 1691/2102 1655/2066
f 1654/2065 1658/2069 1694/2105 1656/2067
f 1689/2100 1654/2065 1656/2067 1660/2071
f 1663/2074 1659/2070 1661/2072 1664/2075
f 1658/2069 1688/2099 1667/2078 1694/2105
f 1665/2076 1689/2100 1660/2071 1666/2077
f 1687/2098 1690/2101 1692/2103 1691/2102
f 1661/2072 1655/2066 1696/2107
f 1694/2105 1693/2104 1656/2067
f 1668/2079 1667/2078 1695/2106 1662/2073
f 1697/2108 1664/2075 1661/2072 1696/2107
f 1663/2074 1664/2075 1695/2106 1653/2064
f 1642/2053 1646/2057 1692/2103 1657/2068
f 1648/2059 1682/2093 1662/2073 1697/2108
f 1693/2104 1694/2105 1667/2078 1668/2079
f 1653/2064 1695/2106 1667/2078 1688/2099
f 1665/2076 1666/2077 1657/2068 1686/2097
f 1643/2054 1670/2081 1655/2066 1691/2102
f 1678/2089 1679/2090 1660/2071 1656/2067
f 1650/2061 1642/2053 1657/2068 1666/2077
f 1646/2057 1643/2054 1691/2102 1692/2103
f 1670/2081 1685/2096 1696/2107 1655/2066
f 1682/2093 1652/2063 1668/2079 1662/2073
f 1685/2096 1648/2059 1697/2108 1696/2107
f 1680/2091 1678/2089 1656/2067 1693/2104
f 1679/2090 1650/2061 1666/2077 1660/2071
f 1652/2063 1680/2091 1693/2104 1668/2079
f 1678/2089 1680/2091 1681/2092 1698/2109
f 1700/2111 1699/2110 1670/2081 1643/2054
f 1701/2112 1703/2114 1642/2053 1650/2061
f 1702/2113 1700/2111 1643/2054 1646/2057
f 1703/2114 1702/2113 1646/2057 1642/2053
f 1704/2115 1701/2112 1650/2061 1679/2090
f 1698/2109 1704/2115 1679/2090 1678/2089
f 1682/2093 1648/2059 1647/2058 1683/2094
f 1710/2121 1674/2085 1673/2084 1711/2122
f 1713/2124 1677/2088 1645/2056 1714/2125
f 1717/2128 1676/2087 1649/2060 1707/2118
f 1700/2111 1712/2123 1706/2117 1699/2110
f 1651/2062 1711/2122 1715/2126 1681/2092
f 1683/2094 1710/2121 1711/2122 1651/2062
f 1647/2058 1708/2119 1710/2121 1683/2094
f 1717/2128 1704/2115 1698/2109 1716/2127
f 1706/2117 1671/2082 1672/2083 1709/2120
f 1715/2126 1675/2086 1669/2080 1716/2127
f 1699/2110 1706/2117 1709/2120 1684/2095
f 1701/2112 1707/2118 1713/2124 1703/2114
f 1707/2118 1649/2060 1677/2088 1713/2124
v 0.657625 2.836923 -1.088898
v 0.761752 2.843486 -0.908401
v 0.839365 3.250824 -0.935175
v 0.712098 3.235764 -1.169455
v 0.724138 2.857655 -0.721378
v 0.478759 2.848670 -1.163739
v -0.300372 1.954621 -0.902835
v 0.071509 1.771440 -0.558202
v 0.144004 1.877148 -0.396039
v -0.179490 1.826305 -0.842143
v 0.458565 3.055392 -0.682217
v 0.286248 3.033395 -1.027407
v 0.395009 2.272618 -0.484587
v 0.177778 2.684288 -0.512881
v -0.329731 2.458518 -0.833379
v 0.101089 1.870657 -0.357511
v -0.298656 1.725819 -0.821107
v 0.441482 2.270896 -0.694396
v -0.390317 1.957568 -0.899677
v 0.245647 2.292878 -0.964654
v -0.035395 1.787650 -0.696454
v 0.849174 3.466896 -1.073742
v 0.719783 2.840720 -0.995786
v 0.006079 2.452544 -0.429202
v -0.035338 1.661625 -0.537814
v 0.391085 3.116477 -0.856038
v 0.122700 2.440094 -1.044507
v -0.030498 2.712472 -0.912917
v 0.358774 2.273891 -0.825222
v -0.161321 2.598055 -0.608113
v -0.147629 1.681958 -0.675914
v 0.030862 2.792339 -0.683737
v -0.298192 2.411462 -0.799269
v 0.060183 1.915285 -0.403412
v -0.273033 1.794552 -0.789854
v -0.349440 1.987732 -0.855347
v -0.004302 2.402790 -0.449410
v -0.053539 1.741041 -0.553708
v -0.151687 2.526027 -0.605958
v -0.147141 1.757990 -0.668824
v 0.038811 2.753922 -0.812435
v 0.316857 2.284727 -0.515555
v 0.063807 2.198574 -0.820781
v 0.000617 2.347095 -0.871451
v 0.230314 2.692999 -0.552471
v 0.233627 2.153834 -0.634598
v 0.140928 2.752720 -0.672531
v 0.161308 2.168382 -0.725328
v 0.267043 2.512472 -0.503488
v -0.360526 2.203891 -0.867077
v 0.688533 3.182394 -0.833811
v 0.477419 3.151942 -1.100545
v 0.417684 2.890824 -1.113663
v 0.076035 2.520204 -1.003461
v 0.599917 3.286216 -0.955284
v 0.565776 2.931524 -0.704809
v -0.322542 2.210128 -0.825914
v 0.013194 2.481057 -0.852018
v 0.281635 2.502591 -0.535772
v 0.021063 2.211034 -0.431318
v 0.045838 2.209048 -0.399202
v -0.125249 1.959941 -0.455647
v -0.129420 2.078196 -0.456902
v -0.161009 2.127431 -0.442161
v -0.206818 2.159592 -0.419659
v -0.343569 2.151930 -0.687103
v -0.396627 2.162119 -0.660265
v -0.492303 2.113962 -0.609964
v -0.383604 2.070609 -0.326715
v -0.520355 2.062947 -0.594159
v -0.379432 1.952355 -0.325460
v -0.484594 1.895457 -0.607646
v -0.248974 1.860769 -0.389542
v -0.385725 1.853106 -0.656986
v -0.196747 1.874101 -0.416629
v -0.333498 1.866438 -0.684073
v -0.123802 1.925297 -0.349775
v -0.099437 1.969609 -0.363504
v -0.325379 2.059868 -0.799385
v -0.352817 2.102635 -0.786581
v -0.392609 2.130570 -0.767035
v -0.438695 2.139422 -0.743723
v -0.484061 2.127841 -0.720195
v -0.546166 2.053279 -0.686303
v -0.320223 1.963020 -0.250422
v -0.542542 1.950562 -0.685213
v -0.292785 1.920253 -0.263226
v -0.515104 1.907796 -0.698017
v -0.252994 1.892318 -0.282772
v -0.429226 1.871009 -0.740875
v -0.161541 1.895047 -0.329612
v -0.383860 1.882590 -0.764403
v -0.124325 1.878455 -0.453784
v -0.088236 1.944087 -0.474118
v -0.224987 1.936425 -0.741562
v -0.077448 2.020557 -0.481825
v -0.214199 2.012895 -0.749270
v -0.093604 2.096223 -0.475732
v -0.270993 2.151903 -0.724212
v -0.193179 2.200942 -0.427818
v -0.398189 2.206389 -0.660735
v -0.328631 2.196899 -0.358442
v -0.465382 2.189236 -0.625886
v -0.568154 2.002331 -0.567982
v -0.374609 1.870985 -0.325594
v -0.511360 1.863322 -0.593039
v -0.315673 1.829609 -0.354544
v -0.247413 1.816499 -0.389071
v -0.384164 1.808837 -0.656517
v -0.180221 1.833652 -0.423920
v -0.267771 1.934027 -0.825236
v -0.256983 2.010497 -0.832943
v -0.273138 2.086163 -0.826851
v -0.091459 2.161963 -0.373094
v -0.313777 2.149506 -0.807886
v -0.150395 2.203339 -0.344144
v -0.372713 2.190881 -0.778936
v -0.218654 2.216449 -0.309617
v -0.440973 2.203991 -0.744408
v -0.285847 2.199296 -0.274768
v -0.600150 2.076404 -0.659362
v -0.388620 2.012391 -0.216864
v -0.610939 1.999933 -0.651655
v -0.594783 1.924267 -0.657748
v -0.331825 1.873382 -0.241921
v -0.554144 1.860925 -0.676713
v -0.272889 1.832006 -0.270871
v -0.495208 1.819550 -0.705662
v -0.230849 2.016597 -0.345072
v -0.414753 2.006291 -0.704735
v -0.302548 1.958228 -0.760731
v -0.111360 2.020162 -0.406271
v -0.333610 2.103711 -0.749017
v -0.189497 2.141951 -0.369807
v -0.235584 2.150802 -0.346496
v -0.502593 2.098667 -0.662467
v -0.343054 2.064660 -0.289076
v -0.526959 2.054355 -0.648739
v -0.534242 2.002726 -0.643535
v -0.272201 1.891242 -0.320336
v -0.456105 1.880937 -0.679999
v -0.226114 1.882391 -0.343648
v -0.410018 1.872086 -0.703311
v -0.364653 1.883667 -0.726839
v -0.153299 1.908925 -0.439842
v -0.261998 1.952279 -0.723092
v -0.290050 1.901263 -0.707287
v -0.116862 2.019381 -0.461638
v -0.253612 2.011718 -0.729083
v -0.266170 2.070533 -0.724347
v -0.297758 2.119769 -0.709606
v -0.259877 2.169782 -0.392820
v -0.312106 2.156450 -0.365733
v -0.448855 2.148788 -0.633178
v -0.355553 2.121625 -0.342520
v -0.391990 2.011170 -0.320724
v -0.528741 2.003507 -0.588169
v -0.516183 1.944692 -0.592904
v -0.347844 1.903119 -0.340201
v -0.302033 1.870958 -0.362704
v -0.438784 1.863296 -0.630148
v -0.321756 1.957152 -0.798295
v -0.346121 1.912839 -0.784567
v -0.092154 2.021239 -0.368707
v -0.314472 2.008782 -0.803498
v -0.103061 2.072326 -0.364594
v -0.130499 2.115092 -0.351789
v -0.170290 2.143027 -0.332244
v -0.216377 2.151879 -0.308932
v -0.261742 2.140298 -0.285404
v -0.299481 2.110049 -0.265240
v -0.521800 2.097592 -0.700031
v -0.323847 2.065736 -0.251512
v -0.331130 2.014107 -0.246308
v -0.553449 2.001650 -0.681099
v -0.475312 1.879860 -0.717563
v -0.206907 1.883466 -0.306084
v -0.261076 1.870792 -0.721229
v -0.230354 2.088561 -0.743177
v -0.134243 2.159566 -0.456767
v -0.329929 2.193279 -0.695263
v -0.261439 2.214051 -0.393290
v -0.384527 2.152096 -0.328577
v -0.521277 2.144433 -0.596022
v -0.420616 2.086464 -0.308244
v -0.557366 2.078801 -0.575689
v -0.431404 2.009993 -0.300537
v -0.415248 1.934327 -0.306630
v -0.551999 1.926664 -0.574074
v -0.452424 1.821947 -0.621989
v -0.316971 1.825989 -0.691365
v -0.081541 1.880852 -0.370111
v -0.045452 1.946484 -0.390444
v -0.303860 1.868395 -0.804903
v -0.034664 2.022954 -0.398152
v -0.050820 2.098621 -0.392059
v -0.508166 2.186839 -0.709560
v -0.341743 2.154493 -0.244904
v -0.564061 2.142036 -0.679695
v -0.377831 2.088861 -0.224571
v -0.372464 1.936724 -0.222956
v -0.204629 1.818897 -0.305398
v -0.426947 1.806439 -0.740190
v -0.137436 1.836049 -0.340247
v -0.359755 1.823592 -0.775038
v -0.143011 1.924220 -0.387339
v -0.118644 1.968533 -0.401068
v -0.326914 1.913916 -0.747003
v -0.295264 2.009858 -0.765934
v -0.122268 2.071249 -0.402157
v -0.306172 2.060945 -0.761821
v -0.149706 2.114016 -0.389353
v -0.373401 2.131646 -0.729471
v -0.419488 2.140497 -0.706159
v -0.280950 2.139222 -0.322967
v -0.464854 2.128917 -0.682631
v -0.318688 2.108972 -0.302804
v -0.350338 2.013030 -0.283872
v -0.339431 1.961943 -0.287986
v -0.523334 1.951639 -0.647649
v -0.311992 1.919176 -0.300790
v -0.495897 1.908872 -0.660453
v -0.180749 1.893972 -0.367176
vt 0.000000 0.000000
vt 0.000000 0.000000
vt 0.000000 0.000000
vt 0.000000 0.000000
vt 0.000000 0.000000
vt 0.000000 0.000000
vt 0.000000 0.000000
vt 0.000000 0.000000
vt 0.000000 0.000000
vt 0.000000 0.000000
vt 0.000000 0.000000
vt 0.000000 0.000000
vt 0.000000 0.000000
vt 0.000000 0.000000
vt 0.000000 0.000000
vt 0.000000 0.000000
vt 0.000000 0.000000
vt 0.000000 0.000000
vt 0.000000 0.000000
vt 0.000000 0.000000
vt 0.000000 0.000000
vt 0.000000 0.000000
vt 0.000000 0.000000
vt 0.000000 0.000000
vt 0.000000 0.000000
vt 0.000000 0.000000
vt 0.000000 0.000000
vt 0.000000 0.000000
vt 0.000000 0.000000
vt 0.000000 0.000000
vt 0.000000 0.000000
vt 0.000000 0.000000
vt 0.000000 0.000000
vt 0.000000 0.000000
vt 0.000000 0.000000
vt 0.000000 0.000000
vt 0.000000 0.000000
vt 0.000000 0.000000
vt 0.000000 0.000000
vt 0.000000 0.000000
vt 0.000000 0.000000
vt 0.000000 0.000000
vt 0.000000 0.000000
vt 0.000000 0.000000
vt 0.000000 0.000000
vt 0.000000 0.000000
vt 0.000000 0.000000
vt 0.000000 0.000000
vt 0.000000 0.000000
vt 0.000000 0.000000
vt 0.000000 0.000000
vt 0.000000 0.000000
vt 0.000000 0.000000
vt 0.000000 0.000000
vt 0.000000 0.000000
vt 0.000000 0.000000
vt 0.000000 0.000000
vt 0.000000 0.000000
vt 0.000000 0.000000
vt 0.000000 0.000000
vt 0.000000 0.000000
vt 0.000000 0.000000
vt 0.000000 0.000000
vt 0.000000 0.000000
vt 0.000000 0.000000
vt 0.000000 0.000000
vt 0.000000 0.000000
vt 0.000000 0.000000
vt 0.000000 0.000000
vt 0.000000 0.000000
vt 0.000000 0.000000
vt 0.000000 0.000000
vt 0.000000 0.000000
vt 0.000000 0.000000
vt 0.000000 0.000000
vt 0.000000 0.000000
vt 0.000000 0.000000
vt 0.000000 0.000000
vt 0.000000 0.000000
vt 0.000000 0.000000
vt 0.000000 0.000000
vt 0.000000 0.000000
vt 0.000000 0.000000
vt 0.000000 0.000000
vt 0.000000 0.000000
vt 0.000000 0.000000
vt 0.000000 0.000000
vt 0.000000 0.000000
vt 0.000000 0.000000
vt 0.000000 0.000000
vt 0.000000 0.000000
vt 0.000000 0.000000
vt 0.000000 0.000000
vt 0.000000 0.000000
vt 0.000000 0.000000
vt 0.000000 0.000000
vt 0.000000 0.000000
vt 0.000000 0.000000
vt 0.000000 0.000000
vt 0.000000 0.000000
vt 0.000000 0.000000
vt 0.000000 0.000000
vt 0.000000 0.000000
vt 0.000000 0.000000
vt 0.000000 0.000000
vt 0.000000 0.000000
vt 0.000000 0.000000
vt 0.000000 0.000000
vt 0.000000 0.000000
vt 0.000000 0.000000
vt 0.000000 0.000000
vt 0.000000 0.000000
vt 0.000000 0.000000
vt 0.000000 0.000000
vt 0.000000 0.000000
vt 0.000000 0.000000
vt 0.000000 0.000000
vt 0.000000 0.000000
vt 0.000000 0.000000
vt 0.000000 0.000000
vt 0.000000 0.000000
vt 0.000000 0.000000
vt 0.000000 0.000000
vt 0.000000 0.000000
vt 0.000000 0.000000
vt 0.000000 0.000000
vt 0.000000 0.000000
vt 0.000000 0.000000
vt 0.000000 0.000000
vt 0.000000 0.000000
vt 0.000000 0.000000
vt 0.000000 0.000000
vt 0.000000 0.000000
vt 0.000000 0.000000
vt 0.000000 0.000000
vt 0.000000 0.000000
vt 0.000000 0.000000
vt 0.000000 0.000000
vt 0.000000 0.000000
vt 0.000000 0.000000
vt 0.000000 0.000000
vt 0.000000 0.000000
vt 0.000000 0.000000
vt 0.000000 0.000000
vt 0.000000 0.000000
vt 0.000000 0.000000
vt 0.000000 0.000000
vt 0.000000 0.000000
vt 0.000000 0.000000
vt 0.000000 0.000000
vt 0.000000 0.000000
vt 0.000000 0.000000
vt 0.000000 0.000000
vt 0.000000 0.000000
vt 0.000000 0.000000
vt 0.000000 0.000000
vt 0.000000 0.000000
vt 0.000000 0.000000
vt 0.000000 0.000000
vt 0.000000 0.000000
vt 0.000000 0.000000
vt 0.000000 0.000000
vt 0.000000 0.000000
vt 0.000000 0.000000
vt 0.000000 0.000000
vt 0.000000 0.000000
vt 0.000000 0.000000
vt 0.000000 0.000000
vt 0.000000 0.000000
vt 0.000000 0.000000
vt 0.000000 0.000000
vt 0.000000 0.000000
vt 0.000000 0.000000
vt 0.000000 0.000000
vt 0.000000 0.000000
vt 0.000000 0.000000
vt 0.000000 0.000000
vt 0.000000 0.000000
vt 0.000000 0.000000
vt 0.000000 0.000000
vt 0.000000 0.000000
vt 0.000000 0.000000
vt 0.000000 0.000000
vt 0.000000 0.000000
vt 0.000000 0.000000
vt 0.000000 0.000000
vt 0.000000 0.000000
vt 0.000000 0.000000
vt 0.000000 0.000000
vt 0.000000 0.000000
vt 0.000000 0.000000
vt 0.000000 0.000000
vt 0.000000 0.000000
vt 0.000000 0.000000
vt 0.000000 0.000000
vt 0.000000 0.000000
vt 0.000000 0.000000
vt 0.000000 0.000000
vt 0.000000 0.000000
vt 0.000000 0.000000
vt 0.000000 0.000000
vt 0.000000 0.000000
vt 0.000000 0.000000
vt 0.000000 0.000000
vt 0.000000 0.000000
vt 0.000000 0.000000
vt 0.000000 0.000000
vt 0.000000 0.000000
vt 0.000000 0.000000
vt 0.000000 0.000000
vt 0.000000 0.000000
vt 0.000000 0.000000
vt 0.000000 0.000000
vt 0.000000 0.000000
vt 0.000000 0.000000
vt 0.000000 0.000000
vt 0.000000 0.000000
vt 0.000000 0.000000
vt 0.000000 0.000000
vt 0.000000 0.000000
vt 0.000000 0.000000
vt 0.000000 0.000000
vt 0.000000 0.000000
f 1735/2146 1746/2157 1740/2151 1719/2130
f 1719/2130 1722/2133 1730/2141 1735/2146
f 1718/2129 1721/2132 1739/2150 1740/2151
f 1727/2138 1734/2145 1736/2147 1724/2135
f 1728/2139 1773/2184 1768/2179
f 1729/2140 1745/2156 1749/2160 1743/2154
f 1744/2155 1723/2134 1718/2129 1737/2148
f 1748/2159 1742/2153 1755/2166 1757/2168
f 1733/2144 1778/2189 1777/2188 1751/2162
f 1731/2142 1749/2160 1747/2158 1741/2152
f 1772/2183 1743/2154 1728/2139 1768/2179
f 1732/2143 1767/2178 1774/2185 1750/2161
f 1754/2165 1756/2167 1764/2175 1762/2173
f 1720/2131 1722/2133 1719/2130
f 1721/2132 1718/2129 1723/2134
f 1738/2149 1725/2136 1742/2153 1748/2159
f 1740/2151 1746/2157 1737/2148 1718/2129
f 1735/2146 1725/2136 1738/2149 1746/2157
f 1749/2160 1731/2142 1728/2139 1743/2154
f 1739/2150 1720/2131 1719/2130 1740/2151
f 1735/2146 1730/2141 1726/2137 1725/2136
f 1726/2137 1733/2144 1742/2153 1725/2136
f 1724/2135 1744/2155 1737/2148 1727/2138
f 1736/2147 1734/2145 1752/2163 1753/2164
f 1727/2138 1738/2149 1748/2159 1734/2145
f 1741/2152 1747/2158 1756/2167 1754/2165
f 1731/2142 1766/2177 1773/2184 1728/2139
f 1749/2160 1745/2156 1732/2143 1747/2158
f 1727/2138 1737/2148 1746/2157 1738/2149
f 1778/2189 1741/2152 1754/2165 1777/2188
f 1770/2181 1729/2140 1769/2180
f 1757/2168 1755/2166 1763/2174 1765/2176
f 1734/2145 1748/2159 1757/2168 1752/2163
f 1742/2153 1733/2144 1751/2162 1755/2166
f 1751/2162 1777/2188 1776/2187 1759/2170
f 1755/2166 1751/2162 1759/2170 1763/2174
f 1747/2158 1732/2143 1750/2161 1756/2167
f 1772/2183 1769/2180 1729/2140 1743/2154
f 1778/2189 1733/2144 1726/2137 1730/2141 1766/2177
f 1753/2164 1752/2163 1760/2171 1761/2172
f 1756/2167 1750/2161 1758/2169 1764/2175
f 1752/2163 1757/2168 1765/2176 1760/2171
f 1750/2161 1774/2185 1775/2186 1758/2169
f 1764/2175 1758/2169 1775/2186 1776/2187 1762/2173
f 1744/2155 1724/2135 1736/2147 1767/2178 1771/2182
f 1771/2182 1767/2178 1732/2143 1745/2156
f 1744/2155 1771/2182 1770/2181 1723/2134
f 1739/2150 1721/2132 1769/2180 1772/2183
f 1723/2134 1770/2181 1769/2180 1721/2132
f 1739/2150 1772/2183 1768/2179 1720/2131
f 1771/2182 1745/2156 1729/2140 1770/2181
f 1768/2179 1773/2184 1722/2133 1720/2131
f 1773/2184 1766/2177 1730/2141 1722/2133
f 1774/2185 1767/2178 1736/2147 1753/2164
f 1775/2186 1774/2185 1753/2164 1761/2172
f 1776/2187 1775/2186 1761/2172 1760/2171 1765/2176 1763/2174 1759/2170
f 1776/2187 1777/2188 1754/2165 1762/2173
f 1741/2152 1778/2189 1766/2177 1731/2142
f 1782/2193 1869/2280 1899/2310 1817/2228
f 1802/2213 1891/2302 1839/2250 1918/2329
f 1798/2209 1797/2208 1850/2261 1930/2341
f 1802/2213 1804/2215 1938/2349 1936/2347
f 1791/2202 1878/2289 1907/2318 1826/2237
f 1801/2212 1892/2303 1840/2251 1838/2249
f 1783/2194 1868/2279 1816/2227 1898/2309
f 1877/2288 1790/2201 1825/2236 1824/2235
f 1891/2302 1890/2301 1917/2328 1839/2250
f 1781/2192 1782/2193 1817/2228 1897/2308
f 1889/2300 1801/2212 1838/2249 1916/2327
f 1878/2289 1789/2200 1823/2234 1907/2318
f 1890/2301 1888/2299 1915/2326 1917/2328
f 1868/2279 1867/2278 1896/2307 1816/2227
f 1876/2287 1877/2288 1824/2235 1822/2233
f 1800/2211 1889/2300 1916/2327 1914/2325
f 1780/2191 1781/2192 1897/2308 1815/2226
f 1888/2299 1887/2298 1837/2248 1915/2326
f 1789/2200 1875/2286 1906/2317 1823/2234
f 1799/2210 1800/2211 1914/2325 1836/2247
f 1867/2278 1866/2277 1814/2225 1896/2307
f 1788/2199 1876/2287 1822/2233 1905/2316
f 1887/2298 1886/2297 1835/2246 1837/2248
f 1865/2276 1780/2191 1815/2226 1813/2224
f 1798/2209 1799/2210 1836/2247 1834/2245
f 1875/2286 1874/2285 1821/2232 1906/2317
f 1886/2297 1885/2296 1833/2244 1835/2246
f 1866/2277 1863/2274 1812/2223 1814/2225
f 1873/2284 1788/2199 1905/2316 1904/2315
f 1797/2208 1798/2209 1834/2245 1832/2243
f 1779/2190 1865/2276 1813/2224 1811/2222
f 1885/2296 1884/2295 1831/2242 1833/2244
f 1874/2285 1787/2198 1903/2314 1821/2232
f 1796/2207 1797/2208 1832/2243 1830/2241
f 1825/2236 1827/2238 1921/2332 1919/2330
f 1817/2228 1899/2310 1835/2246 1833/2244
f 1818/2229 1898/2309 1834/2245 1836/2247
f 1908/2319 1826/2237 1920/2331 1922/2333
f 1811/2222 1813/2224 1912/2323 1910/2321
f 1904/2315 1905/2316 1918/2329 1839/2250
f 1814/2225 1812/2223 1828/2239 1829/2240
f 1906/2317 1821/2232 1840/2251 1841/2252
f 1899/2310 1819/2230 1837/2248 1835/2246
f 1827/2238 1810/2221 1909/2320 1921/2332
f 1820/2231 1818/2229 1836/2247 1914/2325
f 1895/2306 1908/2319 1922/2333 1911/2322
f 1813/2224 1815/2226 1913/2324 1912/2323
f 1905/2316 1822/2233 1842/2253 1918/2329
f 1896/2307 1814/2225 1829/2240 1830/2241
f 1823/2234 1906/2317 1841/2252 1843/2254
f 1819/2230 1900/2311 1915/2326 1837/2248
f 1901/2312 1820/2231 1914/2325 1916/2327
f 1815/2226 1897/2308 1831/2242 1913/2324
f 1822/2233 1824/2235 1844/2255 1842/2253
f 1816/2227 1896/2307 1830/2241 1832/2243
f 1907/2318 1823/2234 1843/2254 1845/2256
f 1900/2311 1902/2313 1917/2328 1915/2326
f 1903/2314 1901/2312 1916/2327 1838/2249
f 1897/2308 1817/2228 1833/2244 1831/2242
f 1824/2235 1825/2236 1919/2330 1844/2255
f 1810/2221 1811/2222 1910/2321 1909/2320
f 1898/2309 1816/2227 1832/2243 1834/2245
f 1826/2237 1907/2318 1845/2256 1920/2331
f 1812/2223 1895/2306 1911/2322 1828/2239
f 1902/2313 1904/2315 1839/2250 1917/2328
f 1821/2232 1903/2314 1838/2249 1840/2251
f 1892/2303 1803/2214 1841/2252 1840/2251
f 1790/2201 1792/2203 1827/2238 1825/2236
f 1784/2195 1783/2194 1898/2309 1818/2229
f 1804/2215 1802/2213 1918/2329 1842/2253
f 1793/2204 1791/2202 1826/2237 1908/2319
f 1803/2214 1805/2216 1843/2254 1841/2252
f 1869/2280 1870/2281 1819/2230 1899/2310
f 1806/2217 1804/2215 1842/2253 1844/2255
f 1792/2203 1862/2273 1810/2221 1827/2238
f 1871/2282 1784/2195 1818/2229 1820/2231
f 1805/2216 1893/2304 1845/2256 1843/2254
f 1864/2275 1793/2204 1908/2319 1895/2306
f 1894/2305 1806/2217 1844/2255 1919/2330
f 1795/2206 1794/2205 1909/2320 1910/2321
f 1870/2281 1872/2283 1900/2311 1819/2230
f 1893/2304 1807/2218 1920/2331 1845/2256
f 1880/2291 1879/2290 1828/2239 1911/2322
f 1785/2196 1871/2282 1820/2231 1901/2312
f 1808/2219 1894/2305 1919/2330 1921/2332
f 1881/2292 1795/2206 1910/2321 1912/2323
f 1807/2218 1809/2220 1922/2333 1920/2331
f 1879/2290 1882/2293 1829/2240 1828/2239
f 1872/2283 1786/2197 1902/2313 1900/2311
f 1794/2205 1808/2219 1921/2332 1909/2320
f 1883/2294 1881/2292 1912/2323 1913/2324
f 1787/2198 1785/2196 1901/2312 1903/2314
f 1862/2273 1779/2190 1811/2222 1810/2221
f 1809/2220 1880/2291 1911/2322 1922/2333
f 1882/2293 1796/2207 1830/2241 1829/2240
f 1863/2274 1864/2275 1895/2306 1812/2223
f 1884/2295 1883/2294 1913/2324 1831/2242
f 1786/2197 1873/2284 1904/2315 1902/2313
f 1805/2216 1803/2214 1937/2348 1939/2350
f 1885/2296 1886/2297 1852/2263 1851/2262
f 1804/2215 1806/2217 1857/2268 1938/2349
f 1799/2210 1798/2209 1930/2341 1931/2342
f 1893/2304 1805/2216 1939/2350 1858/2269
f 1886/2297 1887/2298 1932/2343 1852/2263
f 1806/2217 1894/2305 1859/2270 1857/2268
f 1800/2211 1799/2210 1931/2342 1933/2344
f 1794/2205 1795/2206 1924/2335 1923/2334
f 1807/2218 1893/2304 1858/2269 1860/2271
f 1887/2298 1888/2299 1934/2345 1932/2343
f 1879/2290 1880/2291 1925/2336 1848/2259
f 1894/2305 1808/2219 1940/2351 1859/2270
f 1889/2300 1800/2211 1933/2344 1853/2264
f 1795/2206 1881/2292 1849/2260 1924/2335
f 1809/2220 1807/2218 1860/2271 1861/2272
f 1888/2299 1890/2301 1854/2265 1934/2345
f 1882/2293 1879/2290 1848/2259 1926/2337
f 1808/2219 1794/2205 1923/2334 1940/2351
f 1801/2212 1889/2300 1853/2264 1855/2266
f 1881/2292 1883/2294 1927/2338 1849/2260
f 1880/2291 1809/2220 1861/2272 1925/2336
f 1890/2301 1891/2302 1935/2346 1854/2265
f 1796/2207 1882/2293 1926/2337 1928/2339
f 1892/2303 1801/2212 1855/2266 1856/2267
f 1883/2294 1884/2295 1929/2340 1927/2338
f 1891/2302 1802/2213 1936/2347 1935/2346
f 1797/2208 1796/2207 1928/2339 1850/2261
f 1803/2214 1892/2303 1856/2267 1937/2348
f 1884/2295 1885/2296 1851/2262 1929/2340
f 1846/2257 1924/2335 1849/2260
f 1847/2258 1926/2337 1848/2259
f 1846/2257 1849/2260 1927/2338
f 1847/2258 1850/2261 1928/2339
f 1846/2257 1927/2338 1929/2340
f 1847/2258 1848/2259 1925/2336
f 1846/2257 1929/2340 1851/2262
f 1847/2258 1930/2341 1850/2261
f 1846/2257 1851/2262 1852/2263
f 1847/2258 1931/2342 1930/2341
f 1846/2257 1852/2263 1932/2343
f 1847/2258 1933/2344 1931/2342
f 1846/2257 1932/2343 1934/2345
f 1847/2258 1853/2264 1933/2344
f 1846/2257 1934/2345 1854/2265
f 1847/2258 1855/2266 1853/2264
f 1846/2257 1854/2265 1935/2346
f 1847/2258 1937/2348 1856/2267
f 1846/2257 1935/2346 1936/2347
f 1847/2258 1928/2339 1926/2337
f 1846/2257 1936/2347 1938/2349
f 1847/2258 1939/2350 1937/2348
f 1846/2257 1938/2349 1857/2268
f 1847/2258 1858/2269 1939/2350
f 1846/2257 1857/2268 1859/2270
f 1847/2258 1860/2271 1858/2269
f 1846/2257 1859/2270 1940/2351
f 1847/2258 1861/2272 1860/2271
f 1846/2257 1940/2351 1923/2334
f 1847/2258 1925/2336 1861/2272
f 1793/2204 1792/2203 1790/2201 1791/2202
f 1791/2202 1790/2201 1877/2288 1878/2289
f 1878/2289 1877/2288 1876/2287 1789/2200
f 1789/2200 1876/2287 1788/2199 1875/2286
f 1875/2286 1788/2199 1873/2284 1874/2285
f 1874/2285 1873/2284 1786/2197 1787/2198
f 1787/2198 1786/2197 1872/2283 1785/2196
f 1785/2196 1872/2283 1870/2281 1871/2282
f 1871/2282 1870/2281 1869/2280 1784/2195
f 1784/2195 1869/2280 1782/2193 1783/2194
f 1783/2194 1782/2193 1781/2192 1868/2279
f 1868/2279 1781/2192 1780/2191 1867/2278
f 1867/2278 1780/2191 1865/2276 1866/2277
f 1866/2277 1865/2276 1779/2190 1863/2274
f 1863/2274 1779/2190 1862/2273 1864/2275
f 1864/2275 1862/2273 1792/2203 1793/2204
f 1846/2257 1923/2334 1924/2335
f 1847/2258 1856/2267 1855/2266
v -1.768585 0.709109 -0.349937
v -1.355421 0.528527 -0.075940
v -1.368724 0.740565 0.278868
v -1.106641 2.097301 0.364127
v -1.327098 2.351370 -0.098340
v -1.196288 2.321284 0.136546
v -1.785481 2.282423 -0.345765
v -1.920189 0.961577 -0.439251
v -1.199444 1.368552 0.279713
v -1.250563 0.586322 0.110512
v -1.509247 0.587534 -0.220813
v -1.506760 2.329720 -0.330398
v -1.546626 1.190412 -0.689245
v -0.843462 0.810835 -0.107141
v -1.297478 2.288393 -0.434217
v -1.528120 2.134644 -0.490666
v -1.092594 2.325623 -0.208222
v -0.970966 2.287451 0.007290
v -1.270853 0.962633 -0.605017
v -0.904261 0.848637 -0.297062
v -1.054511 0.912238 -0.461440
v -0.847791 2.128578 0.209140
v -0.833989 1.520309 0.167766
v -0.865530 0.959789 0.052495
v -1.762852 0.760102 -0.292845
v -1.384779 0.595805 -0.047799
v -1.410079 0.767905 0.220416
v -1.141841 2.071404 0.301618
v -1.335703 2.272801 -0.093576
v -1.216351 2.248571 0.113702
v -1.753176 2.251958 -0.283701
v -1.890394 0.983770 -0.373057
v -1.233938 1.380267 0.213160
v -1.297325 0.644888 0.086277
v -1.523775 0.649215 -0.175853
v -1.500698 2.264543 -0.288204
v -1.512518 1.204438 -0.622915
v -0.889204 0.872908 -0.124258
v -1.296207 2.215835 -0.404195
v -1.497364 2.102169 -0.428810
v -1.101798 2.247045 -0.204789
v -0.990847 2.214521 -0.015073
v -1.268751 1.016279 -0.549914
v -0.933705 0.915951 -0.269080
v -1.070264 0.974156 -0.417148
v -0.882240 2.095985 0.149111
v -0.868525 1.530937 0.101069
v -0.906153 0.985460 -0.007084
vt 0.000000 0.000000
vt 0.000000 0.000000
vt 0.000000 0.000000
vt 0.000000 0.000000
vt 0.000000 0.000000
vt 0.000000 0.000000
vt 0.000000 0.000000
vt 0.000000 0.000000
vt 0.000000 0.000000
vt 0.000000 0.000000
vt 0.000000 0.000000
vt 0.000000 0.000000
vt 0.000000 0.000000
vt 0.000000 0.000000
vt 0.000000 0.000000
vt 0.000000 0.000000
vt 0.000000 0.000000
vt 0.000000 0.000000
vt 0.000000 0.000000
vt 0.000000 0.000000
vt 0.000000 0.000000
vt 0.000000 0.000000
vt 0.000000 0.000000
vt 0.000000 0.000000
vt 0.000000 0.000000
vt 0.000000 0.000000
vt 0.000000 0.000000
vt 0.000000 0.000000
vt 0.000000 0.000000
vt 0.000000 0.000000
vt 0.000000 0.000000
vt 0.000000 0.000000
vt 0.000000 0.000000
vt 0.000000 0.000000
vt 0.000000 0.000000
vt 0.000000 0.000000
vt 0.000000 0.000000
vt 0.000000 0.000000
vt 0.000000 0.000000
vt 0.000000 0.000000
vt 0.000000 0.000000
vt 0.000000 0.000000
vt 0.000000 0.000000
vt 0.000000 0.000000
vt 0.000000 0.000000
vt 0.000000 0.000000
vt 0.000000 0.000000
vt 0.000000 0.000000
f 1959/2370 1941/2352 1948/2359 1953/2364
f 1955/2366 1952/2363 1945/2356 1957/2368
f 1954/2365 1950/2361 1942/2353 1960/2371
f 1962/2373 1944/2355 1949/2360 1963/2374
f 1953/2364 1948/2359 1947/2358 1956/2367
f 1964/2375 1943/2354 1950/2361 1954/2365
f 1960/2371 1942/2353 1951/2362 1961/2372
f 1957/2368 1945/2356 1946/2357 1958/2369
f 1958/2369 1946/2357 1944/2355 1962/2373
f 1956/2367 1947/2358 1952/2363 1955/2366
f 1943/2354 1964/2375 1963/2374 1949/2360
f 1961/2372 1951/2362 1941/2352 1959/2370
f 1983/2394 1977/2388 1972/2383 1965/2376
f 1979/2390 1981/2392 1969/2380 1976/2387
f 1978/2389 1984/2395 1966/2377 1974/2385
f 1986/2397 1987/2398 1973/2384 1968/2379
f 1977/2388 1980/2391 1971/2382 1972/2383
f 1988/2399 1978/2389 1974/2385 1967/2378
f 1984/2395 1985/2396 1975/2386 1966/2377
f 1981/2392 1982/2393 1970/2381 1969/2380
f 1982/2393 1986/2397 1968/2379 1970/2381
f 1980/2391 1979/2390 1976/2387 1971/2382
f 1967/2378 1973/2384 1987/2398 1988/2399
f 1985/2396 1983/2394 1965/2376 1975/2386
f 1950/2361 1943/2354 1967/2378 1974/2385
f 1952/2363 1947/2358 1971/2382 1976/2387
f 1951/2362 1942/2353 1966/2377 1975/2386
f 1944/2355 1946/2357 1970/2381 1968/2379
f 1962/2373 1963/2374 1987/2398 1986/2397
f 1946/2357 1945/2356 1969/2380 1970/2381
f 1953/2364 1956/2367 1980/2391 1977/2388
f 1948/2359 1941/2352 1965/2376 1972/2383
f 1963/2374 1964/2375 1988/2399 1987/2398
f 1947/2358 1948/2359 1972/2383 1971/2382
f 1964/2375 1954/2365 1978/2389 1988/2399
f 1949/2360 1944/2355 1968/2379 1973/2384
f 1960/2371 1961/2372 1985/2396 1984/2395
f 1943/2354 1949/2360 1973/2384 1967/2378
f 1957/2368 1958/2369 1982/2393 1981/2392
f 1942/2353 1950/2361 1974/2385 1966/2377
f 1958/2369 1962/2373 1986/2397 1982/2393
f 1945/2356 1952/2363 1976/2387 1969/2380
f 1956/2367 1955/2366 1979/2390 1980/2391
f 1941/2352 1951/2362 1975/2386 1965/2376
f 1961/2372 1959/2370 1983/2394 1985/2396
f 1955/2366 1957/2368 1981/2392 1979/2390
f 1959/2370 1953/2364 1977/2388 1983/2394
f 1954/2365 1960/2371 1984/2395 1978/2389
v -2.440585 2.808767 0.789792
v -1.923946 2.864468 -0.441569
v -3.889904 0.828594 -0.165864
v -1.093213 1.299132 0.264767
v -1.556599 2.858433 0.716307
v -2.415191 2.832946 -0.488095
v -2.330063 1.368921 -0.581675
v -2.358813 2.015843 0.718239
v -3.401726 0.940604 0.390343
v -1.081181 1.374464 -0.148150
v -1.470454 2.111636 0.671418
v -2.840327 3.212581 0.670537
v -2.501823 3.266194 0.781124
v -1.990584 3.277864 -0.393771
v -1.610337 3.267114 0.719598
v -2.528835 3.269577 -0.475200
v -1.080067 3.283271 -0.147513
v -3.853763 0.828280 -0.383407
v -3.484090 0.963831 -0.653895
v -3.709051 0.866720 0.138493
v -3.188656 2.678825 0.599958
v -3.144901 1.842005 0.506296
v -3.212255 3.120070 0.583663
v -2.881586 2.749434 -0.600428
v -2.838262 1.255811 -0.582075
v -2.796601 2.002299 -0.513928
v -2.995534 3.163984 -0.547097
v -1.422900 2.882520 -0.327483
v -0.954208 2.883613 0.122057
v -1.488603 3.272426 -0.298575
v -1.000408 1.341900 0.081566
v -0.957198 2.158174 0.106890
v -0.984617 3.283743 0.143089
v -1.234541 2.864970 0.620264
v -1.252125 1.293810 0.394010
v -1.202372 2.124615 0.499392
v -2.046837 2.840239 0.794229
v -1.971457 2.065299 0.696193
v -2.095763 3.276530 0.755323
v -2.758058 1.933191 0.621527
v -2.802450 2.756094 0.691072
v -3.505110 1.756212 0.407379
v -3.833675 1.701364 0.150455
v -3.975573 1.682394 -0.381779
v -0.933565 2.892218 0.457618
v -0.939729 2.145417 0.361413
v -4.006161 1.676764 -0.129557
v -3.722926 0.835259 -0.620163
v -3.826918 1.700312 -0.626569
v -1.485487 1.290926 0.574110
v -3.545513 3.026670 0.483473
v -3.563066 2.596162 0.501772
v -1.030782 2.881099 -0.138097
v -1.101327 2.166720 -0.159996
v -2.294986 2.111821 -0.425138
v -3.513630 1.801767 -0.646940
v -0.943056 3.298576 0.454944
v -1.223815 3.274755 0.686109
v -1.416060 1.372799 -0.359786
v -1.352087 2.158450 -0.317028
v -1.951461 1.381907 -0.502657
v -1.873321 2.141992 -0.392021
v -3.299398 2.652788 -0.642669
v -4.107903 2.454811 -0.018520
v -3.636542 2.569911 -0.674981
v -3.418356 3.007125 -0.591268
v -3.976347 2.826857 -0.523473
v -4.065315 2.463321 -0.256964
v -4.107432 2.795465 -0.217988
v -3.711948 2.910149 -0.598565
v -3.900874 2.513521 0.331792
v -3.898868 2.882236 0.313541
v -3.932330 2.489878 -0.524900
v -4.148551 2.791253 0.050833
v -3.191347 1.895432 -0.588332
v -3.205665 1.104324 -0.616639
v -1.964567 1.241065 0.585929
v -2.335120 1.182651 0.614397
v -2.697712 1.126931 0.546377
v -3.090947 1.042389 0.460462
v -2.319426 0.390977 0.499461
v -3.576963 0.241032 -0.153927
v -3.551531 0.234631 -0.356004
v -2.955033 0.347120 0.385598
v -2.685060 0.349898 -0.604106
v -1.256427 0.339574 0.059229
v -1.373376 0.336853 0.289823
v -2.650291 0.380272 0.457409
v -1.965967 0.382952 0.455682
v -1.239613 0.329851 0.198263
v -3.439343 0.229138 -0.586077
v -2.229109 0.384555 -0.564678
v -3.236283 0.303224 0.317535
v -1.294182 0.348937 -0.099000
v -3.245169 0.246989 -0.674912
v -3.464233 0.266755 0.108903
v -1.587148 0.375503 -0.258227
v -1.971062 0.393724 -0.460464
v -3.000487 0.290078 -0.640231
v -1.523545 0.348504 0.390794
v -2.507529 3.496240 0.770924
v -2.538260 3.503676 -0.461294
v -3.206015 3.350660 0.575730
v -1.510092 3.507623 -0.284001
v -2.106120 3.499068 0.743538
v -1.627601 3.498400 0.711025
v -0.949675 3.465761 0.421864
v -1.242150 3.488321 0.682027
v -1.104299 3.495503 -0.141853
v -1.013278 3.481961 0.145467
v -2.003518 3.498626 -0.383929
v -2.998174 3.390973 -0.534757
v -2.840001 3.440989 0.661118
v -3.531967 3.258019 0.476810
v -3.415479 3.219339 -0.578435
v -4.084870 2.992783 -0.210074
v -3.701489 3.124196 -0.578815
v -3.878603 3.098760 0.305027
v -3.960758 3.020902 -0.514800
v -4.087960 2.986088 0.036300
v -1.130678 3.501028 0.043981
vt 0.000000 0.000000
vt 0.000000 0.000000
vt 0.000000 0.000000
vt 0.000000 0.000000
vt 0.000000 0.000000
vt 0.000000 0.000000
vt 0.000000 0.000000
vt 0.000000 0.000000
vt 0.000000 0.000000
vt 0.000000 0.000000
vt 0.000000 0.000000
vt 0.000000 0.000000
vt 0.000000 0.000000
vt 0.000000 0.000000
vt 0.000000 0.000000
vt 0.000000 0.000000
vt 0.000000 0.000000
vt 0.000000 0.000000
vt 0.000000 0.000000
vt 0.000000 0.000000
vt 0.000000 0.000000
vt 0.000000 0.000000
vt 0.000000 0.000000
vt 0.000000 0.000000
vt 0.000000 0.000000
vt 0.000000 0.000000
vt 0.000000 0.000000
vt 0.000000 0.000000
vt 0.000000 0.000000
vt 0.000000 0.000000
vt 0.000000 0.000000
vt 0.000000 0.000000
vt 0.000000 0.000000
vt 0.000000 0.000000
vt 0.000000 0.000000
vt 0.000000 0.000000
vt 0.000000 0.000000
vt 0.000000 0.000000
vt 0.000000 0.000000
vt 0.000000 0.000000
vt 0.000000 0.000000
vt 0.000000 0.000000
vt 0.000000 0.000000
vt 0.000000 0.000000
vt 0.000000 0.000000
vt 0.000000 0.000000
vt 0.000000 0.000000
vt 0.000000 0.000000
vt 0.000000 0.000000
vt 0.000000 0.000000
vt 0.000000 0.000000
vt 0.000000 0.000000
vt 0.000000 0.000000
vt 0.000000 0.000000
vt 0.000000 0.000000
vt 0.000000 0.000000
vt 0.000000 0.000000
vt 0.000000 0.000000
vt 0.000000 0.000000
vt 0.000000 0.000000
vt 0.000000 0.000000
vt 0.000000 0.000000
vt 0.000000 0.000000
vt 0.000000 0.000000
vt 0.000000 0.000000
vt 0.000000 0.000000
vt 0.000000 0.000000
vt 0.000000 0.000000
vt 0.000000 0.000000
vt 0.000000 0.000000
vt 0.000000 0.000000
vt 0.000000 0.000000
vt 0.000000 0.000000
vt 0.000000 0.000000
vt 0.000000 0.000000
vt 0.000000 0.000000
vt 0.000000 0.000000
vt 0.000000 0.000000
vt 0.000000 0.000000
vt 0.000000 0.000000
vt 0.000000 0.000000
vt 0.000000 0.000000
vt 0.000000 0.000000
vt 0.000000 0.000000
vt 0.000000 0.000000
vt 0.000000 0.000000
vt 0.000000 0.000000
vt 0.000000 0.000000
vt 0.000000 0.000000
vt 0.000000 0.000000
vt 0.000000 0.000000
vt 0.000000 0.000000
vt 0.000000 0.000000
vt 0.000000 0.000000
vt 0.000000 0.000000
vt 0.000000 0.000000
vt 0.000000 0.000000
vt 0.000000 0.000000
vt 0.000000 0.000000
vt 0.000000 0.000000
vt 0.000000 0.000000
vt 0.000000 0.000000
vt 0.000000 0.000000
vt 0.000000 0.000000
vt 0.000000 0.000000
vt 0.000000 0.000000
vt 0.000000 0.000000
vt 0.000000 0.000000
vt 0.000000 0.000000
vt 0.000000 0.000000
vt 0.000000 0.000000
vt 0.000000 0.000000
vt 0.000000 0.000000
vt 0.000000 0.000000
vt 0.000000 0.000000
vt 0.000000 0.000000
vt 0.000000 0.000000
vt 0.000000 0.000000
vt 0.000000 0.000000
vt 0.000000 0.000000
vt 0.000000 0.000000
f 2022/2433 1993/2404 1999/2410 2024/2435
f 2017/2428 2020/2431 2042/2453 2041/2452
f 2004/2415 2015/2426 2100/2511 2090/2501
f 2046/2457 2045/2456 2095/2506 2096/2507
f 2012/2423 1994/2405 2043/2454 2014/2425
f 1994/2405 2004/2415 2002/2413 1990/2401
f 2000/2411 2011/2422 2009/2420 2029/2440
f 2029/2440 2009/2420 2010/2421 2028/2439
f 2005/2416 2018/2429 2092/2503 2097/2508
f 2009/2420 2040/2451 2030/2441 2010/2421
f 2002/2413 2004/2415 2090/2501 2099/2510
f 2018/2429 2002/2413 2099/2510 2092/2503
f 2077/2488 2088/2499 2038/2449 2065/2476
f 2085/2496 2086/2497 2049/2460 2047/2458
f 2008/2419 1997/2408 2030/2441 2031/2442
f 2006/2417 2032/2443 2037/2448 2036/2447
f 2025/2436 1993/2404 2003/2414 2027/2438
f 2081/2492 2072/2483 2068/2479 1997/2408
f 2073/2484 2087/2498 2064/2475 2013/2424
f 2007/2418 2036/2447 2037/2448 2044/2455
f 2013/2424 2014/2425 2043/2454 1995/2406
f 2074/2485 2082/2493 1998/2409 2019/2430
f 2019/2430 1998/2409 2042/2453 2020/2431
f 2023/2434 2024/2435 1999/2410 2038/2449
f 2016/2427 2018/2429 2005/2416 2041/2452
f 2012/2423 2015/2426 2004/2415 1994/2405
f 2022/2433 2046/2457 2003/2414 1993/2404
f 2017/2428 2041/2452 2005/2416 2021/2432
f 1991/2402 2035/2446 2032/2443 2006/2417
f 2072/2483 2076/2487 2067/2478 2068/2479
f 2015/2426 2054/2465 2103/2514 2100/2511
f 2079/2490 2071/2482 2006/2417 2036/2447
f 2000/2411 2001/2412 2089/2500 2101/2512
f 1991/2402 2008/2419 2031/2442 2035/2446
f 2080/2491 2073/2484 2013/2424 1995/2406
f 2075/2486 2078/2489 1992/2403 2023/2434
f 2076/2487 2069/2480 2066/2477 2067/2478
f 2066/2477 1996/2407 2028/2439 2067/2478
f 2009/2420 2011/2422 2039/2450 2040/2451
f 1990/2401 2016/2427 2048/2459 2050/2461
f 1990/2401 2002/2413 2018/2429 2016/2427
f 2033/2444 2017/2428 2021/2432 2045/2456
f 1992/2403 2019/2430 2020/2431 2034/2445
f 2087/2498 2083/2494 2007/2418 2064/2475
f 2033/2444 2034/2445 2020/2431 2017/2428
f 2033/2444 2045/2456 2046/2457 2022/2433
f 1992/2403 2034/2445 2024/2435 2023/2434
f 2033/2444 2022/2433 2024/2435 2034/2445
f 1989/2400 2025/2436 2027/2438 2001/2412
f 2021/2432 2005/2416 2097/2508 2098/2509
f 1989/2400 1996/2407 2026/2437 2025/2436
f 2045/2456 2021/2432 2098/2509 2095/2506
f 2027/2438 2003/2414 2094/2505 2093/2504
f 1989/2400 2029/2440 2028/2439 1996/2407
f 1989/2400 2001/2412 2000/2411 2029/2440
f 2014/2425 2063/2474 2051/2462 2012/2423
f 2003/2414 2046/2457 2096/2507 2094/2505
f 2060/2471 2039/2450 2102/2513 2106/2517
f 2063/2474 2014/2425 2013/2424 2064/2475
f 2039/2450 2011/2422 2091/2502 2102/2513
f 2025/2436 2026/2437 1999/2410 1993/2404
f 2048/2459 2016/2427 2041/2452 2042/2453
f 2047/2458 2048/2459 2042/2453 1998/2409
f 2049/2460 2050/2461 2048/2459 2047/2458
f 2066/2477 2065/2476 2026/2437 1996/2407
f 2070/2481 2084/2495 2008/2419 1991/2402
f 1995/2406 2043/2454 2050/2461 2049/2460
f 2088/2499 2075/2486 2023/2434 2038/2449
f 2069/2480 2077/2488 2065/2476 2066/2477
f 2043/2454 1994/2405 1990/2401 2050/2461
f 2011/2422 2000/2411 2101/2512 2091/2502
f 2058/2469 2105/2516 2103/2514 2054/2465
f 2056/2467 2057/2468 2055/2466 2061/2472
f 2037/2448 2032/2443 2056/2467 2061/2472
f 2053/2464 2061/2472 2055/2466 2058/2469
f 2052/2463 2062/2473 2057/2468 2056/2467
f 2051/2462 2053/2464 2058/2469 2054/2465
f 2052/2463 2059/2470 2060/2471 2062/2473
f 2057/2468 2104/2515 2107/2518 2055/2466
f 2055/2466 2107/2518 2105/2516 2058/2469
f 2044/2455 2063/2474 2064/2475 2007/2418
f 2062/2473 2108/2519 2104/2515 2057/2468
f 2060/2471 2106/2517 2108/2519 2062/2473
f 2044/2455 2053/2464 2051/2462 2063/2474
f 2086/2497 2080/2491 1995/2406 2049/2460
f 2030/2441 2040/2451 2059/2470 2031/2442
f 2001/2412 2027/2438 2093/2504 2089/2500
f 2035/2446 2031/2442 2059/2470 2052/2463
f 2059/2470 2040/2451 2039/2450 2060/2471
f 2056/2467 2032/2443 2035/2446 2052/2463
f 2037/2448 2061/2472 2053/2464 2044/2455
f 2012/2423 2051/2462 2054/2465 2015/2426
f 2065/2476 2038/2449 1999/2410 2026/2437
f 2067/2478 2028/2439 2010/2421 2068/2479
f 2083/2494 2079/2490 2036/2447 2007/2418
f 2068/2479 2010/2421 2030/2441 1997/2408
f 2082/2493 2085/2496 2047/2458 1998/2409
f 2078/2489 2074/2485 2019/2430 1992/2403
f 2071/2482 2070/2481 1991/2402 2006/2417
f 2075/2486 2088/2499 2085/2496
f 2072/2483 2081/2492 2084/2495
f 2084/2495 2070/2481 2087/2498
f 2070/2481 2071/2482 2087/2498
f 2071/2482 2079/2490 2087/2498
f 2079/2490 2083/2494 2087/2498
f 2069/2480 2076/2487 2080/2491 2086/2497
f 2088/2499 2077/2488 2086/2497 2085/2496
f 2085/2496 2082/2493 2075/2486
f 2082/2493 2074/2485 2075/2486
f 2069/2480 2086/2497 2077/2488
f 2078/2489 2075/2486 2074/2485
f 2072/2483 2084/2495 2087/2498 2073/2484
f 2089/2500 2090/2501 2101/2512
f 2109/2520 2092/2503 2094/2505 2096/2507
f 2101/2512 2090/2501 2100/2511 2091/2502
f 2094/2505 2092/2503 2099/2510 2093/2504
f 2098/2509 2096/2507 2095/2506
f 2109/2520 2098/2509 2097/2508
f 2106/2517 2104/2515 2108/2519
f 2104/2515 2105/2516 2107/2518
f 2102/2513 2103/2514 2105/2516 2106/2517
f 2091/2502 2100/2511 2103/2514 2102/2513
f 2105/2516 2104/2515 2106/2517
f 2084/2495 2081/2492 1997/2408 2008/2419
f 2093/2504 2099/2510 2090/2501 2089/2500
f 2076/2487 2072/2483 2073/2484 2080/2491
f 2092/2503 2109/2520 2097/2508
f 2098/2509 2109/2520 2096/2507
v -3.018502 3.398359 0.665666
v -3.249506 2.330061 0.572818
v -3.405084 3.296874 0.570294
v -2.970836 2.388642 0.641567
v -2.800937 3.092564 0.719341
v -3.510948 3.029858 0.544177
v -2.999205 3.398359 0.587446
v -3.230208 2.330061 0.530456
v -3.385787 3.296874 0.492074
v -2.951539 2.388642 0.599205
v -2.781640 3.092564 0.641120
v -3.491651 3.029858 0.465957
vt 0.000000 0.000000
vt 0.000000 0.000000
vt 0.000000 0.000000
vt 0.000000 0.000000
vt 0.000000 0.000000
vt 0.000000 0.000000
vt 0.000000 0.000000
vt 0.000000 0.000000
vt 0.000000 0.000000
vt 0.000000 0.000000
vt 0.000000 0.000000
vt 0.000000 0.000000
f 2114/2525 2115/2526 2111/2522 2113/2524
f 2110/2521 2112/2523 2115/2526 2114/2525
f 2115/2526 2121/2532 2117/2528 2111/2522
f 2111/2522 2117/2528 2119/2530 2113/2524
f 2112/2523 2118/2529 2121/2532 2115/2526
f 2113/2524 2119/2530 2120/2531 2114/2525
f 2110/2521 2116/2527 2118/2529 2112/2523
f 2114/2525 2120/2531 2116/2527 2110/2521
v -1.789828 3.496615 0.799667
v -2.138119 2.514571 0.795343
v -2.191340 3.495977 0.825539
v -1.847282 2.544248 0.776693
v -1.592437 3.226123 0.785107
v -2.324804 3.236629 0.832623
v -1.795036 3.497138 0.719271
v -2.132549 2.514012 0.721039
v -2.196549 3.496500 0.745143
v -1.841712 2.543689 0.702389
v -1.597645 3.226646 0.704711
v -2.330013 3.237152 0.752228
vt 0.000000 0.000000
vt 0.000000 0.000000
vt 0.000000 0.000000
vt 0.000000 0.000000
vt 0.000000 0.000000
vt 0.000000 0.000000
vt 0.000000 0.000000
vt 0.000000 0.000000
vt 0.000000 0.000000
vt 0.000000 0.000000
vt 0.000000 0.000000
vt 0.000000 0.000000
f 2126/2537 2127/2538 2123/2534 2125/2536
f 2122/2533 2124/2535 2127/2538 2126/2537
f 2127/2538 2133/2544 2129/2540 2123/2534
f 2123/2534 2129/2540 2131/2542 2125/2536
f 2124/2535 2130/2541 2133/2544 2127/2538
f 2125/2536 2131/2542 2132/2543 2126/2537
f 2122/2533 2128/2539 2130/2541 2124/2535
f 2126/2537 2132/2543 2128/2539 2122/2533
v -1.784012 1.453365 0.682346
v -3.245089 1.453365 0.485835
v -1.784012 0.369134 0.479243
v -3.245089 0.309861 0.363052
v -1.781509 1.457167 0.644532
v -3.242585 1.457167 0.448021
v -1.781509 0.372936 0.441429
v -3.242585 0.313663 0.325238
v -2.435290 0.355029 0.509939
v -2.435290 1.411243 0.660558
v -2.432787 0.358831 0.472125
v -2.432787 1.415045 0.622744
vt 0.000000 0.000000
vt 0.000000 0.000000
vt 0.000000 0.000000
vt 0.000000 0.000000
vt 0.000000 0.000000
vt 0.000000 0.000000
vt 0.000000 0.000000
vt 0.000000 0.000000
vt 0.000000 0.000000
vt 0.000000 0.000000
vt 0.000000 0.000000
vt 0.000000 0.000000
f 2142/2553 2143/2554 2135/2546 2137/2548
f 2142/2553 2144/2555 2140/2551 2136/2547
f 2141/2552 2144/2555 2142/2553 2137/2548
f 2136/2547 2140/2551 2138/2549 2134/2545
f 2135/2546 2139/2550 2141/2552 2137/2548
f 2144/2555 2141/2552 2139/2550 2145/2556
f 2136/2547 2134/2545 2143/2554 2142/2553
f 2140/2551 2144/2555 2145/2556 2138/2549
f 2134/2545 2138/2549 2145/2556 2143/2554
f 2143/2554 2145/2556 2139/2550 2135/2546
v -2.107791 5.878592 -0.009482
v -2.342354 5.964436 0.076362
v -2.107791 5.976511 0.137063
v -2.342354 5.964436 0.197764
v -2.107791 5.930052 0.249224
v -2.342354 5.878592 0.283609
v -2.107791 5.817891 0.295683
v -2.342354 5.817891 0.295683
v -2.107791 5.757190 0.283609
v -2.342354 5.705730 0.249224
v -2.342354 5.671346 0.197764
v -2.107791 5.705730 0.024902
v -2.342354 5.705730 0.024903
v -2.107791 5.757190 -0.009482
v -2.034406 5.870616 0.009773
v -2.415739 5.870616 0.009773
v -2.034406 5.915315 0.039640
v -2.034406 5.945181 0.084338
v -2.415739 5.945181 0.084338
v -2.034406 5.955669 0.137063
v -2.415739 5.955669 0.137063
v -2.415739 5.945181 0.189789
v -2.415739 5.915315 0.234487
v -2.034406 5.870616 0.264354
v -2.415739 5.870617 0.264354
v -2.415739 5.817891 0.274841
v -2.034406 5.765166 0.264354
v -2.415739 5.765166 0.264354
v -2.034406 5.690601 0.189789
v -2.034406 5.680113 0.137063
v -2.415739 5.720467 0.039640
v -2.034406 5.765166 0.009773
v -2.415739 5.765166 0.009773
v -2.107791 5.962188 -0.007233
v -2.107791 6.021958 0.137063
v -2.342353 6.021958 0.137063
v -2.107791 6.006424 0.215156
v -2.342354 6.006424 0.215156
v -2.107791 5.895984 0.325596
v -2.342353 5.895984 0.325596
v -2.107791 5.673594 0.281360
v -2.342354 5.613825 0.137063
v -2.342354 5.673594 -0.007233
v -2.107791 5.739798 -0.051469
v -2.342354 5.739798 -0.051469
v -2.415739 5.895984 -0.051469
v -2.415739 5.817891 -0.067003
v -2.034406 6.021958 0.137063
v -2.034406 6.006424 0.215156
v -2.415739 6.006424 0.215156
v -2.034406 5.895984 0.325596
v -2.415739 5.895984 0.325596
v -2.034406 5.673594 0.281360
v -2.415739 5.629358 0.215156
v -2.034406 5.613825 0.137063
v -2.415739 5.613825 0.137063
v -2.034406 5.629358 0.058971
v -2.415739 5.629358 0.058971
v -2.034406 5.673594 -0.007233
v -2.415739 5.673594 -0.007233
v -2.415739 5.739798 -0.051469
v -2.067351 5.817891 0.137063
v -2.382794 5.817891 0.137063
v -2.067351 5.870616 0.009773
v -2.382794 5.870617 0.009773
v -2.382794 5.915315 0.039640
v -2.382794 5.945181 0.084338
v -2.382794 5.945181 0.189789
v -2.067351 5.915315 0.234487
v -2.382794 5.915315 0.234487
v -2.067351 5.765166 0.264354
v -2.067351 5.720467 0.234487
v -2.382794 5.720468 0.234487
v -2.067351 5.680113 0.137063
v -2.382794 5.690601 0.084338
v -2.067352 5.720467 0.039640
v -2.382794 5.720468 0.039640
v -2.382794 5.765166 0.009773
v -2.107791 5.817891 -0.021556
v -2.342354 5.878592 -0.009482
v -2.342354 5.817891 -0.021556
v -2.107791 5.930052 0.024902
v -2.342353 5.930052 0.024902
v -2.107791 5.964436 0.076362
v -2.342354 5.976511 0.137063
v -2.107791 5.964436 0.197764
v -2.342353 5.930052 0.249224
v -2.107791 5.878592 0.283609
v -2.342354 5.757190 0.283609
v -2.107791 5.705730 0.249224
v -2.107791 5.671346 0.197764
v -2.107791 5.659272 0.137063
v -2.342354 5.659272 0.137063
v -2.107791 5.671346 0.076362
v -2.342354 5.671346 0.076362
v -2.342354 5.757190 -0.009482
v -2.034406 5.817891 -0.000715
v -2.415739 5.817891 -0.000715
v -2.415739 5.915315 0.039640
v -2.034406 5.945181 0.189789
v -2.034406 5.915315 0.234487
v -2.034406 5.817891 0.274841
v -2.034406 5.720468 0.234487
v -2.415739 5.720468 0.234487
v -2.415739 5.690601 0.189789
v -2.415739 5.680113 0.137063
v -2.034406 5.690601 0.084338
v -2.415739 5.690601 0.084338
v -2.034406 5.720467 0.039640
v -2.107791 5.817891 -0.067003
v -2.107791 5.895984 -0.051469
v -2.342354 5.895984 -0.051469
v -2.342354 5.817891 -0.067003
v -2.342353 5.962188 -0.007233
v -2.107791 6.006424 0.058970
v -2.342354 6.006424 0.058970
v -2.107791 5.962188 0.281360
v -2.342354 5.962188 0.281360
v -2.107791 5.817891 0.341130
v -2.342354 5.817891 0.341130
v -2.107791 5.739799 0.325596
v -2.342354 5.739798 0.325596
v -2.342354 5.673595 0.281360
v -2.107791 5.629358 0.215156
v -2.342354 5.629358 0.215156
v -2.107791 5.613825 0.137063
v -2.107791 5.629358 0.058971
v -2.342354 5.629358 0.058971
v -2.107791 5.673594 -0.007233
v -2.034406 5.817891 -0.067003
v -2.034406 5.895984 -0.051470
v -2.034406 5.962188 -0.007233
v -2.415739 5.962188 -0.007233
v -2.034406 6.006424 0.058970
v -2.415739 6.006424 0.058970
v -2.415739 6.021958 0.137063
v -2.034406 5.962188 0.281360
v -2.415739 5.962188 0.281360
v -2.034406 5.817891 0.341130
v -2.415739 5.817891 0.341130
v -2.034406 5.739798 0.325596
v -2.415739 5.739798 0.325596
v -2.415739 5.673594 0.281360
v -2.034406 5.629358 0.215156
v -2.034406 5.739798 -0.051469
v -2.067351 5.817891 -0.000715
v -2.382794 5.817891 -0.000715
v -2.067351 5.915315 0.039640
v -2.067351 5.945181 0.084338
v -2.067351 5.955669 0.137063
v -2.382794 5.955669 0.137063
v -2.067351 5.945181 0.189789
v -2.067351 5.870616 0.264354
v -2.382793 5.870617 0.264354
v -2.067352 5.817891 0.274841
v -2.382793 5.817891 0.274841
v -2.382793 5.765166 0.264354
v -2.067351 5.690601 0.189789
v -2.382794 5.690601 0.189789
v -2.382794 5.680113 0.137063
v -2.067351 5.690601 0.084338
v -2.067351 5.765166 0.009773
v -2.044653 3.623632 0.138702
v -2.044653 3.538336 0.223997
v -2.405492 3.526339 0.284310
v -2.405492 3.538336 0.344624
v -2.044653 3.538336 0.344623
v -2.405491 3.623632 0.429919
v -2.405491 3.683945 0.441916
v -2.044653 3.683945 0.441916
v -2.405491 3.744258 0.429919
v -2.044653 3.744258 0.429919
v -2.044653 3.829554 0.344623
v -2.405492 3.841550 0.284310
v -2.044653 3.841551 0.284310
v -2.044653 3.829554 0.223997
v -2.044653 3.795389 0.172866
v -2.405492 3.683945 0.126705
v -2.044653 3.683945 0.126704
v -2.006966 3.594613 0.068645
v -2.006966 3.468280 0.373642
v -2.443178 3.518882 0.449373
v -2.443178 3.594614 0.499975
v -2.006966 3.594613 0.499975
v -2.443178 3.683945 0.517744
v -2.006966 3.683945 0.517744
v -2.443178 3.849008 0.449373
v -2.006966 3.849008 0.449373
v -2.443178 3.917379 0.284310
v -2.443178 3.899610 0.194979
v -2.006966 3.899610 0.194979
v -2.443178 3.849008 0.119248
v -2.006966 3.849008 0.119247
v -2.006966 3.773276 0.068645
v -2.006966 3.683945 0.050876
v -2.090913 3.518882 0.119248
v -2.359232 3.468280 0.194979
v -2.090913 3.468280 0.194979
v -2.090913 3.450511 0.284310
v -2.359232 3.468280 0.373642
v -2.090913 3.468280 0.373642
v -2.359232 3.518882 0.449373
v -2.359232 3.594613 0.499975
v -2.090913 3.594614 0.499975
v -2.359232 3.683945 0.517744
v -2.090913 3.683945 0.517744
v -2.359232 3.849008 0.449373
v -2.090913 3.849008 0.449373
v -2.359232 3.899610 0.194979
v -2.090913 3.899610 0.194979
v -2.359232 3.849008 0.119247
v -2.359232 3.683945 0.050876
v -2.359232 3.773276 0.068645
v -2.090913 3.773276 0.068645
v -2.090913 3.683945 0.050876
v -2.006966 3.572501 0.172866
v -2.443178 3.538336 0.223997
v -2.006966 3.538336 0.223997
v -2.443178 3.526339 0.284310
v -2.443178 3.538336 0.344624
v -2.443178 3.572501 0.395755
v -2.006966 3.572501 0.395755
v -2.006966 3.683945 0.441916
v -2.006966 3.795389 0.395754
v -2.006966 3.829554 0.344623
v -2.443178 3.795389 0.172866
v -2.443178 3.683945 0.126704
v -2.006966 3.683945 0.126704
v -2.359232 3.614508 0.116675
v -2.359232 3.516310 0.214874
v -2.090913 3.516310 0.214874
v -2.359232 3.502498 0.284310
v -2.090913 3.502498 0.284310
v -2.090913 3.516310 0.353747
v -2.090913 3.555643 0.412613
v -2.359232 3.614508 0.451945
v -2.090913 3.753382 0.451945
v -2.359232 3.812247 0.412612
v -2.090913 3.851580 0.353747
v -2.359232 3.865392 0.284310
v -2.090913 3.851580 0.214874
v -2.359232 3.812247 0.156008
v -2.090913 3.812247 0.156008
v -2.359232 3.683945 0.102864
v -2.359232 3.753381 0.116675
v -2.090913 3.683945 0.102864
v -2.405491 3.623632 0.138702
v -2.405492 3.572501 0.172866
v -2.044653 3.572501 0.172866
v -2.405492 3.538336 0.223997
v -2.044653 3.526339 0.284310
v -2.405492 3.572501 0.395755
v -2.044653 3.572501 0.395754
v -2.044653 3.623632 0.429919
v -2.405492 3.795389 0.395754
v -2.044653 3.795389 0.395754
v -2.405492 3.829554 0.344623
v -2.405492 3.829554 0.223997
v -2.405491 3.795389 0.172866
v -2.405492 3.744258 0.138701
v -2.044653 3.744258 0.138702
v -2.405492 3.683945 0.284310
v -2.044653 3.683945 0.284310
v -2.443178 3.594614 0.068645
v -2.443178 3.518882 0.119248
v -2.006966 3.518882 0.119248
v -2.443178 3.468280 0.194979
v -2.006966 3.468280 0.194979
v -2.443178 3.450511 0.284310
v -2.006966 3.450511 0.284310
v -2.443178 3.468280 0.373642
v -2.006966 3.518882 0.449373
v -2.443178 3.773276 0.499975
v -2.006966 3.773276 0.499975
v -2.443178 3.899610 0.373642
v -2.006966 3.899610 0.373642
v -2.006966 3.917379 0.284310
v -2.443178 3.683945 0.050876
v -2.443178 3.773276 0.068645
v -2.359232 3.594613 0.068645
v -2.090913 3.594613 0.068645
v -2.359232 3.518882 0.119248
v -2.359232 3.450511 0.284310
v -2.090913 3.518882 0.449373
v -2.359232 3.773276 0.499975
v -2.090913 3.773276 0.499975
v -2.359232 3.899610 0.373642
v -2.090913 3.899609 0.373642
v -2.359232 3.917379 0.284310
v -2.090913 3.917379 0.284310
v -2.090913 3.849008 0.119247
v -2.443178 3.623632 0.138702
v -2.006966 3.623632 0.138701
v -2.443178 3.572501 0.172866
v -2.006966 3.526339 0.284310
v -2.006966 3.538336 0.344623
v -2.443178 3.623632 0.429919
v -2.006966 3.623632 0.429919
v -2.443178 3.683945 0.441916
v -2.443178 3.744258 0.429919
v -2.006966 3.744258 0.429919
v -2.443178 3.795389 0.395754
v -2.443178 3.829554 0.344623
v -2.443178 3.841550 0.284310
v -2.006966 3.841550 0.284310
v -2.443178 3.829554 0.223997
v -2.006966 3.829554 0.223997
v -2.006966 3.795389 0.172866
v -2.443178 3.744258 0.138702
v -2.006966 3.744258 0.138701
v -2.090913 3.614508 0.116675
v -2.359232 3.555642 0.156008
v -2.090913 3.555642 0.156008
v -2.359232 3.516310 0.353747
v -2.359232 3.555642 0.412613
v -2.090913 3.614508 0.451945
v -2.359232 3.683945 0.465757
v -2.090913 3.683945 0.465757
v -2.359232 3.753382 0.451945
v -2.090913 3.812247 0.412612
v -2.359232 3.851580 0.353747
v -2.090913 3.865392 0.284310
v -2.359232 3.851580 0.214874
v -2.090913 3.753381 0.116675
v -2.090913 4.754011 0.116675
v -2.359232 4.852210 0.214873
v -2.090913 4.866022 0.284310
v -2.359232 4.852210 0.353747
v -2.090913 4.812877 0.412612
v -2.359232 4.754012 0.451945
v -2.090913 4.684575 0.465757
v -2.359232 4.684575 0.465757
v -2.090913 4.615138 0.451945
v -2.359232 4.556273 0.412612
v -2.359232 4.516940 0.353747
v -2.090913 4.556273 0.156008
v -2.359232 4.556273 0.156008
v -2.090913 4.615138 0.116675
v -2.006966 4.744888 0.138701
v -2.443178 4.744888 0.138701
v -2.006966 4.796019 0.172866
v -2.006966 4.830184 0.223997
v -2.443178 4.830184 0.223997
v -2.006966 4.842181 0.284310
v -2.443178 4.842181 0.284310
v -2.443178 4.830184 0.344623
v -2.443178 4.796019 0.395754
v -2.006966 4.744888 0.429919
v -2.443178 4.744888 0.429919
v -2.443178 4.684575 0.441916
v -2.006966 4.624262 0.429919
v -2.443178 4.624262 0.429919
v -2.006966 4.538966 0.344623
v -2.006966 4.526969 0.284310
v -2.443178 4.573131 0.172866
v -2.006966 4.624262 0.138701
v -2.443178 4.624262 0.138701
v -2.090913 4.849638 0.119247
v -2.090913 4.918009 0.284310
v -2.359232 4.918009 0.284310
v -2.090913 4.900240 0.373641
v -2.359232 4.900240 0.373642
v -2.090913 4.773906 0.499975
v -2.359232 4.773906 0.499975
v -2.090913 4.519512 0.449373
v -2.359232 4.451141 0.284310
v -2.359232 4.519512 0.119247
v -2.090913 4.595244 0.068645
v -2.359232 4.595244 0.068645
v -2.443178 4.773906 0.068645
v -2.443178 4.684575 0.050876
v -2.006966 4.918009 0.284310
v -2.006966 4.900240 0.373641
v -2.443178 4.900240 0.373641
v -2.006966 4.773906 0.499975
v -2.443178 4.773906 0.499975
v -2.006966 4.519512 0.449373
v -2.443178 4.468910 0.373642
v -2.006966 4.451141 0.284310
v -2.443178 4.451141 0.284310
v -2.006966 4.468910 0.194979
v -2.443178 4.468910 0.194979
v -2.006966 4.519512 0.119247
v -2.443178 4.519512 0.119247
v -2.443178 4.595244 0.068645
v -2.044653 4.684575 0.284310
v -2.405492 4.684575 0.284310
v -2.044653 4.744888 0.138701
v -2.405492 4.744888 0.138701
v -2.405491 4.796019 0.172866
v -2.405492 4.830184 0.223997
v -2.405492 4.830184 0.344623
v -2.044653 4.796019 0.395754
v -2.405492 4.796019 0.395754
v -2.044653 4.624262 0.429919
v -2.044653 4.573131 0.395754
v -2.405492 4.573131 0.395754
v -2.044653 4.526969 0.284310
v -2.405492 4.538966 0.223997
v -2.044653 4.573131 0.172866
v -2.405492 4.573131 0.172866
v -2.405491 4.624262 0.138701
v -2.090913 4.684575 0.102863
v -2.359232 4.754012 0.116675
v -2.359232 4.684575 0.102863
v -2.090913 4.812877 0.156008
v -2.359232 4.812877 0.156008
v -2.090913 4.852210 0.214873
v -2.359232 4.866022 0.284310
v -2.090913 4.852210 0.353747
v -2.359232 4.812877 0.412612
v -2.090913 4.754012 0.451945
v -2.359232 4.615138 0.451945
v -2.090913 4.556273 0.412612
v -2.090913 4.516940 0.353747
v -2.090913 4.503128 0.284310
v -2.359232 4.503128 0.284310
v -2.090913 4.516940 0.214873
v -2.359232 4.516940 0.214873
v -2.359232 4.615138 0.116675
v -2.006966 4.684575 0.126704
v -2.443178 4.684575 0.126704
v -2.443178 4.796019 0.172866
v -2.006966 4.830184 0.344623
v -2.006966 4.796019 0.395754
v -2.006966 4.684575 0.441916
v -2.006966 4.573131 0.395754
v -2.443178 4.573131 0.395754
v -2.443178 4.538966 0.344623
v -2.443178 4.526969 0.284310
v -2.006966 4.538966 0.223997
v -2.443178 4.538966 0.223997
v -2.006966 4.573131 0.172866
v -2.090913 4.684575 0.050876
v -2.090913 4.773906 0.068645
v -2.359232 4.773906 0.068645
v -2.359232 4.684575 0.050876
v -2.359232 4.849638 0.119247
v -2.090913 4.900240 0.194979
v -2.359232 4.900240 0.194979
v -2.090913 4.849638 0.449373
v -2.359232 4.849638 0.449373
v -2.090913 4.684575 0.517744
v -2.359232 4.684575 0.517744
v -2.090913 4.595244 0.499975
v -2.359232 4.595244 0.499975
v -2.359232 4.519512 0.449373
v -2.090913 4.468910 0.373642
v -2.359232 4.468910 0.373642
v -2.090913 4.451141 0.284310
v -2.090913 4.468910 0.194979
v -2.359232 4.468910 0.194979
v -2.090913 4.519512 0.119247
v -2.006966 4.684575 0.050876
v -2.006966 4.773906 0.068645
v -2.006966 4.849638 0.119247
v -2.443178 4.849638 0.119247
v -2.006966 4.900240 0.194979
v -2.443178 4.900240 0.194979
v -2.443178 4.918009 0.284310
v -2.006966 4.849638 0.449373
v -2.443178 4.849638 0.449373
v -2.006966 4.684575 0.517744
v -2.443178 4.684575 0.517744
v -2.006966 4.595243 0.499975
v -2.443178 4.595244 0.499975
v -2.443178 4.519512 0.449373
v -2.006966 4.468910 0.373642
v -2.006966 4.595244 0.068645
v -2.044653 4.684575 0.126704
v -2.405492 4.684575 0.126704
v -2.044653 4.796019 0.172866
v -2.044653 4.830184 0.223997
v -2.044653 4.842181 0.284310
v -2.405492 4.842181 0.284310
v -2.044653 4.830184 0.344623
v -2.044653 4.744888 0.429919
v -2.405491 4.744888 0.429919
v -2.044653 4.684575 0.441916
v -2.405491 4.684575 0.441916
v -2.405491 4.624262 0.429919
v -2.044653 4.538966 0.344623
v -2.405492 4.538966 0.344623
v -2.405492 4.526969 0.284310
v -2.044653 4.538966 0.223997
v -2.044653 4.624262 0.138701
vt 0.580710 0.542937
vt 0.580710 0.542937
vt 0.580710 0.542937
vt 0.564882 0.543341
vt 0.564882 0.543341
vt 0.564882 0.543341
vt 0.597068 0.546453
vt 0.597068 0.546453
vt 0.597068 0.546453
vt 0.551777 0.551623
vt 0.551777 0.551623
vt 0.551777 0.551623
vt 0.609370 0.558409
vt 0.609370 0.558409
vt 0.609370 0.558409
vt 0.541169 0.562433
vt 0.541169 0.562433
vt 0.541169 0.562433
vt 0.615813 0.573798
vt 0.615813 0.573798
vt 0.615813 0.573798
vt 0.576477 0.576646
vt 0.576477 0.576646
vt 0.576477 0.576646
vt 0.573930 0.576717
vt 0.573930 0.576717
vt 0.573930 0.576717
vt 0.537476 0.577243
vt 0.537476 0.577243
vt 0.537476 0.577243
vt 0.578928 0.577666
vt 0.578928 0.577666
vt 0.578928 0.577666
vt 0.571617 0.577799
vt 0.571617 0.577799
vt 0.571617 0.577799
vt 0.581118 0.579426
vt 0.581118 0.579426
vt 0.581118 0.579426
vt 0.570035 0.579760
vt 0.570035 0.579760
vt 0.570035 0.579760
vt 0.582508 0.581866
vt 0.582508 0.581866
vt 0.582508 0.581866
vt 0.569136 0.582343
vt 0.569136 0.582343
vt 0.569136 0.582343
vt 0.582862 0.584607
vt 0.582862 0.584607
vt 0.582862 0.584607
vt 0.569479 0.585087
vt 0.569479 0.585087
vt 0.569479 0.585087
vt 0.582096 0.587177
vt 0.582096 0.587177
vt 0.582096 0.587177
vt 0.570858 0.587544
vt 0.570858 0.587544
vt 0.570858 0.587544
vt 0.580505 0.589085
vt 0.580505 0.589085
vt 0.580505 0.589085
vt 0.573044 0.589333
vt 0.573044 0.589333
vt 0.573044 0.589333
vt 0.615813 0.589746
vt 0.615813 0.589746
vt 0.615813 0.589746
vt 0.578263 0.590113
vt 0.578263 0.590113
vt 0.578263 0.590113
vt 0.575649 0.590246
vt 0.575649 0.590246
vt 0.575649 0.590246
vt 0.537361 0.592571
vt 0.537361 0.592571
vt 0.537361 0.592571
vt 0.612071 0.605208
vt 0.612071 0.605208
vt 0.612071 0.605208
vt 0.543404 0.607422
vt 0.543404 0.607422
vt 0.543404 0.607422
vt 0.600959 0.616493
vt 0.600959 0.616493
vt 0.600959 0.616493
vt 0.555063 0.619055
vt 0.555063 0.619055
vt 0.555063 0.619055
vt 0.587171 0.625119
vt 0.587171 0.625119
vt 0.587171 0.625119
vt 0.570474 0.625303
vt 0.570474 0.625303
vt 0.570474 0.625303
vt 0.587406 0.769456
vt 0.587406 0.769456
vt 0.587406 0.769456
vt 0.572371 0.770661
vt 0.572371 0.770661
vt 0.572371 0.770661
vt 0.600828 0.773468
vt 0.600828 0.773468
vt 0.600828 0.773468
vt 0.573917 0.774286
vt 0.573917 0.774286
vt 0.573917 0.774286
vt 0.587598 0.774575
vt 0.587598 0.774575
vt 0.587598 0.774575
vt 0.557251 0.778327
vt 0.557251 0.778327
vt 0.557251 0.778327
vt 0.586661 0.778420
vt 0.586661 0.778420
vt 0.586661 0.778420
vt 0.579455 0.779464
vt 0.579455 0.779464
vt 0.579455 0.779464
vt 0.561278 0.779530
vt 0.561278 0.779530
vt 0.561278 0.779530
vt 0.575713 0.780274
vt 0.575713 0.780274
vt 0.575713 0.780274
vt 0.600237 0.780352
vt 0.600237 0.780352
vt 0.600237 0.780352
vt 0.597367 0.780755
vt 0.597367 0.780755
vt 0.597367 0.780755
vt 0.611099 0.781319
vt 0.611099 0.781319
vt 0.611099 0.781319
vt 0.594902 0.781938
vt 0.594902 0.781938
vt 0.594902 0.781938
vt 0.564964 0.782954
vt 0.564964 0.782954
vt 0.564964 0.782954
vt 0.569219 0.783825
vt 0.569219 0.783825
vt 0.569219 0.783825
vt 0.583733 0.784131
vt 0.583733 0.784131
vt 0.583733 0.784131
vt 0.606343 0.786572
vt 0.606343 0.786572
vt 0.606343 0.786572
vt 0.566101 0.786665
vt 0.566101 0.786665
vt 0.566101 0.786665
vt 0.586565 0.786860
vt 0.586565 0.786860
vt 0.586565 0.786860
vt 0.578882 0.788537
vt 0.578882 0.788537
vt 0.578882 0.788537
vt 0.594135 0.788710
vt 0.594135 0.788710
vt 0.594135 0.788710
vt 0.579726 0.788846
vt 0.579726 0.788846
vt 0.579726 0.788846
vt 0.555809 0.789388
vt 0.555809 0.789388
vt 0.555809 0.789388
vt 0.551604 0.789507
vt 0.551604 0.789507
vt 0.551604 0.789507
vt 0.597142 0.790260
vt 0.597142 0.790260
vt 0.597142 0.790260
vt 0.609443 0.790533
vt 0.609443 0.790533
vt 0.609443 0.790533
vt 0.609911 0.790737
vt 0.609911 0.790737
vt 0.609911 0.790737
vt 0.619963 0.790770
vt 0.619963 0.790770
vt 0.619963 0.790770
vt 0.568260 0.790846
vt 0.568260 0.790846
vt 0.568260 0.790846
vt 0.553769 0.790860
vt 0.553769 0.790860
vt 0.553769 0.790860
vt 0.590975 0.791538
vt 0.590975 0.791538
vt 0.590975 0.791538
vt 0.600812 0.792689
vt 0.600812 0.792689
vt 0.600812 0.792689
vt 0.572877 0.792979
vt 0.572877 0.792979
vt 0.572877 0.792979
vt 0.586922 0.793383
vt 0.586922 0.793383
vt 0.586922 0.793383
vt 0.550306 0.793893
vt 0.550306 0.793893
vt 0.550306 0.793893
vt 0.581732 0.794330
vt 0.581732 0.794330
vt 0.581732 0.794330
vt 0.592044 0.794521
vt 0.592044 0.794521
vt 0.592044 0.794521
vt 0.612955 0.794948
vt 0.612955 0.794948
vt 0.612955 0.794948
vt 0.586903 0.796237
vt 0.586903 0.796237
vt 0.586903 0.796237
vt 0.558629 0.796567
vt 0.558629 0.796567
vt 0.558629 0.796567
vt 0.560263 0.796693
vt 0.560263 0.796693
vt 0.560263 0.796693
vt 0.591056 0.797009
vt 0.591056 0.797009
vt 0.591056 0.797009
vt 0.582902 0.797083
vt 0.582902 0.797083
vt 0.582902 0.797083
vt 0.596603 0.797274
vt 0.596603 0.797274
vt 0.596603 0.797274
vt 0.577716 0.797489
vt 0.577716 0.797489
vt 0.577716 0.797489
vt 0.579427 0.798010
vt 0.579427 0.798010
vt 0.579427 0.798010
vt 0.600189 0.798431
vt 0.600189 0.798431
vt 0.600189 0.798431
vt 0.605591 0.799048
vt 0.605591 0.799048
vt 0.605591 0.799048
vt 0.571424 0.799063
vt 0.571424 0.799063
vt 0.571424 0.799063
vt 0.579671 0.799294
vt 0.579671 0.799294
vt 0.579671 0.799294
vt 0.568855 0.799313
vt 0.568855 0.799313
vt 0.568855 0.799313
vt 0.594648 0.799409
vt 0.594648 0.799409
vt 0.594648 0.799409
vt 0.587273 0.799621
vt 0.587273 0.799621
vt 0.587273 0.799621
vt 0.545546 0.799973
vt 0.545546 0.799973
vt 0.545546 0.799973
vt 0.544082 0.800683
vt 0.544082 0.800683
vt 0.544082 0.800683
vt 0.607405 0.801278
vt 0.607405 0.801278
vt 0.607405 0.801278
vt 0.599843 0.801628
vt 0.599843 0.801628
vt 0.599843 0.801628
vt 0.575006 0.801747
vt 0.575006 0.801747
vt 0.575006 0.801747
vt 0.577705 0.802698
vt 0.577705 0.802698
vt 0.577705 0.802698
vt 0.546369 0.802698
vt 0.546369 0.802698
vt 0.546369 0.802698
vt 0.597253 0.802943
vt 0.597253 0.802943
vt 0.597253 0.802943
vt 0.564240 0.803108
vt 0.564240 0.803108
vt 0.564240 0.803108
vt 0.625375 0.803938
vt 0.625375 0.803938
vt 0.625375 0.803938
vt 0.615146 0.804149
vt 0.615146 0.804149
vt 0.615146 0.804149
vt 0.578780 0.804388
vt 0.578780 0.804388
vt 0.578780 0.804388
vt 0.593527 0.804569
vt 0.593527 0.804569
vt 0.593527 0.804569
vt 0.551431 0.805224
vt 0.551431 0.805224
vt 0.551431 0.805224
vt 0.573275 0.805277
vt 0.573275 0.805277
vt 0.573275 0.805277
vt 0.616364 0.805489
vt 0.616364 0.805489
vt 0.616364 0.805489
vt 0.584054 0.805789
vt 0.584054 0.805789
vt 0.584054 0.805789
vt 0.615765 0.806257
vt 0.615765 0.806257
vt 0.615765 0.806257
vt 0.607753 0.806604
vt 0.607753 0.806604
vt 0.607753 0.806604
vt 0.601337 0.806736
vt 0.601337 0.806736
vt 0.601337 0.806736
vt 0.577322 0.806767
vt 0.577322 0.806767
vt 0.577322 0.806767
vt 0.598447 0.806994
vt 0.598447 0.806994
vt 0.598447 0.806994
vt 0.574222 0.807017
vt 0.574222 0.807017
vt 0.574222 0.807017
vt 0.567664 0.807167
vt 0.567664 0.807167
vt 0.567664 0.807167
vt 0.578643 0.807547
vt 0.578643 0.807547
vt 0.578643 0.807547
vt 0.559079 0.807941
vt 0.559079 0.807941
vt 0.559079 0.807941
vt 0.568490 0.808061
vt 0.568490 0.808061
vt 0.568490 0.808061
vt 0.574250 0.808107
vt 0.574250 0.808107
vt 0.574250 0.808107
vt 0.582752 0.808439
vt 0.582752 0.808439
vt 0.582752 0.808439
vt 0.605692 0.808657
vt 0.605692 0.808657
vt 0.605692 0.808657
vt 0.588118 0.809086
vt 0.588118 0.809086
vt 0.588118 0.809086
vt 0.549895 0.809357
vt 0.549895 0.809357
vt 0.549895 0.809357
vt 0.559104 0.809645
vt 0.559104 0.809645
vt 0.559104 0.809645
vt 0.570346 0.810206
vt 0.570346 0.810206
vt 0.570346 0.810206
vt 0.580758 0.810623
vt 0.580758 0.810623
vt 0.580758 0.810623
vt 0.585999 0.810882
vt 0.585999 0.810882
vt 0.585999 0.810882
vt 0.578404 0.810926
vt 0.578404 0.810926
vt 0.578404 0.810926
vt 0.597944 0.810991
vt 0.597944 0.810991
vt 0.597944 0.810991
vt 0.597140 0.811537
vt 0.597140 0.811537
vt 0.597140 0.811537
vt 0.600821 0.811988
vt 0.600821 0.811988
vt 0.600821 0.811988
vt 0.575780 0.812221
vt 0.575780 0.812221
vt 0.575780 0.812221
vt 0.564911 0.812379
vt 0.564911 0.812379
vt 0.564911 0.812379
vt 0.590827 0.813636
vt 0.590827 0.813636
vt 0.590827 0.813636
vt 0.567729 0.813826
vt 0.567729 0.813826
vt 0.567729 0.813826
vt 0.539992 0.813968
vt 0.539992 0.813968
vt 0.539992 0.813968
vt 0.606817 0.814346
vt 0.606817 0.814346
vt 0.606817 0.814346
vt 0.595916 0.814423
vt 0.595916 0.814423
vt 0.595916 0.814423
vt 0.580930 0.814447
vt 0.580930 0.814447
vt 0.580930 0.814447
vt 0.587859 0.814474
vt 0.587859 0.814474
vt 0.587859 0.814474
vt 0.538263 0.814640
vt 0.538263 0.814640
vt 0.538263 0.814640
vt 0.570158 0.814756
vt 0.570158 0.814756
vt 0.570158 0.814756
vt 0.612960 0.815508
vt 0.612960 0.815508
vt 0.612960 0.815508
vt 0.547660 0.816341
vt 0.547660 0.816341
vt 0.547660 0.816341
vt 0.597985 0.816397
vt 0.597985 0.816397
vt 0.597985 0.816397
vt 0.578976 0.816576
vt 0.578976 0.816576
vt 0.578976 0.816576
vt 0.592646 0.816766
vt 0.592646 0.816766
vt 0.592646 0.816766
vt 0.615401 0.816768
vt 0.615401 0.816768
vt 0.615401 0.816768
vt 0.584555 0.816778
vt 0.584555 0.816778
vt 0.584555 0.816778
vt 0.546369 0.817097
vt 0.546369 0.817097
vt 0.546369 0.817097
vt 0.556924 0.817376
vt 0.556924 0.817376
vt 0.556924 0.817376
vt 0.588648 0.817665
vt 0.588648 0.817665
vt 0.588648 0.817665
vt 0.563385 0.817740
vt 0.563385 0.817740
vt 0.563385 0.817740
vt 0.566367 0.818031
vt 0.566367 0.818031
vt 0.566367 0.818031
vt 0.615146 0.818548
vt 0.615146 0.818548
vt 0.615146 0.818548
vt 0.588208 0.818663
vt 0.588208 0.818663
vt 0.588208 0.818663
vt 0.562307 0.818814
vt 0.562307 0.818814
vt 0.562307 0.818814
vt 0.591120 0.819051
vt 0.591120 0.819051
vt 0.591120 0.819051
vt 0.625375 0.819357
vt 0.625375 0.819357
vt 0.625375 0.819357
vt 0.593760 0.819383
vt 0.593760 0.819383
vt 0.593760 0.819383
vt 0.583524 0.819419
vt 0.583524 0.819419
vt 0.583524 0.819419
vt 0.597686 0.819510
vt 0.597686 0.819510
vt 0.597686 0.819510
vt 0.606566 0.820159
vt 0.606566 0.820159
vt 0.606566 0.820159
vt 0.588674 0.820332
vt 0.588674 0.820332
vt 0.588674 0.820332
vt 0.602846 0.820809
vt 0.602846 0.820809
vt 0.602846 0.820809
vt 0.574817 0.821021
vt 0.574817 0.821021
vt 0.574817 0.821021
vt 0.615765 0.821838
vt 0.615765 0.821838
vt 0.615765 0.821838
vt 0.566613 0.822224
vt 0.566613 0.822224
vt 0.566613 0.822224
vt 0.576476 0.822376
vt 0.576476 0.822376
vt 0.576476 0.822376
vt 0.586889 0.822805
vt 0.586889 0.822805
vt 0.586889 0.822805
vt 0.555047 0.823068
vt 0.555047 0.823068
vt 0.555047 0.823068
vt 0.563826 0.823101
vt 0.563826 0.823101
vt 0.563826 0.823101
vt 0.589337 0.824158
vt 0.589337 0.824158
vt 0.589337 0.824158
vt 0.557392 0.825233
vt 0.557392 0.825233
vt 0.557392 0.825233
vt 0.581406 0.825290
vt 0.581406 0.825290
vt 0.581406 0.825290
vt 0.596729 0.825450
vt 0.596729 0.825450
vt 0.596729 0.825450
vt 0.568524 0.825812
vt 0.568524 0.825812
vt 0.568524 0.825812
vt 0.583920 0.826144
vt 0.583920 0.826144
vt 0.583920 0.826144
vt 0.589028 0.826835
vt 0.589028 0.826835
vt 0.589028 0.826835
vt 0.609702 0.826907
vt 0.609702 0.826907
vt 0.609702 0.826907
vt 0.595108 0.827112
vt 0.595108 0.827112
vt 0.595108 0.827112
vt 0.569205 0.827554
vt 0.569205 0.827554
vt 0.569205 0.827554
vt 0.566367 0.827751
vt 0.566367 0.827751
vt 0.566367 0.827751
vt 0.548679 0.828091
vt 0.548679 0.828091
vt 0.548679 0.828091
vt 0.571770 0.828280
vt 0.571770 0.828280
vt 0.571770 0.828280
vt 0.580071 0.828481
vt 0.580071 0.828481
vt 0.580071 0.828481
vt 0.585944 0.828562
vt 0.585944 0.828562
vt 0.585944 0.828562
vt 0.539992 0.829244
vt 0.539992 0.829244
vt 0.539992 0.829244
vt 0.575837 0.829286
vt 0.575837 0.829286
vt 0.575837 0.829286
vt 0.551605 0.830509
vt 0.551605 0.830509
vt 0.551605 0.830509
vt 0.538446 0.830615
vt 0.538446 0.830615
vt 0.538446 0.830615
vt 0.612960 0.830783
vt 0.612960 0.830783
vt 0.612960 0.830783
vt 0.570591 0.830892
vt 0.570591 0.830892
vt 0.570591 0.830892
vt 0.602965 0.831037
vt 0.602965 0.831037
vt 0.602965 0.831037
vt 0.581048 0.831251
vt 0.581048 0.831251
vt 0.581048 0.831251
vt 0.609911 0.831739
vt 0.609911 0.831739
vt 0.609911 0.831739
vt 0.575736 0.832025
vt 0.575736 0.832025
vt 0.575736 0.832025
vt 0.561018 0.832373
vt 0.561018 0.832373
vt 0.561018 0.832373
vt 0.564334 0.833004
vt 0.564334 0.833004
vt 0.564334 0.833004
vt 0.589939 0.833287
vt 0.589939 0.833287
vt 0.589939 0.833287
vt 0.578522 0.833341
vt 0.578522 0.833341
vt 0.578522 0.833341
vt 0.600252 0.833384
vt 0.600252 0.833384
vt 0.600252 0.833384
vt 0.618691 0.835051
vt 0.618691 0.835051
vt 0.618691 0.835051
vt 0.610229 0.835486
vt 0.610229 0.835486
vt 0.610229 0.835486
vt 0.589378 0.835503
vt 0.589378 0.835503
vt 0.589378 0.835503
vt 0.567556 0.836764
vt 0.567556 0.836764
vt 0.567556 0.836764
vt 0.582973 0.837220
vt 0.582973 0.837220
vt 0.582973 0.837220
vt 0.554318 0.838286
vt 0.554318 0.838286
vt 0.554318 0.838286
vt 0.575173 0.838775
vt 0.575173 0.838775
vt 0.575173 0.838775
vt 0.595872 0.839778
vt 0.595872 0.839778
vt 0.595872 0.839778
vt 0.575114 0.840849
vt 0.575114 0.840849
vt 0.575114 0.840849
vt 0.561278 0.840895
vt 0.561278 0.840895
vt 0.561278 0.840895
vt 0.600237 0.841717
vt 0.600237 0.841717
vt 0.600237 0.841717
vt 0.603777 0.842920
vt 0.603777 0.842920
vt 0.603777 0.842920
vt 0.545546 0.843474
vt 0.545546 0.843474
vt 0.545546 0.843474
vt 0.588806 0.844526
vt 0.588806 0.844526
vt 0.588806 0.844526
vt 0.607405 0.844779
vt 0.607405 0.844779
vt 0.607405 0.844779
vt 0.563695 0.845214
vt 0.563695 0.845214
vt 0.563695 0.845214
vt 0.600762 0.845423
vt 0.600762 0.845423
vt 0.600762 0.845423
vt 0.586169 0.845641
vt 0.586169 0.845641
vt 0.586169 0.845641
vt 0.545079 0.846394
vt 0.545079 0.846394
vt 0.545079 0.846394
vt 0.573918 0.846671
vt 0.573918 0.846671
vt 0.573918 0.846671
vt 0.587598 0.846960
vt 0.587598 0.846960
vt 0.587598 0.846960
vt 0.574930 0.847591
vt 0.574930 0.847591
vt 0.574930 0.847591
vt 0.589548 0.853430
vt 0.589548 0.853430
vt 0.589548 0.853430
vt 0.555809 0.854492
vt 0.555809 0.854492
vt 0.555809 0.854492
vt 0.559902 0.854857
vt 0.559902 0.854857
vt 0.559902 0.854857
vt 0.597142 0.855364
vt 0.597142 0.855364
vt 0.597142 0.855364
vt 0.575293 0.856921
vt 0.575293 0.856921
vt 0.575293 0.856921
vt 0.569219 0.860620
vt 0.569219 0.860620
vt 0.569219 0.860620
vt 0.583733 0.860927
vt 0.583733 0.860927
vt 0.583733 0.860927
f 2149/2587 2231/2563 2148/2569 2230/2593
f 2153/2590 2152/2566 2233/2560 2151/2581
f 2238/2614 2237/2638 2236/2632 2156/2608
f 2225/2611 2146/2635 2224/2641 2226/2617
f 2158/2629 2157/2650 2239/2644 2240/2620
f 2156/2608 2236/2632 2235/2584 2155/2602
f 2231/3214 2150/3226 2262/3211 2182/3199
f 2174/2938 2248/2998 2198/2992 2289/2911
f 2167/3022 2166/2977 2296/2956 2213/2986
f 2174/2938 2175/2893 2219/2914 2303/2944
f 2158/2653 2240/2659 2273/2686 2188/2671
f 2173/2932 2249/2872 2288/2869 2287/2950
f 2149/3172 2230/3136 2181/3085 2183/3142
f 2239/2695 2157/2674 2274/2719 2272/2740
f 2248/2998 2172/3055 2286/3061 2198/2992
f 2148/3196 2231/3214 2182/3199 2180/3169
f 2171/2974 2173/2932 2287/2950 2285/3034
f 2240/2659 2238/2689 2187/2704 2273/2686
f 2172/3055 2247/3088 2284/3133 2286/3061
f 2230/3136 2147/3052 2261/3010 2181/3085
f 2237/2743 2239/2695 2272/2740 2271/2773
f 2170/3019 2171/2974 2285/3034 2197/3067
f 2229/3151 2148/3196 2180/3169 2260/3121
f 2247/3088 2169/3118 2196/3157 2284/3133
f 2238/2689 2156/2737 2270/2767 2187/2704
f 2168/3031 2170/3019 2197/3067 2283/3076
f 2147/3052 2228/2908 2259/2890 2261/3010
f 2236/2818 2237/2743 2271/2773 2269/2854
f 2169/3118 2246/3130 2282/3166 2196/3157
f 2227/3040 2229/3151 2260/3121 2179/3028
f 2167/3022 2168/3031 2283/3076 2195/3064
f 2156/2737 2155/2842 2268/2860 2270/2767
f 2246/3130 2245/3124 2194/3160 2282/3166
f 2228/2908 2225/2758 2257/2776 2259/2890
f 2235/2962 2236/2818 2269/2854 2186/2971
f 2166/2977 2167/3022 2195/3064 2281/3037
f 2146/2866 2227/3040 2179/3028 2256/2902
f 2245/3124 2165/3100 2193/3139 2194/3160
f 2155/2842 2234/3016 2267/2983 2268/2860
f 2164/2935 2166/2977 2281/3037 2280/2965
f 2274/2719 2189/2746 2290/2812 2204/2791
f 2182/3199 2262/3211 2282/3166 2194/3160
f 2263/3154 2183/3142 2195/3064 2283/3076
f 2190/2680 2188/2671 2205/2710 2206/2713
f 2256/2902 2179/3028 2277/3025 2276/2929
f 2186/2971 2269/2854 2289/2911 2198/2992
f 2259/2890 2257/2776 2191/2806 2278/2884
f 2270/2767 2268/2860 2288/2869 2199/2797
f 2262/3211 2184/3193 2196/3157 2282/3166
f 2189/2746 2255/2794 2275/2851 2290/2812
f 2185/3145 2263/3154 2283/3076 2197/3067
f 2258/2707 2190/2680 2206/2713 2192/2752
f 2179/3028 2260/3121 2279/3082 2277/3025
f 2269/2854 2271/2773 2200/2839 2289/2911
f 2261/3010 2259/2890 2278/2884 2280/2965
f 2187/2704 2270/2767 2199/2797 2201/2749
f 2184/3193 2264/3163 2284/3133 2196/3157
f 2265/3079 2185/3145 2197/3067 2285/3034
f 2260/3121 2180/3169 2193/3139 2279/3082
f 2271/2773 2272/2740 2202/2800 2200/2839
f 2181/3085 2261/3010 2280/2965 2281/3037
f 2273/2686 2187/2704 2201/2749 2203/2716
f 2264/3163 2266/3091 2286/3061 2284/3133
f 2267/2983 2265/3079 2285/3034 2287/2950
f 2180/3169 2182/3199 2194/3160 2193/3139
f 2272/2740 2274/2719 2204/2791 2202/2800
f 2255/2794 2256/2902 2276/2929 2275/2851
f 2183/3142 2181/3085 2281/3037 2195/3064
f 2188/2671 2273/2686 2203/2716 2205/2710
f 2257/2776 2258/2707 2192/2752 2191/2806
f 2266/3091 2186/2971 2198/2992 2286/3061
f 2268/2860 2267/2983 2287/2950 2288/2869
f 2249/2872 2250/2824 2199/2797 2288/2869
f 2157/2674 2159/2692 2189/2746 2274/2719
f 2232/3187 2149/3172 2183/3142 2263/3154
f 2175/2893 2174/2938 2289/2911 2200/2839
f 2241/2656 2158/2653 2188/2671 2190/2680
f 2250/2824 2251/2785 2201/2749 2199/2797
f 2150/3226 2233/3220 2184/3193 2262/3211
f 2252/2857 2175/2893 2200/2839 2202/2800
f 2159/2692 2224/2731 2255/2794 2189/2746
f 2151/3181 2232/3187 2263/3154 2185/3145
f 2251/2785 2253/2764 2203/2716 2201/2749
f 2226/2668 2241/2656 2190/2680 2258/2707
f 2254/2848 2252/2857 2202/2800 2204/2791
f 2160/2941 2242/2905 2275/2851 2276/2929
f 2233/3220 2152/3202 2264/3163 2184/3193
f 2253/2764 2176/2755 2205/2710 2203/2716
f 2243/2788 2161/2827 2191/2806 2192/2752
f 2153/3148 2151/3181 2185/3145 2265/3079
f 2177/2863 2254/2848 2204/2791 2290/2812
f 2162/3013 2160/2941 2276/2929 2277/3025
f 2176/2755 2178/2761 2206/2713 2205/2710
f 2161/2827 2244/2881 2278/2884 2191/2806
f 2152/3202 2154/3112 2266/3091 2264/3163
f 2242/2905 2177/2863 2290/2812 2275/2851
f 2163/3058 2162/3013 2277/3025 2279/3082
f 2234/3016 2153/3148 2265/3079 2267/2983
f 2224/2731 2146/2866 2256/2902 2255/2794
f 2178/2761 2243/2788 2192/2752 2206/2713
f 2244/2881 2164/2935 2280/2965 2278/2884
f 2225/2758 2226/2668 2258/2707 2257/2776
f 2165/3100 2163/3058 2279/3082 2193/3139
f 2154/3112 2235/2962 2186/2971 2266/3091
f 2251/2785 2250/2824 2304/2836 2305/2809
f 2245/3124 2246/3130 2214/3106 2297/3097
f 2175/2893 2252/2857 2306/2896 2219/2914
f 2168/3031 2167/3022 2213/2986 2215/2995
f 2253/2764 2251/2785 2305/2809 2220/2779
f 2246/3130 2169/3118 2298/3094 2214/3106
f 2252/2857 2254/2848 2221/2887 2306/2896
f 2170/3019 2168/3031 2215/2995 2299/2980
f 2242/2905 2160/2941 2209/2959 2291/2920
f 2176/2755 2253/2764 2220/2779 2222/2770
f 2169/3118 2247/3088 2300/3070 2298/3094
f 2161/2827 2243/2788 2292/2803 2210/2830
f 2254/2848 2177/2863 2307/2899 2221/2887
f 2171/2974 2170/3019 2299/2980 2301/2953
f 2160/2941 2162/3013 2293/3007 2209/2959
f 2178/2761 2176/2755 2222/2770 2223/2782
f 2247/3088 2172/3055 2216/3043 2300/3070
f 2244/2881 2161/2827 2210/2830 2211/2875
f 2177/2863 2242/2905 2291/2920 2307/2899
f 2173/2932 2171/2974 2301/2953 2302/2926
f 2162/3013 2163/3058 2294/3049 2293/3007
f 2243/2788 2178/2761 2223/2782 2292/2803
f 2172/3055 2248/2998 2217/3001 2216/3043
f 2164/2935 2244/2881 2211/2875 2212/2923
f 2249/2872 2173/2932 2302/2926 2218/2878
f 2163/3058 2165/3100 2295/3073 2294/3049
f 2248/2998 2174/2938 2303/2944 2217/3001
f 2166/2977 2164/2935 2212/2923 2296/2956
f 2250/2824 2249/2872 2218/2878 2304/2836
f 2165/3100 2245/3124 2297/3097 2295/3073
f 2207/3046 2214/3190 2298/3223
f 2208/2917 2296/2989 2212/2833
f 2207/3046 2294/2821 2295/2968
f 2208/2917 2213/3109 2296/2989
f 2207/3046 2209/2701 2293/2728
f 2208/2917 2211/2725 2210/2677
f 2207/3046 2295/2968 2297/3115
f 2208/2917 2302/3178 2301/3208
f 2207/3046 2297/3115 2214/3190
f 2208/2917 2215/3175 2213/3109
f 2207/3046 2217/3217 2303/3184
f 2208/2917 2299/3205 2215/3175
f 2207/3046 2298/3223 2300/3232
f 2208/2917 2301/3208 2299/3205
f 2207/3046 2300/3232 2216/3229
f 2208/2917 2304/3004 2218/3127
f 2207/3046 2216/3229 2217/3217
f 2208/2917 2218/3127 2302/3178
f 2207/3046 2307/2722 2291/2698
f 2208/2917 2305/2845 2304/3004
f 2207/3046 2219/3103 2306/2947
f 2208/2917 2222/2683 2220/2734
f 2207/3046 2293/2728 2294/2821
f 2208/2917 2220/2734 2305/2845
f 2207/3046 2306/2947 2221/2815
f 2208/2917 2212/2833 2211/2725
f 2207/3046 2221/2815 2307/2722
f 2208/2917 2223/2665 2222/2683
f 2208/2917 2292/2662 2223/2665
f 2207/3046 2303/3184 2219/3103
f 2240/2620 2239/2644 2237/2638 2238/2614
f 2155/2602 2235/2584 2154/2572 2234/2596
f 2234/2596 2154/2572 2152/2566 2153/2590
f 2150/2557 2232/2578 2151/2581 2233/2560
f 2232/2578 2150/2557 2231/2563 2149/2587
f 2230/2593 2148/2569 2229/2575 2147/2599
f 2228/2605 2227/2623 2146/2635 2225/2611
f 2227/2623 2228/2605 2147/2599 2229/2575
f 2159/2647 2241/2626 2226/2617 2224/2641
f 2241/2626 2159/2647 2157/2650 2158/2629
f 2407/2918 2393/2684 2395/2735
f 2408/3047 2399/3230 2398/3218
f 2407/2918 2316/3206 2400/3176
f 2407/2918 2400/3176 2402/3110
f 2408/3047 2324/2699 2406/2702
f 2408/3047 2321/2822 2320/2969
f 2407/2918 2392/2666 2393/2684
f 2430/3146 2352/3155 2332/3077 2418/3068
f 2438/2864 2373/2906 2324/2921 2308/2900
f 2364/2786 2365/2825 2311/2837 2310/2810
f 2408/3047 2398/3218 2312/3185
f 2369/3131 2446/3119 2317/3095 2401/3107
f 2462/2591 2463/2567 2382/2561 2464/2582
f 2407/2918 2404/2726 2405/2678
f 2439/2756 2362/2765 2395/2780 2393/2771
f 2381/2597 2461/2573 2463/2567 2462/2591
f 2362/2765 2364/2786 2310/2810 2395/2780
f 2408/3047 2318/3116 2401/3191
f 2373/2906 2455/2942 2406/2960 2324/2921
f 2387/2606 2388/2624 2469/2636 2390/2612
f 2408/3047 2317/3224 2315/3233
f 2436/3029 2355/3122 2336/3083 2338/3026
f 2465/2558 2383/2579 2464/2582 2382/2561
f 2361/2849 2438/2864 2308/2900 2394/2888
f 2349/3092 2429/2972 2417/2993 2329/3062
f 2357/2708 2425/2681 2409/2714 2423/2753
f 2385/2594 2467/2570 2386/2576 2468/2600
f 2407/2918 2314/3209 2316/3206
f 2437/2762 2439/2756 2393/2771 2392/2783
f 2462/3149 2464/3182 2430/3146 2350/3080
f 2466/2588 2384/2564 2467/2570 2385/2594
f 2458/2675 2456/2693 2426/2747 2341/2720
f 2455/2942 2453/3014 2322/3008 2406/2960
f 2439/2756 2437/2762 2409/2714 2410/2711
f 2407/2918 2397/3128 2313/3179
f 2442/2933 2444/2975 2314/2954 2313/2927
f 2407/2918 2405/2678 2323/2663
f 2428/2705 2345/2768 2416/2798 2414/2750
f 2407/2918 2310/2846 2311/3005
f 2372/2789 2437/2762 2392/2783 2323/2804
f 2343/2741 2341/2720 2411/2792 2413/2801
f 2382/3221 2463/3203 2351/3164 2431/3194
f 2364/2786 2362/2765 2412/2717 2414/2750
f 2345/2768 2347/2861 2327/2870 2416/2798
f 2342/2687 2428/2705 2414/2750 2412/2717
f 2440/2894 2441/2939 2326/2912 2415/2840
f 2453/3014 2455/2942 2339/2930 2338/3026
f 2383/3188 2466/3173 2432/3143 2352/3155
f 2361/2849 2363/2858 2413/2801 2411/2792
f 2435/3170 2433/3200 2421/3161 2422/3140
f 2464/3182 2383/3188 2352/3155 2430/3146
f 2344/2774 2343/2741 2413/2801 2415/2840
f 2372/2789 2454/2828 2424/2807 2423/2753
f 2366/2873 2365/2825 2416/2798 2327/2870
f 2454/2828 2371/2882 2337/2885 2424/2807
f 2347/2861 2348/2984 2328/2951 2327/2870
f 2363/2858 2440/2894 2415/2840 2413/2801
f 2346/2855 2344/2774 2415/2840 2326/2912
f 2438/2864 2361/2849 2411/2792 2325/2813
f 2358/2777 2357/2708 2423/2753 2424/2807
f 2362/2765 2439/2756 2410/2711 2412/2717
f 2427/2672 2342/2687 2412/2717 2410/2711
f 2456/2693 2391/2732 2360/2795 2426/2747
f 2365/2825 2364/2786 2414/2750 2416/2798
f 2455/2942 2373/2906 2340/2852 2339/2930
f 2360/2795 2359/2903 2339/2930 2340/2852
f 2348/2984 2350/3080 2330/3035 2328/2951
f 2354/3011 2356/2891 2337/2885 2335/2966
f 2432/3143 2434/3086 2334/3038 2420/3065
f 2355/3122 2435/3170 2422/3140 2336/3083
f 2465/3227 2382/3221 2431/3194 2353/3212
f 2374/2657 2457/2654 2427/2672 2425/2681
f 2440/2894 2363/2858 2309/2897 2396/2915
f 2408/3047 2320/2969 2318/3116
f 2389/2669 2374/2657 2425/2681 2357/2708
f 2370/3125 2369/3131 2401/3107 2318/3098
f 2408/3047 2406/2702 2322/2729
f 2353/3212 2431/3194 2419/3158 2333/3167
f 2408/3047 2312/3185 2396/3104
f 2450/3101 2452/3059 2336/3083 2422/3140
f 2407/2918 2402/3110 2319/2990
f 2408/3047 2309/2948 2394/2816
f 2426/2747 2360/2795 2340/2852 2325/2813
f 2377/2615 2378/2639 2379/2633 2459/2609
f 2371/2882 2451/2936 2335/2966 2337/2885
f 2450/3101 2370/3125 2318/3098 2320/3074
f 2407/2918 2403/2834 2404/2726
f 2373/2906 2438/2864 2325/2813 2340/2852
f 2452/3059 2450/3101 2320/3074 2321/3050
f 2407/2918 2395/2735 2310/2846
f 2391/2732 2469/2867 2359/2903 2360/2795
f 2351/3164 2349/3092 2329/3062 2331/3134
f 2463/3203 2461/3113 2349/3092 2351/3164
f 2366/2873 2442/2933 2313/2927 2397/2879
f 2408/3047 2322/2729 2321/2822
f 2365/2825 2366/2873 2397/2879 2311/2837
f 2431/3194 2351/3164 2331/3134 2419/3158
f 2408/3047 2308/2723 2324/2699
f 2374/2627 2456/2648 2458/2651 2457/2630
f 2434/3086 2354/3011 2335/2966 2334/3038
f 2453/3014 2452/3059 2321/3050 2322/3008
f 2390/2612 2469/2636 2391/2642 2389/2618
f 2350/3080 2430/3146 2418/3068 2330/3035
f 2407/2918 2311/3005 2397/3128
f 2459/2609 2379/2633 2380/2585 2460/2603
f 2368/3089 2443/3056 2399/3044 2315/3071
f 2461/3113 2380/2963 2429/2972 2349/3092
f 2441/2939 2440/2894 2396/2915 2312/2945
f 2457/2630 2458/2651 2376/2645 2375/2621
f 2371/2882 2454/2828 2405/2831 2404/2876
f 2390/2759 2389/2669 2357/2708 2358/2777
f 2448/3023 2449/2978 2319/2957 2402/2987
f 2408/3047 2401/3191 2317/3224
f 2452/3059 2453/3014 2338/3026 2336/3083
f 2444/2975 2445/3020 2316/2981 2314/2954
f 2367/2999 2441/2939 2312/2945 2398/3002
f 2437/2762 2372/2789 2423/2753 2409/2714
f 2441/2939 2367/2999 2417/2993 2326/2912
f 2367/2999 2443/3056 2329/3062 2417/2993
f 2381/3017 2462/3149 2350/3080 2348/2984
f 2446/3119 2368/3089 2315/3071 2317/3095
f 2449/2978 2451/2936 2403/2924 2319/2957
f 2407/2918 2319/2990 2403/2834
f 2363/2858 2361/2849 2394/2888 2309/2897
f 2466/3173 2385/3137 2434/3086 2432/3143
f 2376/2696 2458/2675 2341/2720 2343/2741
f 2454/2828 2372/2789 2323/2804 2405/2831
f 2443/3056 2367/2999 2398/3002 2399/3044
f 2445/3020 2447/3032 2400/2996 2316/2981
f 2442/2933 2366/2873 2327/2870 2328/2951
f 2384/3215 2465/3227 2353/3212 2433/3200
f 2451/2936 2371/2882 2404/2876 2403/2924
f 2447/3032 2448/3023 2402/2987 2400/2996
f 2457/2654 2375/2660 2342/2687 2427/2672
f 2379/2819 2378/2744 2344/2774 2346/2855
f 2429/2972 2346/2855 2326/2912 2417/2993
f 2377/2690 2459/2738 2345/2768 2428/2705
f 2341/2720 2426/2747 2325/2813 2411/2792
f 2388/3041 2386/3152 2355/3122 2436/3029
f 2451/2936 2449/2978 2334/3038 2335/2966
f 2447/3032 2445/3020 2418/3068 2332/3077
f 2459/2738 2460/2843 2347/2861 2345/2768
f 2368/3089 2446/3119 2419/3158 2331/3134
f 2380/2963 2379/2819 2346/2855 2429/2972
f 2375/2660 2377/2690 2428/2705 2342/2687
f 2352/3155 2432/3143 2420/3065 2332/3077
f 2385/3137 2468/3053 2354/3011 2434/3086
f 2369/3131 2370/3125 2421/3161 2333/3167
f 2444/2975 2442/2933 2328/2951 2330/3035
f 2425/2681 2427/2672 2410/2711 2409/2714
f 2378/2744 2376/2696 2343/2741 2344/2774
f 2356/2891 2358/2777 2424/2807 2337/2885
f 2448/3023 2447/3032 2332/3077 2420/3065
f 2433/3200 2353/3212 2333/3167 2421/3161
f 2443/3056 2368/3089 2331/3134 2329/3062
f 2460/2843 2381/3017 2348/2984 2347/2861
f 2467/3197 2384/3215 2433/3200 2435/3170
f 2469/2867 2388/3041 2436/3029 2359/2903
f 2386/3152 2467/3197 2435/3170 2355/3122
f 2370/3125 2450/3101 2422/3140 2421/3161
f 2387/2909 2390/2759 2358/2777 2356/2891
f 2468/3053 2387/2909 2356/2891 2354/3011
f 2445/3020 2444/2975 2330/3035 2418/3068
f 2449/2978 2448/3023 2420/3065 2334/3038
f 2408/3047 2396/3104 2309/2948
f 2407/2918 2313/3179 2314/3209
f 2408/3047 2315/3233 2399/3230
f 2408/3047 2394/2816 2308/2723
f 2375/2621 2376/2645 2378/2639 2377/2615
f 2460/2603 2380/2585 2461/2573 2381/2597
f 2407/2918 2323/2663 2392/2666
f 2388/2624 2387/2606 2468/2600 2386/2576
f 2383/2579 2465/2558 2384/2564 2466/2588
f 2456/2648 2374/2627 2389/2618 2391/2642
f 2446/3119 2369/3131 2333/3167 2419/3158
f 2207/3046 2291/2698 2209/2701
f 2208/2917 2210/2677 2292/2662
f 2359/2903 2436/3029 2338/3026 2339/2930
f 2473/2589 2555/2565 2472/2571 2554/2595
f 2477/2592 2476/2568 2557/2562 2475/2583
f 2562/2616 2561/2640 2560/2634 2480/2610
f 2549/2613 2470/2637 2548/2643 2550/2619
f 2482/2631 2481/2652 2563/2646 2564/2622
f 2480/2610 2560/2634 2559/2586 2479/2604
f 2555/3216 2474/3228 2586/3213 2506/3201
f 2498/2940 2572/3000 2522/2994 2613/2913
f 2491/3024 2490/2979 2620/2958 2537/2988
f 2498/2940 2499/2895 2543/2916 2627/2946
f 2482/2655 2564/2661 2597/2688 2512/2673
f 2497/2934 2573/2874 2612/2871 2611/2952
f 2473/3174 2554/3138 2505/3087 2507/3144
f 2563/2697 2481/2676 2598/2721 2596/2742
f 2572/3000 2496/3057 2610/3063 2522/2994
f 2472/3198 2555/3216 2506/3201 2504/3171
f 2495/2976 2497/2934 2611/2952 2609/3036
f 2564/2661 2562/2691 2511/2706 2597/2688
f 2496/3057 2571/3090 2608/3135 2610/3063
f 2554/3138 2471/3054 2585/3012 2505/3087
f 2561/2745 2563/2697 2596/2742 2595/2775
f 2494/3021 2495/2976 2609/3036 2521/3069
f 2553/3153 2472/3198 2504/3171 2584/3123
f 2571/3090 2493/3120 2520/3159 2608/3135
f 2562/2691 2480/2739 2594/2769 2511/2706
f 2492/3033 2494/3021 2521/3069 2607/3078
f 2471/3054 2552/2910 2583/2892 2585/3012
f 2560/2820 2561/2745 2595/2775 2593/2856
f 2493/3120 2570/3132 2606/3168 2520/3159
f 2551/3042 2553/3153 2584/3123 2503/3030
f 2491/3024 2492/3033 2607/3078 2519/3066
f 2480/2739 2479/2844 2592/2862 2594/2769
f 2570/3132 2569/3126 2518/3162 2606/3168
f 2552/2910 2549/2760 2581/2778 2583/2892
f 2559/2964 2560/2820 2593/2856 2510/2973
f 2490/2979 2491/3024 2519/3066 2605/3039
f 2470/2868 2551/3042 2503/3030 2580/2904
f 2569/3126 2489/3102 2517/3141 2518/3162
f 2479/2844 2558/3018 2591/2985 2592/2862
f 2488/2937 2490/2979 2605/3039 2604/2967
f 2598/2721 2513/2748 2614/2814 2528/2793
f 2506/3201 2586/3213 2606/3168 2518/3162
f 2587/3156 2507/3144 2519/3066 2607/3078
f 2514/2682 2512/2673 2529/2712 2530/2715
f 2580/2904 2503/3030 2601/3027 2600/2931
f 2510/2973 2593/2856 2613/2913 2522/2994
f 2583/2892 2581/2778 2515/2808 2602/2886
f 2594/2769 2592/2862 2612/2871 2523/2799
f 2586/3213 2508/3195 2520/3159 2606/3168
f 2513/2748 2579/2796 2599/2853 2614/2814
f 2509/3147 2587/3156 2607/3078 2521/3069
f 2582/2709 2514/2682 2530/2715 2516/2754
f 2503/3030 2584/3123 2603/3084 2601/3027
f 2593/2856 2595/2775 2524/2841 2613/2913
f 2585/3012 2583/2892 2602/2886 2604/2967
f 2511/2706 2594/2769 2523/2799 2525/2751
f 2508/3195 2588/3165 2608/3135 2520/3159
f 2589/3081 2509/3147 2521/3069 2609/3036
f 2584/3123 2504/3171 2517/3141 2603/3084
f 2595/2775 2596/2742 2526/2802 2524/2841
f 2505/3087 2585/3012 2604/2967 2605/3039
f 2597/2688 2511/2706 2525/2751 2527/2718
f 2588/3165 2590/3093 2610/3063 2608/3135
f 2591/2985 2589/3081 2609/3036 2611/2952
f 2504/3171 2506/3201 2518/3162 2517/3141
f 2596/2742 2598/2721 2528/2793 2526/2802
f 2579/2796 2580/2904 2600/2931 2599/2853
f 2507/3144 2505/3087 2605/3039 2519/3066
f 2512/2673 2597/2688 2527/2718 2529/2712
f 2581/2778 2582/2709 2516/2754 2515/2808
f 2590/3093 2510/2973 2522/2994 2610/3063
f 2592/2862 2591/2985 2611/2952 2612/2871
f 2573/2874 2574/2826 2523/2799 2612/2871
f 2481/2676 2483/2694 2513/2748 2598/2721
f 2556/3189 2473/3174 2507/3144 2587/3156
f 2499/2895 2498/2940 2613/2913 2524/2841
f 2565/2658 2482/2655 2512/2673 2514/2682
f 2574/2826 2575/2787 2525/2751 2523/2799
f 2474/3228 2557/3222 2508/3195 2586/3213
f 2576/2859 2499/2895 2524/2841 2526/2802
f 2483/2694 2548/2733 2579/2796 2513/2748
f 2475/3183 2556/3189 2587/3156 2509/3147
f 2575/2787 2577/2766 2527/2718 2525/2751
f 2550/2670 2565/2658 2514/2682 2582/2709
f 2578/2850 2576/2859 2526/2802 2528/2793
f 2484/2943 2566/2907 2599/2853 2600/2931
f 2557/3222 2476/3204 2588/3165 2508/3195
f 2577/2766 2500/2757 2529/2712 2527/2718
f 2567/2790 2485/2829 2515/2808 2516/2754
f 2477/3150 2475/3183 2509/3147 2589/3081
f 2501/2865 2578/2850 2528/2793 2614/2814
f 2486/3015 2484/2943 2600/2931 2601/3027
f 2500/2757 2502/2763 2530/2715 2529/2712
f 2485/2829 2568/2883 2602/2886 2515/2808
f 2476/3204 2478/3114 2590/3093 2588/3165
f 2566/2907 2501/2865 2614/2814 2599/2853
f 2487/3060 2486/3015 2601/3027 2603/3084
f 2558/3018 2477/3150 2589/3081 2591/2985
f 2548/2733 2470/2868 2580/2904 2579/2796
f 2502/2763 2567/2790 2516/2754 2530/2715
f 2568/2883 2488/2937 2604/2967 2602/2886
f 2549/2760 2550/2670 2582/2709 2581/2778
f 2489/3102 2487/3060 2603/3084 2517/3141
f 2478/3114 2559/2964 2510/2973 2590/3093
f 2575/2787 2574/2826 2628/2838 2629/2811
f 2569/3126 2570/3132 2538/3108 2621/3099
f 2499/2895 2576/2859 2630/2898 2543/2916
f 2492/3033 2491/3024 2537/2988 2539/2997
f 2577/2766 2575/2787 2629/2811 2544/2781
f 2570/3132 2493/3120 2622/3096 2538/3108
f 2576/2859 2578/2850 2545/2889 2630/2898
f 2494/3021 2492/3033 2539/2997 2623/2982
f 2566/2907 2484/2943 2533/2961 2615/2922
f 2500/2757 2577/2766 2544/2781 2546/2772
f 2493/3120 2571/3090 2624/3072 2622/3096
f 2485/2829 2567/2790 2616/2805 2534/2832
f 2578/2850 2501/2865 2631/2901 2545/2889
f 2495/2976 2494/3021 2623/2982 2625/2955
f 2484/2943 2486/3015 2617/3009 2533/2961
f 2502/2763 2500/2757 2546/2772 2547/2784
f 2571/3090 2496/3057 2540/3045 2624/3072
f 2568/2883 2485/2829 2534/2832 2535/2877
f 2501/2865 2566/2907 2615/2922 2631/2901
f 2497/2934 2495/2976 2625/2955 2626/2928
f 2486/3015 2487/3060 2618/3051 2617/3009
f 2567/2790 2502/2763 2547/2784 2616/2805
f 2496/3057 2572/3000 2541/3003 2540/3045
f 2488/2937 2568/2883 2535/2877 2536/2925
f 2573/2874 2497/2934 2626/2928 2542/2880
f 2487/3060 2489/3102 2619/3075 2618/3051
f 2572/3000 2498/2940 2627/2946 2541/3003
f 2490/2979 2488/2937 2536/2925 2620/2958
f 2574/2826 2573/2874 2542/2880 2628/2838
f 2489/3102 2569/3126 2621/3099 2619/3075
f 2531/3048 2538/3192 2622/3225
f 2532/2919 2620/2991 2536/2835
f 2531/3048 2618/2823 2619/2970
f 2532/2919 2537/3111 2620/2991
f 2531/3048 2533/2703 2617/2730
f 2532/2919 2535/2727 2534/2679
f 2531/3048 2619/2970 2621/3117
f 2532/2919 2626/3180 2625/3210
f 2531/3048 2621/3117 2538/3192
f 2532/2919 2539/3177 2537/3111
f 2531/3048 2541/3219 2627/3186
f 2532/2919 2623/3207 2539/3177
f 2531/3048 2622/3225 2624/3234
f 2532/2919 2625/3210 2623/3207
f 2531/3048 2624/3234 2540/3231
f 2532/2919 2628/3006 2542/3129
f 2531/3048 2540/3231 2541/3219
f 2532/2919 2542/3129 2626/3180
f 2531/3048 2631/2724 2615/2700
f 2532/2919 2629/2847 2628/3006
f 2531/3048 2543/3105 2630/2949
f 2532/2919 2546/2685 2544/2736
f 2531/3048 2617/2730 2618/2823
f 2532/2919 2544/2736 2629/2847
f 2531/3048 2630/2949 2545/2817
f 2532/2919 2536/2835 2535/2727
f 2531/3048 2545/2817 2631/2724
f 2532/2919 2547/2667 2546/2685
f 2532/2919 2616/2664 2547/2667
f 2531/3048 2627/3186 2543/3105
f 2564/2622 2563/2646 2561/2640 2562/2616
f 2479/2604 2559/2586 2478/2574 2558/2598
f 2558/2598 2478/2574 2476/2568 2477/2592
f 2474/2559 2556/2580 2475/2583 2557/2562
f 2556/2580 2474/2559 2555/2565 2473/2589
f 2554/2595 2472/2571 2553/2577 2471/2601
f 2552/2607 2551/2625 2470/2637 2549/2613
f 2551/2625 2552/2607 2471/2601 2553/2577
f 2483/2649 2565/2628 2550/2619 2548/2643
f 2565/2628 2483/2649 2481/2652 2482/2631
f 2531/3048 2615/2700 2533/2703
f 2532/2919 2534/2679 2616/2664
v -2.888614 5.655794 -0.186814
v -3.123176 5.741639 -0.100970
v -2.888613 5.753713 -0.040269
v -3.123176 5.741639 0.020432
v -2.888613 5.707254 0.071892
v -3.123176 5.655795 0.106276
v -2.888613 5.595093 0.118351
v -3.123176 5.595094 0.118351
v -2.888614 5.534392 0.106277
v -3.123176 5.482932 0.071892
v -3.123176 5.448548 0.020432
v -2.888614 5.482932 -0.152430
v -3.123176 5.482932 -0.152430
v -2.888614 5.534392 -0.186814
v -2.815228 5.647819 -0.167559
v -3.196561 5.647819 -0.167559
v -2.815228 5.692517 -0.137693
v -2.815228 5.722383 -0.092994
v -3.196561 5.722384 -0.092994
v -2.815228 5.732871 -0.040269
v -3.196561 5.732871 -0.040269
v -3.196561 5.722384 0.012457
v -3.196561 5.692517 0.057155
v -2.815228 5.647819 0.087021
v -3.196561 5.647819 0.087021
v -3.196561 5.595093 0.097509
v -2.815228 5.542368 0.087021
v -3.196561 5.542368 0.087021
v -2.815228 5.467803 0.012457
v -2.815228 5.457316 -0.040269
v -3.196561 5.497670 -0.137693
v -2.815228 5.542368 -0.167559
v -3.196561 5.542368 -0.167559
v -2.888613 5.739390 -0.184566
v -2.888613 5.799160 -0.040269
v -3.123176 5.799160 -0.040269
v -2.888613 5.783626 0.037824
v -3.123176 5.783626 0.037824
v -2.888613 5.673186 0.148264
v -3.123176 5.673186 0.148264
v -2.888613 5.450797 0.104028
v -3.123176 5.391027 -0.040269
v -3.123176 5.450797 -0.184566
v -2.888614 5.517000 -0.228802
v -3.123176 5.517000 -0.228802
v -3.196561 5.673186 -0.228802
v -3.196561 5.595093 -0.244335
v -2.815228 5.799160 -0.040269
v -2.815228 5.783626 0.037824
v -3.196561 5.783626 0.037824
v -2.815228 5.673186 0.148264
v -3.196561 5.673186 0.148264
v -2.815228 5.450796 0.104028
v -3.196561 5.406561 0.037824
v -2.815228 5.391027 -0.040269
v -3.196561 5.391027 -0.040269
v -2.815228 5.406561 -0.118362
v -3.196561 5.406560 -0.118362
v -2.815228 5.450797 -0.184566
v -3.196561 5.450797 -0.184566
v -3.196561 5.517001 -0.228802
v -2.848173 5.595093 -0.040269
v -3.163616 5.595093 -0.040269
v -2.848173 5.647819 -0.167559
v -3.163616 5.647819 -0.167559
v -3.163616 5.692517 -0.137693
v -3.163616 5.722384 -0.092994
v -3.163616 5.722384 0.012457
v -2.848173 5.692517 0.057155
v -3.163616 5.692517 0.057155
v -2.848173 5.542368 0.087021
v -2.848173 5.497670 0.057155
v -3.163616 5.497670 0.057155
v -2.848173 5.457315 -0.040269
v -3.163616 5.467803 -0.092994
v -2.848174 5.497670 -0.137693
v -3.163616 5.497670 -0.137692
v -3.163616 5.542368 -0.167559
v -2.888614 5.595093 -0.198888
v -3.123176 5.655794 -0.186814
v -3.123176 5.595093 -0.198888
v -2.888613 5.707254 -0.152430
v -3.123176 5.707254 -0.152430
v -2.888613 5.741639 -0.100970
v -3.123176 5.753713 -0.040269
v -2.888613 5.741639 0.020432
v -3.123176 5.707254 0.071892
v -2.888614 5.655795 0.106276
v -3.123176 5.534392 0.106276
v -2.888614 5.482933 0.071892
v -2.888614 5.448548 0.020432
v -2.888614 5.436474 -0.040269
v -3.123176 5.436474 -0.040269
v -2.888614 5.448548 -0.100970
v -3.123176 5.448548 -0.100970
v -3.123176 5.534392 -0.186814
v -2.815228 5.595093 -0.178047
v -3.196561 5.595093 -0.178047
v -3.196561 5.692517 -0.137693
v -2.815228 5.722384 0.012456
v -2.815228 5.692517 0.057155
v -2.815228 5.595093 0.097509
v -2.815228 5.497670 0.057155
v -3.196561 5.497670 0.057155
v -3.196561 5.467803 0.012457
v -3.196561 5.457315 -0.040269
v -2.815228 5.467803 -0.092994
v -3.196561 5.467803 -0.092994
v -2.815228 5.497670 -0.137693
v -2.888614 5.595093 -0.244335
v -2.888613 5.673186 -0.228802
v -3.123176 5.673186 -0.228802
v -3.123176 5.595093 -0.244335
v -3.123176 5.739390 -0.184566
v -2.888613 5.783626 -0.118362
v -3.123176 5.783626 -0.118362
v -2.888613 5.739390 0.104028
v -3.123176 5.739390 0.104028
v -2.888613 5.595093 0.163798
v -3.123176 5.595094 0.163798
v -2.888613 5.517001 0.148264
v -3.123176 5.517001 0.148264
v -3.123176 5.450797 0.104028
v -2.888613 5.406560 0.037824
v -3.123176 5.406561 0.037824
v -2.888614 5.391027 -0.040269
v -2.888614 5.406561 -0.118362
v -3.123176 5.406561 -0.118362
v -2.888613 5.450797 -0.184566
v -2.815228 5.595093 -0.244335
v -2.815228 5.673186 -0.228802
v -2.815228 5.739390 -0.184566
v -3.196561 5.739390 -0.184566
v -2.815228 5.783626 -0.118362
v -3.196561 5.783626 -0.118362
v -3.196561 5.799160 -0.040269
v -2.815228 5.739390 0.104028
v -3.196561 5.739390 0.104028
v -2.815228 5.595093 0.163798
v -3.196561 5.595093 0.163798
v -2.815228 5.517000 0.148264
v -3.196561 5.517001 0.148264
v -3.196561 5.450797 0.104028
v -2.815228 5.406561 0.037824
v -2.815228 5.517000 -0.228802
v -2.848173 5.595093 -0.178047
v -3.163616 5.595093 -0.178047
v -2.848173 5.692517 -0.137693
v -2.848173 5.722383 -0.092994
v -2.848173 5.732871 -0.040269
v -3.163616 5.732871 -0.040269
v -2.848173 5.722384 0.012456
v -2.848173 5.647819 0.087021
v -3.163615 5.647819 0.087021
v -2.848174 5.595093 0.097509
v -3.163615 5.595093 0.097509
v -3.163615 5.542368 0.087021
v -2.848173 5.467803 0.012457
v -3.163616 5.467803 0.012457
v -3.163616 5.457315 -0.040269
v -2.848173 5.467803 -0.092994
v -2.848173 5.542368 -0.167559
v -2.825475 3.400834 -0.038631
v -2.825475 3.315538 0.046665
v -3.186314 3.303541 0.106978
v -3.186314 3.315538 0.167291
v -2.825475 3.315538 0.167291
v -3.186313 3.400834 0.252587
v -3.186313 3.461147 0.264584
v -2.825476 3.461147 0.264584
v -3.186313 3.521460 0.252587
v -2.825475 3.521460 0.252587
v -2.825475 3.606756 0.167291
v -3.186314 3.618753 0.106978
v -2.825475 3.618753 0.106978
v -2.825475 3.606756 0.046665
v -2.825475 3.572591 -0.004466
v -3.186314 3.461147 -0.050628
v -2.825475 3.461147 -0.050628
v -2.787789 3.371816 -0.108687
v -2.787789 3.245482 0.196310
v -3.224000 3.296084 0.272041
v -3.224000 3.371816 0.322643
v -2.787789 3.371816 0.322643
v -3.224000 3.461147 0.340412
v -2.787789 3.461147 0.340412
v -3.224000 3.626210 0.272041
v -2.787788 3.626210 0.272041
v -3.224000 3.694581 0.106978
v -3.224000 3.676812 0.017647
v -2.787788 3.676812 0.017647
v -3.224000 3.626210 -0.058085
v -2.787788 3.626210 -0.058085
v -2.787788 3.550478 -0.108687
v -2.787789 3.461147 -0.126456
v -2.871735 3.296085 -0.058085
v -3.140054 3.245482 0.017647
v -2.871735 3.245482 0.017647
v -2.871735 3.227713 0.106978
v -3.140054 3.245482 0.196310
v -2.871735 3.245482 0.196310
v -3.140054 3.296085 0.272041
v -3.140054 3.371816 0.322643
v -2.871735 3.371816 0.322643
v -3.140054 3.461147 0.340412
v -2.871735 3.461147 0.340412
v -3.140054 3.626210 0.272041
v -2.871735 3.626210 0.272041
v -3.140054 3.676812 0.017647
v -2.871735 3.676812 0.017647
v -3.140054 3.626210 -0.058085
v -3.140054 3.461147 -0.126456
v -3.140054 3.550478 -0.108687
v -2.871735 3.550478 -0.108687
v -2.871735 3.461147 -0.126456
v -2.787789 3.349703 -0.004466
v -3.224000 3.315538 0.046665
v -2.787788 3.315538 0.046665
v -3.224000 3.303541 0.106978
v -3.224000 3.315538 0.167291
v -3.224000 3.349703 0.218422
v -2.787789 3.349703 0.218422
v -2.787789 3.461147 0.264584
v -2.787788 3.572591 0.218422
v -2.787788 3.606756 0.167291
v -3.224000 3.572591 -0.004466
v -3.224000 3.461147 -0.050628
v -2.787788 3.461147 -0.050628
v -3.140054 3.391710 -0.060657
v -3.140054 3.293512 0.037541
v -2.871735 3.293512 0.037541
v -3.140054 3.279700 0.106978
v -2.871735 3.279700 0.106978
v -2.871735 3.293512 0.176415
v -2.871735 3.332845 0.235280
v -3.140054 3.391710 0.274613
v -2.871735 3.530584 0.274613
v -3.140054 3.589449 0.235280
v -2.871735 3.628782 0.176415
v -3.140054 3.642594 0.106978
v -2.871735 3.628782 0.037541
v -3.140054 3.589449 -0.021324
v -2.871735 3.589449 -0.021324
v -3.140054 3.461147 -0.074469
v -3.140054 3.530584 -0.060657
v -2.871735 3.461147 -0.074469
v -3.186313 3.400834 -0.038631
v -3.186314 3.349703 -0.004466
v -2.825476 3.349703 -0.004466
v -3.186314 3.315538 0.046665
v -2.825475 3.303541 0.106978
v -3.186314 3.349703 0.218422
v -2.825475 3.349703 0.218422
v -2.825475 3.400834 0.252587
v -3.186314 3.572591 0.218422
v -2.825475 3.572591 0.218422
v -3.186314 3.606756 0.167291
v -3.186314 3.606756 0.046665
v -3.186313 3.572591 -0.004466
v -3.186314 3.521460 -0.038631
v -2.825475 3.521460 -0.038631
v -3.186314 3.461147 0.106978
v -2.825475 3.461147 0.106978
v -3.224000 3.371816 -0.108687
v -3.224000 3.296084 -0.058085
v -2.787789 3.296084 -0.058085
v -3.224000 3.245482 0.017647
v -2.787789 3.245482 0.017647
v -3.224000 3.227713 0.106978
v -2.787789 3.227713 0.106978
v -3.224000 3.245482 0.196310
v -2.787788 3.296084 0.272041
v -3.224000 3.550478 0.322643
v -2.787788 3.550478 0.322643
v -3.224000 3.676812 0.196309
v -2.787788 3.676812 0.196309
v -2.787788 3.694581 0.106978
v -3.224000 3.461147 -0.126456
v -3.224000 3.550478 -0.108687
v -3.140054 3.371816 -0.108687
v -2.871735 3.371816 -0.108687
v -3.140054 3.296084 -0.058085
v -3.140054 3.227713 0.106978
v -2.871735 3.296084 0.272041
v -3.140054 3.550479 0.322643
v -2.871735 3.550479 0.322643
v -3.140054 3.676812 0.196309
v -2.871735 3.676812 0.196309
v -3.140054 3.694581 0.106978
v -2.871735 3.694581 0.106978
v -2.871735 3.626210 -0.058085
v -3.224000 3.400834 -0.038631
v -2.787789 3.400834 -0.038631
v -3.224000 3.349703 -0.004466
v -2.787788 3.303541 0.106978
v -2.787789 3.315538 0.167291
v -3.224000 3.400834 0.252587
v -2.787789 3.400834 0.252587
v -3.224000 3.461147 0.264584
v -3.224000 3.521460 0.252587
v -2.787789 3.521460 0.252587
v -3.224000 3.572591 0.218422
v -3.224000 3.606756 0.167291
v -3.224000 3.618753 0.106978
v -2.787788 3.618753 0.106978
v -3.224000 3.606756 0.046665
v -2.787788 3.606756 0.046665
v -2.787788 3.572591 -0.004466
v -3.224000 3.521460 -0.038631
v -2.787789 3.521460 -0.038631
v -2.871735 3.391710 -0.060657
v -3.140054 3.332845 -0.021324
v -2.871735 3.332845 -0.021324
v -3.140054 3.293512 0.176415
v -3.140054 3.332845 0.235280
v -2.871735 3.391710 0.274613
v -3.140054 3.461147 0.288425
v -2.871735 3.461147 0.288425
v -3.140054 3.530584 0.274613
v -2.871735 3.589449 0.235280
v -3.140054 3.628782 0.176415
v -2.871735 3.642594 0.106978
v -3.140054 3.628782 0.037541
v -2.871735 3.530583 -0.060657
v -2.871735 4.531214 -0.060657
v -3.140054 4.629412 0.037541
v -2.871735 4.643224 0.106978
v -3.140054 4.629412 0.176415
v -2.871735 4.590079 0.235280
v -3.140054 4.531214 0.274613
v -2.871735 4.461777 0.288425
v -3.140054 4.461777 0.288425
v -2.871735 4.392340 0.274613
v -3.140054 4.333475 0.235280
v -3.140054 4.294143 0.176415
v -2.871735 4.333475 -0.021324
v -3.140054 4.333475 -0.021324
v -2.871735 4.392340 -0.060657
v -2.787789 4.522090 -0.038631
v -3.224000 4.522090 -0.038631
v -2.787788 4.573221 -0.004466
v -2.787788 4.607386 0.046665
v -3.224000 4.607386 0.046665
v -2.787788 4.619383 0.106978
v -3.224000 4.619383 0.106978
v -3.224000 4.607386 0.167291
v -3.224000 4.573221 0.218422
v -2.787789 4.522090 0.252587
v -3.224000 4.522090 0.252587
v -3.224000 4.461777 0.264584
v -2.787789 4.401464 0.252587
v -3.224000 4.401464 0.252587
v -2.787789 4.316168 0.167291
v -2.787788 4.304172 0.106978
v -3.224000 4.350333 -0.004466
v -2.787789 4.401464 -0.038631
v -3.224000 4.401464 -0.038631
v -2.871735 4.626840 -0.058085
v -2.871735 4.695211 0.106978
v -3.140054 4.695211 0.106978
v -2.871735 4.677442 0.196309
v -3.140054 4.677442 0.196309
v -2.871735 4.551109 0.322643
v -3.140054 4.551109 0.322643
v -2.871735 4.296714 0.272041
v -3.140054 4.228343 0.106978
v -3.140054 4.296714 -0.058085
v -2.871735 4.372446 -0.108687
v -3.140054 4.372446 -0.108687
v -3.224000 4.551108 -0.108687
v -3.224000 4.461777 -0.126456
v -2.787788 4.695211 0.106978
v -2.787788 4.677442 0.196309
v -3.224000 4.677442 0.196309
v -2.787788 4.551108 0.322643
v -3.224000 4.551108 0.322643
v -2.787788 4.296714 0.272041
v -3.224000 4.246112 0.196309
v -2.787789 4.228343 0.106978
v -3.224000 4.228343 0.106978
v -2.787789 4.246112 0.017647
v -3.224000 4.246112 0.017647
v -2.787789 4.296714 -0.058085
v -3.224000 4.296714 -0.058085
v -3.224000 4.372446 -0.108687
v -2.825475 4.461777 0.106978
v -3.186314 4.461777 0.106978
v -2.825475 4.522090 -0.038631
v -3.186314 4.522090 -0.038631
v -3.186313 4.573221 -0.004466
v -3.186314 4.607386 0.046665
v -3.186314 4.607386 0.167291
v -2.825475 4.573221 0.218422
v -3.186314 4.573221 0.218422
v -2.825475 4.401464 0.252587
v -2.825475 4.350333 0.218422
v -3.186314 4.350333 0.218422
v -2.825475 4.304171 0.106978
v -3.186314 4.316168 0.046665
v -2.825476 4.350333 -0.004466
v -3.186314 4.350333 -0.004466
v -3.186313 4.401464 -0.038631
v -2.871735 4.461777 -0.074469
v -3.140054 4.531214 -0.060657
v -3.140054 4.461777 -0.074469
v -2.871735 4.590079 -0.021324
v -3.140054 4.590079 -0.021324
v -2.871735 4.629412 0.037541
v -3.140054 4.643224 0.106978
v -2.871735 4.629412 0.176415
v -3.140054 4.590079 0.235280
v -2.871735 4.531214 0.274613
v -3.140054 4.392340 0.274613
v -2.871735 4.333475 0.235280
v -2.871735 4.294142 0.176415
v -2.871735 4.280330 0.106978
v -3.140054 4.280331 0.106978
v -2.871735 4.294142 0.037541
v -3.140054 4.294142 0.037541
v -3.140054 4.392341 -0.060657
v -2.787788 4.461777 -0.050628
v -3.224000 4.461777 -0.050628
v -3.224000 4.573221 -0.004466
v -2.787788 4.607386 0.167291
v -2.787788 4.573221 0.218422
v -2.787789 4.461777 0.264584
v -2.787789 4.350333 0.218422
v -3.224000 4.350333 0.218422
v -3.224000 4.316169 0.167291
v -3.224000 4.304171 0.106978
v -2.787788 4.316168 0.046665
v -3.224000 4.316168 0.046665
v -2.787789 4.350333 -0.004466
v -2.871735 4.461777 -0.126456
v -2.871735 4.551108 -0.108687
v -3.140054 4.551108 -0.108687
v -3.140054 4.461777 -0.126456
v -3.140054 4.626840 -0.058085
v -2.871735 4.677442 0.017647
v -3.140054 4.677442 0.017647
v -2.871735 4.626840 0.272041
v -3.140054 4.626840 0.272041
v -2.871735 4.461777 0.340412
v -3.140054 4.461777 0.340412
v -2.871735 4.372446 0.322643
v -3.140054 4.372446 0.322643
v -3.140054 4.296715 0.272041
v -2.871735 4.246112 0.196309
v -3.140054 4.246112 0.196309
v -2.871735 4.228343 0.106978
v -2.871735 4.246112 0.017647
v -3.140054 4.246112 0.017647
v -2.871735 4.296715 -0.058085
v -2.787789 4.461777 -0.126456
v -2.787788 4.551108 -0.108687
v -2.787788 4.626840 -0.058085
v -3.224000 4.626840 -0.058085
v -2.787788 4.677442 0.017647
v -3.224000 4.677442 0.017647
v -3.224000 4.695211 0.106978
v -2.787788 4.626840 0.272041
v -3.224000 4.626840 0.272041
v -2.787789 4.461777 0.340412
v -3.224000 4.461777 0.340412
v -2.787789 4.372446 0.322643
v -3.224000 4.372446 0.322643
v -3.224000 4.296714 0.272041
v -2.787789 4.246112 0.196309
v -2.787789 4.372446 -0.108687
v -2.825475 4.461777 -0.050628
v -3.186314 4.461777 -0.050628
v -2.825475 4.573221 -0.004466
v -2.825475 4.607386 0.046665
v -2.825475 4.619383 0.106978
v -3.186314 4.619383 0.106978
v -2.825475 4.607386 0.167291
v -2.825475 4.522090 0.252587
v -3.186313 4.522090 0.252587
v -2.825476 4.461777 0.264584
v -3.186313 4.461777 0.264584
v -3.186313 4.401464 0.252587
v -2.825475 4.316168 0.167291
v -3.186314 4.316169 0.167291
v -3.186314 4.304171 0.106978
v -2.825475 4.316168 0.046665
v -2.825475 4.401464 -0.038631
vt 0.580710 0.542937
vt 0.580710 0.542937
vt 0.580710 0.542937
vt 0.564882 0.543341
vt 0.564882 0.543341
vt 0.564882 0.543341
vt 0.597068 0.546453
vt 0.597068 0.546453
vt 0.597068 0.546453
vt 0.551777 0.551623
vt 0.551777 0.551623
vt 0.551777 0.551623
vt 0.609370 0.558409
vt 0.609370 0.558409
vt 0.609370 0.558409
vt 0.541169 0.562433
vt 0.541169 0.562433
vt 0.541169 0.562433
vt 0.615813 0.573798
vt 0.615813 0.573798
vt 0.615813 0.573798
vt 0.576477 0.576646
vt 0.576477 0.576646
vt 0.576477 0.576646
vt 0.573930 0.576717
vt 0.573930 0.576717
vt 0.573930 0.576717
vt 0.537476 0.577243
vt 0.537476 0.577243
vt 0.537476 0.577243
vt 0.578928 0.577666
vt 0.578928 0.577666
vt 0.578928 0.577666
vt 0.571617 0.577799
vt 0.571617 0.577799
vt 0.571617 0.577799
vt 0.581118 0.579426
vt 0.581118 0.579426
vt 0.581118 0.579426
vt 0.570035 0.579760
vt 0.570035 0.579760
vt 0.570035 0.579760
vt 0.582508 0.581866
vt 0.582508 0.581866
vt 0.582508 0.581866
vt 0.569136 0.582343
vt 0.569136 0.582343
vt 0.569136 0.582343
vt 0.582862 0.584607
vt 0.582862 0.584607
vt 0.582862 0.584607
vt 0.569479 0.585087
vt 0.569479 0.585087
vt 0.569479 0.585087
vt 0.582096 0.587177
vt 0.582096 0.587177
vt 0.582096 0.587177
vt 0.570858 0.587544
vt 0.570858 0.587544
vt 0.570858 0.587544
vt 0.580505 0.589085
vt 0.580505 0.589085
vt 0.580505 0.589085
vt 0.573044 0.589333
vt 0.573044 0.589333
vt 0.573044 0.589333
vt 0.615813 0.589746
vt 0.615813 0.589746
vt 0.615813 0.589746
vt 0.578263 0.590113
vt 0.578263 0.590113
vt 0.578263 0.590113
vt 0.575649 0.590246
vt 0.575649 0.590246
vt 0.575649 0.590246
vt 0.537361 0.592571
vt 0.537361 0.592571
vt 0.537361 0.592571
vt 0.612071 0.605208
vt 0.612071 0.605208
vt 0.612071 0.605208
vt 0.543404 0.607422
vt 0.543404 0.607422
vt 0.543404 0.607422
vt 0.600959 0.616493
vt 0.600959 0.616493
vt 0.600959 0.616493
vt 0.555063 0.619055
vt 0.555063 0.619055
vt 0.555063 0.619055
vt 0.587171 0.625119
vt 0.587171 0.625119
vt 0.587171 0.625119
vt 0.570474 0.625303
vt 0.570474 0.625303
vt 0.570474 0.625303
vt 0.587406 0.769456
vt 0.587406 0.769456
vt 0.587406 0.769456
vt 0.572371 0.770661
vt 0.572371 0.770661
vt 0.572371 0.770661
vt 0.600828 0.773468
vt 0.600828 0.773468
vt 0.600828 0.773468
vt 0.573917 0.774286
vt 0.573917 0.774286
vt 0.573917 0.774286
vt 0.587598 0.774575
vt 0.587598 0.774575
vt 0.587598 0.774575
vt 0.557251 0.778327
vt 0.557251 0.778327
vt 0.557251 0.778327
vt 0.586661 0.778420
vt 0.586661 0.778420
vt 0.586661 0.778420
vt 0.579455 0.779464
vt 0.579455 0.779464
vt 0.579455 0.779464
vt 0.561278 0.779530
vt 0.561278 0.779530
vt 0.561278 0.779530
vt 0.575713 0.780274
vt 0.575713 0.780274
vt 0.575713 0.780274
vt 0.600237 0.780352
vt 0.600237 0.780352
vt 0.600237 0.780352
vt 0.597367 0.780755
vt 0.597367 0.780755
vt 0.597367 0.780755
vt 0.611099 0.781319
vt 0.611099 0.781319
vt 0.611099 0.781319
vt 0.594902 0.781938
vt 0.594902 0.781938
vt 0.594902 0.781938
vt 0.564964 0.782954
vt 0.564964 0.782954
vt 0.564964 0.782954
vt 0.569219 0.783825
vt 0.569219 0.783825
vt 0.569219 0.783825
vt 0.583733 0.784131
vt 0.583733 0.784131
vt 0.583733 0.784131
vt 0.606343 0.786572
vt 0.606343 0.786572
vt 0.606343 0.786572
vt 0.566101 0.786665
vt 0.566101 0.786665
vt 0.566101 0.786665
vt 0.586565 0.786860
vt 0.586565 0.786860
vt 0.586565 0.786860
vt 0.578882 0.788537
vt 0.578882 0.788537
vt 0.578882 0.788537
vt 0.594135 0.788710
vt 0.594135 0.788710
vt 0.594135 0.788710
vt 0.579726 0.788846
vt 0.579726 0.788846
vt 0.579726 0.788846
vt 0.555809 0.789388
vt 0.555809 0.789388
vt 0.555809 0.789388
vt 0.551604 0.789507
vt 0.551604 0.789507
vt 0.551604 0.789507
vt 0.597142 0.790260
vt 0.597142 0.790260
vt 0.597142 0.790260
vt 0.609443 0.790533
vt 0.609443 0.790533
vt 0.609443 0.790533
vt 0.609911 0.790737
vt 0.609911 0.790737
vt 0.609911 0.790737
vt 0.619963 0.790770
vt 0.619963 0.790770
vt 0.619963 0.790770
vt 0.568260 0.790846
vt 0.568260 0.790846
vt 0.568260 0.790846
vt 0.553769 0.790860
vt 0.553769 0.790860
vt 0.553769 0.790860
vt 0.590975 0.791538
vt 0.590975 0.791538
vt 0.590975 0.791538
vt 0.600812 0.792689
vt 0.600812 0.792689
vt 0.600812 0.792689
vt 0.572877 0.792979
vt 0.572877 0.792979
vt 0.572877 0.792979
vt 0.586922 0.793383
vt 0.586922 0.793383
vt 0.586922 0.793383
vt 0.550306 0.793893
vt 0.550306 0.793893
vt 0.550306 0.793893
vt 0.581732 0.794330
vt 0.581732 0.794330
vt 0.581732 0.794330
vt 0.592044 0.794521
vt 0.592044 0.794521
vt 0.592044 0.794521
vt 0.612955 0.794948
vt 0.612955 0.794948
vt 0.612955 0.794948
vt 0.586903 0.796237
vt 0.586903 0.796237
vt 0.586903 0.796237
vt 0.558629 0.796567
vt 0.558629 0.796567
vt 0.558629 0.796567
vt 0.560263 0.796693
vt 0.560263 0.796693
vt 0.560263 0.796693
vt 0.591056 0.797009
vt 0.591056 0.797009
vt 0.591056 0.797009
vt 0.582902 0.797083
vt 0.582902 0.797083
vt 0.582902 0.797083
vt 0.596603 0.797274
vt 0.596603 0.797274
vt 0.596603 0.797274
vt 0.577716 0.797489
vt 0.577716 0.797489
vt 0.577716 0.797489
vt 0.579427 0.798010
vt 0.579427 0.798010
vt 0.579427 0.798010
vt 0.600189 0.798431
vt 0.600189 0.798431
vt 0.600189 0.798431
vt 0.605591 0.799048
vt 0.605591 0.799048
vt 0.605591 0.799048
vt 0.571424 0.799063
vt 0.571424 0.799063
vt 0.571424 0.799063
vt 0.579671 0.799294
vt 0.579671 0.799294
vt 0.579671 0.799294
vt 0.568855 0.799313
vt 0.568855 0.799313
vt 0.568855 0.799313
vt 0.594648 0.799409
vt 0.594648 0.799409
vt 0.594648 0.799409
vt 0.587273 0.799621
vt 0.587273 0.799621
vt 0.587273 0.799621
vt 0.545546 0.799973
vt 0.545546 0.799973
vt 0.545546 0.799973
vt 0.544082 0.800683
vt 0.544082 0.800683
vt 0.544082 0.800683
vt 0.607405 0.801278
vt 0.607405 0.801278
vt 0.607405 0.801278
vt 0.599843 0.801628
vt 0.599843 0.801628
vt 0.599843 0.801628
vt 0.575006 0.801747
vt 0.575006 0.801747
vt 0.575006 0.801747
vt 0.577705 0.802698
vt 0.577705 0.802698
vt 0.577705 0.802698
vt 0.546369 0.802698
vt 0.546369 0.802698
vt 0.546369 0.802698
vt 0.597253 0.802943
vt 0.597253 0.802943
vt 0.597253 0.802943
vt 0.564240 0.803108
vt 0.564240 0.803108
vt 0.564240 0.803108
vt 0.625375 0.803938
vt 0.625375 0.803938
vt 0.625375 0.803938
vt 0.615146 0.804149
vt 0.615146 0.804149
vt 0.615146 0.804149
vt 0.578780 0.804388
vt 0.578780 0.804388
vt 0.578780 0.804388
vt 0.593527 0.804569
vt 0.593527 0.804569
vt 0.593527 0.804569
vt 0.551431 0.805224
vt 0.551431 0.805224
vt 0.551431 0.805224
vt 0.573275 0.805277
vt 0.573275 0.805277
vt 0.573275 0.805277
vt 0.616364 0.805489
vt 0.616364 0.805489
vt 0.616364 0.805489
vt 0.584054 0.805789
vt 0.584054 0.805789
vt 0.584054 0.805789
vt 0.615765 0.806257
vt 0.615765 0.806257
vt 0.615765 0.806257
vt 0.607753 0.806604
vt 0.607753 0.806604
vt 0.607753 0.806604
vt 0.601337 0.806736
vt 0.601337 0.806736
vt 0.601337 0.806736
vt 0.577322 0.806767
vt 0.577322 0.806767
vt 0.577322 0.806767
vt 0.598447 0.806994
vt 0.598447 0.806994
vt 0.598447 0.806994
vt 0.574222 0.807017
vt 0.574222 0.807017
vt 0.574222 0.807017
vt 0.567664 0.807167
vt 0.567664 0.807167
vt 0.567664 0.807167
vt 0.578643 0.807547
vt 0.578643 0.807547
vt 0.578643 0.807547
vt 0.559079 0.807941
vt 0.559079 0.807941
vt 0.559079 0.807941
vt 0.568490 0.808061
vt 0.568490 0.808061
vt 0.568490 0.808061
vt 0.574250 0.808107
vt 0.574250 0.808107
vt 0.574250 0.808107
vt 0.582752 0.808439
vt 0.582752 0.808439
vt 0.582752 0.808439
vt 0.605692 0.808657
vt 0.605692 0.808657
vt 0.605692 0.808657
vt 0.588118 0.809086
vt 0.588118 0.809086
vt 0.588118 0.809086
vt 0.549895 0.809357
vt 0.549895 0.809357
vt 0.549895 0.809357
vt 0.559104 0.809645
vt 0.559104 0.809645
vt 0.559104 0.809645
vt 0.570346 0.810206
vt 0.570346 0.810206
vt 0.570346 0.810206
vt 0.580758 0.810623
vt 0.580758 0.810623
vt 0.580758 0.810623
vt 0.585999 0.810882
vt 0.585999 0.810882
vt 0.585999 0.810882
vt 0.578404 0.810926
vt 0.578404 0.810926
vt 0.578404 0.810926
vt 0.597944 0.810991
vt 0.597944 0.810991
vt 0.597944 0.810991
vt 0.597140 0.811537
vt 0.597140 0.811537
vt 0.597140 0.811537
vt 0.600821 0.811988
vt 0.600821 0.811988
vt 0.600821 0.811988
vt 0.575780 0.812221
vt 0.575780 0.812221
vt 0.575780 0.812221
vt 0.564911 0.812379
vt 0.564911 0.812379
vt 0.564911 0.812379
vt 0.590827 0.813636
vt 0.590827 0.813636
vt 0.590827 0.813636
vt 0.567729 0.813826
vt 0.567729 0.813826
vt 0.567729 0.813826
vt 0.539992 0.813968
vt 0.539992 0.813968
vt 0.539992 0.813968
vt 0.606817 0.814346
vt 0.606817 0.814346
vt 0.606817 0.814346
vt 0.595916 0.814423
vt 0.595916 0.814423
vt 0.595916 0.814423
vt 0.580930 0.814447
vt 0.580930 0.814447
vt 0.580930 0.814447
vt 0.587859 0.814474
vt 0.587859 0.814474
vt 0.587859 0.814474
vt 0.538263 0.814640
vt 0.538263 0.814640
vt 0.538263 0.814640
vt 0.570158 0.814756
vt 0.570158 0.814756
vt 0.570158 0.814756
vt 0.612960 0.815508
vt 0.612960 0.815508
vt 0.612960 0.815508
vt 0.547660 0.816341
vt 0.547660 0.816341
vt 0.547660 0.816341
vt 0.597985 0.816397
vt 0.597985 0.816397
vt 0.597985 0.816397
vt 0.578976 0.816576
vt 0.578976 0.816576
vt 0.578976 0.816576
vt 0.592646 0.816766
vt 0.592646 0.816766
vt 0.592646 0.816766
vt 0.615401 0.816768
vt 0.615401 0.816768
vt 0.615401 0.816768
vt 0.584555 0.816778
vt 0.584555 0.816778
vt 0.584555 0.816778
vt 0.546369 0.817097
vt 0.546369 0.817097
vt 0.546369 0.817097
vt 0.556924 0.817376
vt 0.556924 0.817376
vt 0.556924 0.817376
vt 0.588648 0.817665
vt 0.588648 0.817665
vt 0.588648 0.817665
vt 0.563385 0.817740
vt 0.563385 0.817740
vt 0.563385 0.817740
vt 0.566367 0.818031
vt 0.566367 0.818031
vt 0.566367 0.818031
vt 0.615146 0.818548
vt 0.615146 0.818548
vt 0.615146 0.818548
vt 0.588208 0.818663
vt 0.588208 0.818663
vt 0.588208 0.818663
vt 0.562307 0.818814
vt 0.562307 0.818814
vt 0.562307 0.818814
vt 0.591120 0.819051
vt 0.591120 0.819051
vt 0.591120 0.819051
vt 0.625375 0.819357
vt 0.625375 0.819357
vt 0.625375 0.819357
vt 0.593760 0.819383
vt 0.593760 0.819383
vt 0.593760 0.819383
vt 0.583524 0.819419
vt 0.583524 0.819419
vt 0.583524 0.819419
vt 0.597686 0.819510
vt 0.597686 0.819510
vt 0.597686 0.819510
vt 0.606566 0.820159
vt 0.606566 0.820159
vt 0.606566 0.820159
vt 0.588674 0.820332
vt 0.588674 0.820332
vt 0.588674 0.820332
vt 0.602846 0.820809
vt 0.602846 0.820809
vt 0.602846 0.820809
vt 0.574817 0.821021
vt 0.574817 0.821021
vt 0.574817 0.821021
vt 0.615765 0.821838
vt 0.615765 0.821838
vt 0.615765 0.821838
vt 0.566613 0.822224
vt 0.566613 0.822224
vt 0.566613 0.822224
vt 0.576476 0.822376
vt 0.576476 0.822376
vt 0.576476 0.822376
vt 0.586889 0.822805
vt 0.586889 0.822805
vt 0.586889 0.822805
vt 0.555047 0.823068
vt 0.555047 0.823068
vt 0.555047 0.823068
vt 0.563826 0.823101
vt 0.563826 0.823101
vt 0.563826 0.823101
vt 0.589337 0.824158
vt 0.589337 0.824158
vt 0.589337 0.824158
vt 0.557392 0.825233
vt 0.557392 0.825233
vt 0.557392 0.825233
vt 0.581406 0.825290
vt 0.581406 0.825290
vt 0.581406 0.825290
vt 0.596729 0.825450
vt 0.596729 0.825450
vt 0.596729 0.825450
vt 0.568524 0.825812
vt 0.568524 0.825812
vt 0.568524 0.825812
vt 0.583920 0.826144
vt 0.583920 0.826144
vt 0.583920 0.826144
vt 0.589028 0.826835
vt 0.589028 0.826835
vt 0.589028 0.826835
vt 0.609702 0.826907
vt 0.609702 0.826907
vt 0.609702 0.826907
vt 0.595108 0.827112
vt 0.595108 0.827112
vt 0.595108 0.827112
vt 0.569205 0.827554
vt 0.569205 0.827554
vt 0.569205 0.827554
vt 0.566367 0.827751
vt 0.566367 0.827751
vt 0.566367 0.827751
vt 0.548679 0.828091
vt 0.548679 0.828091
vt 0.548679 0.828091
vt 0.571770 0.828280
vt 0.571770 0.828280
vt 0.571770 0.828280
vt 0.580071 0.828481
vt 0.580071 0.828481
vt 0.580071 0.828481
vt 0.585944 0.828562
vt 0.585944 0.828562
vt 0.585944 0.828562
vt 0.539992 0.829244
vt 0.539992 0.829244
vt 0.539992 0.829244
vt 0.575837 0.829286
vt 0.575837 0.829286
vt 0.575837 0.829286
vt 0.551605 0.830509
vt 0.551605 0.830509
vt 0.551605 0.830509
vt 0.538446 0.830615
vt 0.538446 0.830615
vt 0.538446 0.830615
vt 0.612960 0.830783
vt 0.612960 0.830783
vt 0.612960 0.830783
vt 0.570591 0.830892
vt 0.570591 0.830892
vt 0.570591 0.830892
vt 0.602965 0.831037
vt 0.602965 0.831037
vt 0.602965 0.831037
vt 0.581048 0.831251
vt 0.581048 0.831251
vt 0.581048 0.831251
vt 0.609911 0.831739
vt 0.609911 0.831739
vt 0.609911 0.831739
vt 0.575736 0.832025
vt 0.575736 0.832025
vt 0.575736 0.832025
vt 0.561018 0.832373
vt 0.561018 0.832373
vt 0.561018 0.832373
vt 0.564334 0.833004
vt 0.564334 0.833004
vt 0.564334 0.833004
vt 0.589939 0.833287
vt 0.589939 0.833287
vt 0.589939 0.833287
vt 0.578522 0.833341
vt 0.578522 0.833341
vt 0.578522 0.833341
vt 0.600252 0.833384
vt 0.600252 0.833384
vt 0.600252 0.833384
vt 0.618691 0.835051
vt 0.618691 0.835051
vt 0.618691 0.835051
vt 0.610229 0.835486
vt 0.610229 0.835486
vt 0.610229 0.835486
vt 0.589378 0.835503
vt 0.589378 0.835503
vt 0.589378 0.835503
vt 0.567556 0.836764
vt 0.567556 0.836764
vt 0.567556 0.836764
vt 0.582973 0.837220
vt 0.582973 0.837220
vt 0.582973 0.837220
vt 0.554318 0.838286
vt 0.554318 0.838286
vt 0.554318 0.838286
vt 0.575173 0.838775
vt 0.575173 0.838775
vt 0.575173 0.838775
vt 0.595872 0.839778
vt 0.595872 0.839778
vt 0.595872 0.839778
vt 0.575114 0.840849
vt 0.575114 0.840849
vt 0.575114 0.840849
vt 0.561278 0.840895
vt 0.561278 0.840895
vt 0.561278 0.840895
vt 0.600237 0.841717
vt 0.600237 0.841717
vt 0.600237 0.841717
vt 0.603777 0.842920
vt 0.603777 0.842920
vt 0.603777 0.842920
vt 0.545546 0.843474
vt 0.545546 0.843474
vt 0.545546 0.843474
vt 0.588806 0.844526
vt 0.588806 0.844526
vt 0.588806 0.844526
vt 0.607405 0.844779
vt 0.607405 0.844779
vt 0.607405 0.844779
vt 0.563695 0.845214
vt 0.563695 0.845214
vt 0.563695 0.845214
vt 0.600762 0.845423
vt 0.600762 0.845423
vt 0.600762 0.845423
vt 0.586169 0.845641
vt 0.586169 0.845641
vt 0.586169 0.845641
vt 0.545079 0.846394
vt 0.545079 0.846394
vt 0.545079 0.846394
vt 0.573918 0.846671
vt 0.573918 0.846671
vt 0.573918 0.846671
vt 0.587598 0.846960
vt 0.587598 0.846960
vt 0.587598 0.846960
vt 0.574930 0.847591
vt 0.574930 0.847591
vt 0.574930 0.847591
vt 0.589548 0.853430
vt 0.589548 0.853430
vt 0.589548 0.853430
vt 0.555809 0.854492
vt 0.555809 0.854492
vt 0.555809 0.854492
vt 0.559902 0.854857
vt 0.559902 0.854857
vt 0.559902 0.854857
vt 0.597142 0.855364
vt 0.597142 0.855364
vt 0.597142 0.855364
vt 0.575293 0.856921
vt 0.575293 0.856921
vt 0.575293 0.856921
vt 0.569219 0.860620
vt 0.569219 0.860620
vt 0.569219 0.860620
vt 0.583733 0.860927
vt 0.583733 0.860927
vt 0.583733 0.860927
f 2635/3265 2717/3241 2634/3247 2716/3271
f 2639/3268 2638/3244 2719/3238 2637/3259
f 2724/3292 2723/3316 2722/3310 2642/3286
f 2711/3289 2632/3313 2710/3319 2712/3295
f 2644/3307 2643/3328 2725/3322 2726/3298
f 2642/3286 2722/3310 2721/3262 2641/3280
f 2717/3892 2636/3904 2748/3889 2668/3877
f 2660/3616 2734/3676 2684/3670 2775/3589
f 2653/3700 2652/3655 2782/3634 2699/3664
f 2660/3616 2661/3571 2705/3592 2789/3622
f 2644/3331 2726/3337 2759/3364 2674/3349
f 2659/3610 2735/3550 2774/3547 2773/3628
f 2635/3850 2716/3814 2667/3763 2669/3820
f 2725/3373 2643/3352 2760/3397 2758/3418
f 2734/3676 2658/3733 2772/3739 2684/3670
f 2634/3874 2717/3892 2668/3877 2666/3847
f 2657/3652 2659/3610 2773/3628 2771/3712
f 2726/3337 2724/3367 2673/3382 2759/3364
f 2658/3733 2733/3766 2770/3811 2772/3739
f 2716/3814 2633/3730 2747/3688 2667/3763
f 2723/3421 2725/3373 2758/3418 2757/3451
f 2656/3697 2657/3652 2771/3712 2683/3745
f 2715/3829 2634/3874 2666/3847 2746/3799
f 2733/3766 2655/3796 2682/3835 2770/3811
f 2724/3367 2642/3415 2756/3445 2673/3382
f 2654/3709 2656/3697 2683/3745 2769/3754
f 2633/3730 2714/3586 2745/3568 2747/3688
f 2722/3496 2723/3421 2757/3451 2755/3532
f 2655/3796 2732/3808 2768/3844 2682/3835
f 2713/3718 2715/3829 2746/3799 2665/3706
f 2653/3700 2654/3709 2769/3754 2681/3742
f 2642/3415 2641/3520 2754/3538 2756/3445
f 2732/3808 2731/3802 2680/3838 2768/3844
f 2714/3586 2711/3436 2743/3454 2745/3568
f 2721/3640 2722/3496 2755/3532 2672/3649
f 2652/3655 2653/3700 2681/3742 2767/3715
f 2632/3544 2713/3718 2665/3706 2742/3580
f 2731/3802 2651/3778 2679/3817 2680/3838
f 2641/3520 2720/3694 2753/3661 2754/3538
f 2650/3613 2652/3655 2767/3715 2766/3643
f 2760/3397 2675/3424 2776/3490 2690/3469
f 2668/3877 2748/3889 2768/3844 2680/3838
f 2749/3832 2669/3820 2681/3742 2769/3754
f 2676/3358 2674/3349 2691/3388 2692/3391
f 2742/3580 2665/3706 2763/3703 2762/3607
f 2672/3649 2755/3532 2775/3589 2684/3670
f 2745/3568 2743/3454 2677/3484 2764/3562
f 2756/3445 2754/3538 2774/3547 2685/3475
f 2748/3889 2670/3871 2682/3835 2768/3844
f 2675/3424 2741/3472 2761/3529 2776/3490
f 2671/3823 2749/3832 2769/3754 2683/3745
f 2744/3385 2676/3358 2692/3391 2678/3430
f 2665/3706 2746/3799 2765/3760 2763/3703
f 2755/3532 2757/3451 2686/3517 2775/3589
f 2747/3688 2745/3568 2764/3562 2766/3643
f 2673/3382 2756/3445 2685/3475 2687/3427
f 2670/3871 2750/3841 2770/3811 2682/3835
f 2751/3757 2671/3823 2683/3745 2771/3712
f 2746/3799 2666/3847 2679/3817 2765/3760
f 2757/3451 2758/3418 2688/3478 2686/3517
f 2667/3763 2747/3688 2766/3643 2767/3715
f 2759/3364 2673/3382 2687/3427 2689/3394
f 2750/3841 2752/3769 2772/3739 2770/3811
f 2753/3661 2751/3757 2771/3712 2773/3628
f 2666/3847 2668/3877 2680/3838 2679/3817
f 2758/3418 2760/3397 2690/3469 2688/3478
f 2741/3472 2742/3580 2762/3607 2761/3529
f 2669/3820 2667/3763 2767/3715 2681/3742
f 2674/3349 2759/3364 2689/3394 2691/3388
f 2743/3454 2744/3385 2678/3430 2677/3484
f 2752/3769 2672/3649 2684/3670 2772/3739
f 2754/3538 2753/3661 2773/3628 2774/3547
f 2735/3550 2736/3502 2685/3475 2774/3547
f 2643/3352 2645/3370 2675/3424 2760/3397
f 2718/3865 2635/3850 2669/3820 2749/3832
f 2661/3571 2660/3616 2775/3589 2686/3517
f 2727/3334 2644/3331 2674/3349 2676/3358
f 2736/3502 2737/3463 2687/3427 2685/3475
f 2636/3904 2719/3898 2670/3871 2748/3889
f 2738/3535 2661/3571 2686/3517 2688/3478
f 2645/3370 2710/3409 2741/3472 2675/3424
f 2637/3859 2718/3865 2749/3832 2671/3823
f 2737/3463 2739/3442 2689/3394 2687/3427
f 2712/3346 2727/3334 2676/3358 2744/3385
f 2740/3526 2738/3535 2688/3478 2690/3469
f 2646/3619 2728/3583 2761/3529 2762/3607
f 2719/3898 2638/3880 2750/3841 2670/3871
f 2739/3442 2662/3433 2691/3388 2689/3394
f 2729/3466 2647/3505 2677/3484 2678/3430
f 2639/3826 2637/3859 2671/3823 2751/3757
f 2663/3541 2740/3526 2690/3469 2776/3490
f 2648/3691 2646/3619 2762/3607 2763/3703
f 2662/3433 2664/3439 2692/3391 2691/3388
f 2647/3505 2730/3559 2764/3562 2677/3484
f 2638/3880 2640/3790 2752/3769 2750/3841
f 2728/3583 2663/3541 2776/3490 2761/3529
f 2649/3736 2648/3691 2763/3703 2765/3760
f 2720/3694 2639/3826 2751/3757 2753/3661
f 2710/3409 2632/3544 2742/3580 2741/3472
f 2664/3439 2729/3466 2678/3430 2692/3391
f 2730/3559 2650/3613 2766/3643 2764/3562
f 2711/3436 2712/3346 2744/3385 2743/3454
f 2651/3778 2649/3736 2765/3760 2679/3817
f 2640/3790 2721/3640 2672/3649 2752/3769
f 2737/3463 2736/3502 2790/3514 2791/3487
f 2731/3802 2732/3808 2700/3784 2783/3775
f 2661/3571 2738/3535 2792/3574 2705/3592
f 2654/3709 2653/3700 2699/3664 2701/3673
f 2739/3442 2737/3463 2791/3487 2706/3457
f 2732/3808 2655/3796 2784/3772 2700/3784
f 2738/3535 2740/3526 2707/3565 2792/3574
f 2656/3697 2654/3709 2701/3673 2785/3658
f 2728/3583 2646/3619 2695/3637 2777/3598
f 2662/3433 2739/3442 2706/3457 2708/3448
f 2655/3796 2733/3766 2786/3748 2784/3772
f 2647/3505 2729/3466 2778/3481 2696/3508
f 2740/3526 2663/3541 2793/3577 2707/3565
f 2657/3652 2656/3697 2785/3658 2787/3631
f 2646/3619 2648/3691 2779/3685 2695/3637
f 2664/3439 2662/3433 2708/3448 2709/3460
f 2733/3766 2658/3733 2702/3721 2786/3748
f 2730/3559 2647/3505 2696/3508 2697/3553
f 2663/3541 2728/3583 2777/3598 2793/3577
f 2659/3610 2657/3652 2787/3631 2788/3604
f 2648/3691 2649/3736 2780/3727 2779/3685
f 2729/3466 2664/3439 2709/3460 2778/3481
f 2658/3733 2734/3676 2703/3679 2702/3721
f 2650/3613 2730/3559 2697/3553 2698/3601
f 2735/3550 2659/3610 2788/3604 2704/3556
f 2649/3736 2651/3778 2781/3751 2780/3727
f 2734/3676 2660/3616 2789/3622 2703/3679
f 2652/3655 2650/3613 2698/3601 2782/3634
f 2736/3502 2735/3550 2704/3556 2790/3514
f 2651/3778 2731/3802 2783/3775 2781/3751
f 2693/3724 2700/3868 2784/3901
f 2694/3595 2782/3667 2698/3511
f 2693/3724 2780/3499 2781/3646
f 2694/3595 2699/3787 2782/3667
f 2693/3724 2695/3379 2779/3406
f 2694/3595 2697/3403 2696/3355
f 2693/3724 2781/3646 2783/3793
f 2694/3595 2788/3856 2787/3886
f 2693/3724 2783/3793 2700/3868
f 2694/3595 2701/3853 2699/3787
f 2693/3724 2703/3895 2789/3862
f 2694/3595 2785/3883 2701/3853
f 2693/3724 2784/3901 2786/3910
f 2694/3595 2787/3886 2785/3883
f 2693/3724 2786/3910 2702/3907
f 2694/3595 2790/3682 2704/3805
f 2693/3724 2702/3907 2703/3895
f 2694/3595 2704/3805 2788/3856
f 2693/3724 2793/3400 2777/3376
f 2694/3595 2791/3523 2790/3682
f 2693/3724 2705/3781 2792/3625
f 2694/3595 2708/3361 2706/3412
f 2693/3724 2779/3406 2780/3499
f 2694/3595 2706/3412 2791/3523
f 2693/3724 2792/3625 2707/3493
f 2694/3595 2698/3511 2697/3403
f 2693/3724 2707/3493 2793/3400
f 2694/3595 2709/3343 2708/3361
f 2694/3595 2778/3340 2709/3343
f 2693/3724 2789/3862 2705/3781
f 2726/3298 2725/3322 2723/3316 2724/3292
f 2641/3280 2721/3262 2640/3250 2720/3274
f 2720/3274 2640/3250 2638/3244 2639/3268
f 2636/3235 2718/3256 2637/3259 2719/3238
f 2718/3256 2636/3235 2717/3241 2635/3265
f 2716/3271 2634/3247 2715/3253 2633/3277
f 2714/3283 2713/3301 2632/3313 2711/3289
f 2713/3301 2714/3283 2633/3277 2715/3253
f 2645/3325 2727/3304 2712/3295 2710/3319
f 2727/3304 2645/3325 2643/3328 2644/3307
f 2893/3596 2879/3362 2881/3413
f 2894/3725 2885/3908 2884/3896
f 2893/3596 2802/3884 2886/3854
f 2893/3596 2886/3854 2888/3788
f 2894/3725 2810/3377 2892/3380
f 2894/3725 2807/3500 2806/3647
f 2893/3596 2878/3344 2879/3362
f 2916/3824 2838/3833 2818/3755 2904/3746
f 2924/3542 2859/3584 2810/3599 2794/3578
f 2850/3464 2851/3503 2797/3515 2796/3488
f 2894/3725 2884/3896 2798/3863
f 2855/3809 2932/3797 2803/3773 2887/3785
f 2948/3269 2949/3245 2868/3239 2950/3260
f 2893/3596 2890/3404 2891/3356
f 2925/3434 2848/3443 2881/3458 2879/3449
f 2867/3275 2947/3251 2949/3245 2948/3269
f 2848/3443 2850/3464 2796/3488 2881/3458
f 2894/3725 2804/3794 2887/3869
f 2859/3584 2941/3620 2892/3638 2810/3599
f 2873/3284 2874/3302 2955/3314 2876/3290
f 2894/3725 2803/3902 2801/3911
f 2922/3707 2841/3800 2822/3761 2824/3704
f 2951/3236 2869/3257 2950/3260 2868/3239
f 2847/3527 2924/3542 2794/3578 2880/3566
f 2835/3770 2915/3650 2903/3671 2815/3740
f 2843/3386 2911/3359 2895/3392 2909/3431
f 2871/3272 2953/3248 2872/3254 2954/3278
f 2893/3596 2800/3887 2802/3884
f 2923/3440 2925/3434 2879/3449 2878/3461
f 2948/3827 2950/3860 2916/3824 2836/3758
f 2952/3266 2870/3242 2953/3248 2871/3272
f 2944/3353 2942/3371 2912/3425 2827/3398
f 2941/3620 2939/3692 2808/3686 2892/3638
f 2925/3434 2923/3440 2895/3392 2896/3389
f 2893/3596 2883/3806 2799/3857
f 2928/3611 2930/3653 2800/3632 2799/3605
f 2893/3596 2891/3356 2809/3341
f 2914/3383 2831/3446 2902/3476 2900/3428
f 2893/3596 2796/3524 2797/3683
f 2858/3467 2923/3440 2878/3461 2809/3482
f 2829/3419 2827/3398 2897/3470 2899/3479
f 2868/3899 2949/3881 2837/3842 2917/3872
f 2850/3464 2848/3443 2898/3395 2900/3428
f 2831/3446 2833/3539 2813/3548 2902/3476
f 2828/3365 2914/3383 2900/3428 2898/3395
f 2926/3572 2927/3617 2812/3590 2901/3518
f 2939/3692 2941/3620 2825/3608 2824/3704
f 2869/3866 2952/3851 2918/3821 2838/3833
f 2847/3527 2849/3536 2899/3479 2897/3470
f 2921/3848 2919/3878 2907/3839 2908/3818
f 2950/3860 2869/3866 2838/3833 2916/3824
f 2830/3452 2829/3419 2899/3479 2901/3518
f 2858/3467 2940/3506 2910/3485 2909/3431
f 2852/3551 2851/3503 2902/3476 2813/3548
f 2940/3506 2857/3560 2823/3563 2910/3485
f 2833/3539 2834/3662 2814/3629 2813/3548
f 2849/3536 2926/3572 2901/3518 2899/3479
f 2832/3533 2830/3452 2901/3518 2812/3590
f 2924/3542 2847/3527 2897/3470 2811/3491
f 2844/3455 2843/3386 2909/3431 2910/3485
f 2848/3443 2925/3434 2896/3389 2898/3395
f 2913/3350 2828/3365 2898/3395 2896/3389
f 2942/3371 2877/3410 2846/3473 2912/3425
f 2851/3503 2850/3464 2900/3428 2902/3476
f 2941/3620 2859/3584 2826/3530 2825/3608
f 2846/3473 2845/3581 2825/3608 2826/3530
f 2834/3662 2836/3758 2816/3713 2814/3629
f 2840/3689 2842/3569 2823/3563 2821/3644
f 2918/3821 2920/3764 2820/3716 2906/3743
f 2841/3800 2921/3848 2908/3818 2822/3761
f 2951/3905 2868/3899 2917/3872 2839/3890
f 2860/3335 2943/3332 2913/3350 2911/3359
f 2926/3572 2849/3536 2795/3575 2882/3593
f 2894/3725 2806/3647 2804/3794
f 2875/3347 2860/3335 2911/3359 2843/3386
f 2856/3803 2855/3809 2887/3785 2804/3776
f 2894/3725 2892/3380 2808/3407
f 2839/3890 2917/3872 2905/3836 2819/3845
f 2894/3725 2798/3863 2882/3782
f 2936/3779 2938/3737 2822/3761 2908/3818
f 2893/3596 2888/3788 2805/3668
f 2894/3725 2795/3626 2880/3494
f 2912/3425 2846/3473 2826/3530 2811/3491
f 2863/3293 2864/3317 2865/3311 2945/3287
f 2857/3560 2937/3614 2821/3644 2823/3563
f 2936/3779 2856/3803 2804/3776 2806/3752
f 2893/3596 2889/3512 2890/3404
f 2859/3584 2924/3542 2811/3491 2826/3530
f 2938/3737 2936/3779 2806/3752 2807/3728
f 2893/3596 2881/3413 2796/3524
f 2877/3410 2955/3545 2845/3581 2846/3473
f 2837/3842 2835/3770 2815/3740 2817/3812
f 2949/3881 2947/3791 2835/3770 2837/3842
f 2852/3551 2928/3611 2799/3605 2883/3557
f 2894/3725 2808/3407 2807/3500
f 2851/3503 2852/3551 2883/3557 2797/3515
f 2917/3872 2837/3842 2817/3812 2905/3836
f 2894/3725 2794/3401 2810/3377
f 2860/3305 2942/3326 2944/3329 2943/3308
f 2920/3764 2840/3689 2821/3644 2820/3716
f 2939/3692 2938/3737 2807/3728 2808/3686
f 2876/3290 2955/3314 2877/3320 2875/3296
f 2836/3758 2916/3824 2904/3746 2816/3713
f 2893/3596 2797/3683 2883/3806
f 2945/3287 2865/3311 2866/3263 2946/3281
f 2854/3767 2929/3734 2885/3722 2801/3749
f 2947/3791 2866/3641 2915/3650 2835/3770
f 2927/3617 2926/3572 2882/3593 2798/3623
f 2943/3308 2944/3329 2862/3323 2861/3299
f 2857/3560 2940/3506 2891/3509 2890/3554
f 2876/3437 2875/3347 2843/3386 2844/3455
f 2934/3701 2935/3656 2805/3635 2888/3665
f 2894/3725 2887/3869 2803/3902
f 2938/3737 2939/3692 2824/3704 2822/3761
f 2930/3653 2931/3698 2802/3659 2800/3632
f 2853/3677 2927/3617 2798/3623 2884/3680
f 2923/3440 2858/3467 2909/3431 2895/3392
f 2927/3617 2853/3677 2903/3671 2812/3590
f 2853/3677 2929/3734 2815/3740 2903/3671
f 2867/3695 2948/3827 2836/3758 2834/3662
f 2932/3797 2854/3767 2801/3749 2803/3773
f 2935/3656 2937/3614 2889/3602 2805/3635
f 2893/3596 2805/3668 2889/3512
f 2849/3536 2847/3527 2880/3566 2795/3575
f 2952/3851 2871/3815 2920/3764 2918/3821
f 2862/3374 2944/3353 2827/3398 2829/3419
f 2940/3506 2858/3467 2809/3482 2891/3509
f 2929/3734 2853/3677 2884/3680 2885/3722
f 2931/3698 2933/3710 2886/3674 2802/3659
f 2928/3611 2852/3551 2813/3548 2814/3629
f 2870/3893 2951/3905 2839/3890 2919/3878
f 2937/3614 2857/3560 2890/3554 2889/3602
f 2933/3710 2934/3701 2888/3665 2886/3674
f 2943/3332 2861/3338 2828/3365 2913/3350
f 2865/3497 2864/3422 2830/3452 2832/3533
f 2915/3650 2832/3533 2812/3590 2903/3671
f 2863/3368 2945/3416 2831/3446 2914/3383
f 2827/3398 2912/3425 2811/3491 2897/3470
f 2874/3719 2872/3830 2841/3800 2922/3707
f 2937/3614 2935/3656 2820/3716 2821/3644
f 2933/3710 2931/3698 2904/3746 2818/3755
f 2945/3416 2946/3521 2833/3539 2831/3446
f 2854/3767 2932/3797 2905/3836 2817/3812
f 2866/3641 2865/3497 2832/3533 2915/3650
f 2861/3338 2863/3368 2914/3383 2828/3365
f 2838/3833 2918/3821 2906/3743 2818/3755
f 2871/3815 2954/3731 2840/3689 2920/3764
f 2855/3809 2856/3803 2907/3839 2819/3845
f 2930/3653 2928/3611 2814/3629 2816/3713
f 2911/3359 2913/3350 2896/3389 2895/3392
f 2864/3422 2862/3374 2829/3419 2830/3452
f 2842/3569 2844/3455 2910/3485 2823/3563
f 2934/3701 2933/3710 2818/3755 2906/3743
f 2919/3878 2839/3890 2819/3845 2907/3839
f 2929/3734 2854/3767 2817/3812 2815/3740
f 2946/3521 2867/3695 2834/3662 2833/3539
f 2953/3875 2870/3893 2919/3878 2921/3848
f 2955/3545 2874/3719 2922/3707 2845/3581
f 2872/3830 2953/3875 2921/3848 2841/3800
f 2856/3803 2936/3779 2908/3818 2907/3839
f 2873/3587 2876/3437 2844/3455 2842/3569
f 2954/3731 2873/3587 2842/3569 2840/3689
f 2931/3698 2930/3653 2816/3713 2904/3746
f 2935/3656 2934/3701 2906/3743 2820/3716
f 2894/3725 2882/3782 2795/3626
f 2893/3596 2799/3857 2800/3887
f 2894/3725 2801/3911 2885/3908
f 2894/3725 2880/3494 2794/3401
f 2861/3299 2862/3323 2864/3317 2863/3293
f 2946/3281 2866/3263 2947/3251 2867/3275
f 2893/3596 2809/3341 2878/3344
f 2874/3302 2873/3284 2954/3278 2872/3254
f 2869/3257 2951/3236 2870/3242 2952/3266
f 2942/3326 2860/3305 2875/3296 2877/3320
f 2932/3797 2855/3809 2819/3845 2905/3836
f 2693/3724 2777/3376 2695/3379
f 2694/3595 2696/3355 2778/3340
f 2845/3581 2922/3707 2824/3704 2825/3608
f 2959/3267 3041/3243 2958/3249 3040/3273
f 2963/3270 2962/3246 3043/3240 2961/3261
f 3048/3294 3047/3318 3046/3312 2966/3288
f 3035/3291 2956/3315 3034/3321 3036/3297
f 2968/3309 2967/3330 3049/3324 3050/3300
f 2966/3288 3046/3312 3045/3264 2965/3282
f 3041/3894 2960/3906 3072/3891 2992/3879
f 2984/3618 3058/3678 3008/3672 3099/3591
f 2977/3702 2976/3657 3106/3636 3023/3666
f 2984/3618 2985/3573 3029/3594 3113/3624
f 2968/3333 3050/3339 3083/3366 2998/3351
f 2983/3612 3059/3552 3098/3549 3097/3630
f 2959/3852 3040/3816 2991/3765 2993/3822
f 3049/3375 2967/3354 3084/3399 3082/3420
f 3058/3678 2982/3735 3096/3741 3008/3672
f 2958/3876 3041/3894 2992/3879 2990/3849
f 2981/3654 2983/3612 3097/3630 3095/3714
f 3050/3339 3048/3369 2997/3384 3083/3366
f 2982/3735 3057/3768 3094/3813 3096/3741
f 3040/3816 2957/3732 3071/3690 2991/3765
f 3047/3423 3049/3375 3082/3420 3081/3453
f 2980/3699 2981/3654 3095/3714 3007/3747
f 3039/3831 2958/3876 2990/3849 3070/3801
f 3057/3768 2979/3798 3006/3837 3094/3813
f 3048/3369 2966/3417 3080/3447 2997/3384
f 2978/3711 2980/3699 3007/3747 3093/3756
f 2957/3732 3038/3588 3069/3570 3071/3690
f 3046/3498 3047/3423 3081/3453 3079/3534
f 2979/3798 3056/3810 3092/3846 3006/3837
f 3037/3720 3039/3831 3070/3801 2989/3708
f 2977/3702 2978/3711 3093/3756 3005/3744
f 2966/3417 2965/3522 3078/3540 3080/3447
f 3056/3810 3055/3804 3004/3840 3092/3846
f 3038/3588 3035/3438 3067/3456 3069/3570
f 3045/3642 3046/3498 3079/3534 2996/3651
f 2976/3657 2977/3702 3005/3744 3091/3717
f 2956/3546 3037/3720 2989/3708 3066/3582
f 3055/3804 2975/3780 3003/3819 3004/3840
f 2965/3522 3044/3696 3077/3663 3078/3540
f 2974/3615 2976/3657 3091/3717 3090/3645
f 3084/3399 2999/3426 3100/3492 3014/3471
f 2992/3879 3072/3891 3092/3846 3004/3840
f 3073/3834 2993/3822 3005/3744 3093/3756
f 3000/3360 2998/3351 3015/3390 3016/3393
f 3066/3582 2989/3708 3087/3705 3086/3609
f 2996/3651 3079/3534 3099/3591 3008/3672
f 3069/3570 3067/3456 3001/3486 3088/3564
f 3080/3447 3078/3540 3098/3549 3009/3477
f 3072/3891 2994/3873 3006/3837 3092/3846
f 2999/3426 3065/3474 3085/3531 3100/3492
f 2995/3825 3073/3834 3093/3756 3007/3747
f 3068/3387 3000/3360 3016/3393 3002/3432
f 2989/3708 3070/3801 3089/3762 3087/3705
f 3079/3534 3081/3453 3010/3519 3099/3591
f 3071/3690 3069/3570 3088/3564 3090/3645
f 2997/3384 3080/3447 3009/3477 3011/3429
f 2994/3873 3074/3843 3094/3813 3006/3837
f 3075/3759 2995/3825 3007/3747 3095/3714
f 3070/3801 2990/3849 3003/3819 3089/3762
f 3081/3453 3082/3420 3012/3480 3010/3519
f 2991/3765 3071/3690 3090/3645 3091/3717
f 3083/3366 2997/3384 3011/3429 3013/3396
f 3074/3843 3076/3771 3096/3741 3094/3813
f 3077/3663 3075/3759 3095/3714 3097/3630
f 2990/3849 2992/3879 3004/3840 3003/3819
f 3082/3420 3084/3399 3014/3471 3012/3480
f 3065/3474 3066/3582 3086/3609 3085/3531
f 2993/3822 2991/3765 3091/3717 3005/3744
f 2998/3351 3083/3366 3013/3396 3015/3390
f 3067/3456 3068/3387 3002/3432 3001/3486
f 3076/3771 2996/3651 3008/3672 3096/3741
f 3078/3540 3077/3663 3097/3630 3098/3549
f 3059/3552 3060/3504 3009/3477 3098/3549
f 2967/3354 2969/3372 2999/3426 3084/3399
f 3042/3867 2959/3852 2993/3822 3073/3834
f 2985/3573 2984/3618 3099/3591 3010/3519
f 3051/3336 2968/3333 2998/3351 3000/3360
f 3060/3504 3061/3465 3011/3429 3009/3477
f 2960/3906 3043/3900 2994/3873 3072/3891
f 3062/3537 2985/3573 3010/3519 3012/3480
f 2969/3372 3034/3411 3065/3474 2999/3426
f 2961/3861 3042/3867 3073/3834 2995/3825
f 3061/3465 3063/3444 3013/3396 3011/3429
f 3036/3348 3051/3336 3000/3360 3068/3387
f 3064/3528 3062/3537 3012/3480 3014/3471
f 2970/3621 3052/3585 3085/3531 3086/3609
f 3043/3900 2962/3882 3074/3843 2994/3873
f 3063/3444 2986/3435 3015/3390 3013/3396
f 3053/3468 2971/3507 3001/3486 3002/3432
f 2963/3828 2961/3861 2995/3825 3075/3759
f 2987/3543 3064/3528 3014/3471 3100/3492
f 2972/3693 2970/3621 3086/3609 3087/3705
f 2986/3435 2988/3441 3016/3393 3015/3390
f 2971/3507 3054/3561 3088/3564 3001/3486
f 2962/3882 2964/3792 3076/3771 3074/3843
f 3052/3585 2987/3543 3100/3492 3085/3531
f 2973/3738 2972/3693 3087/3705 3089/3762
f 3044/3696 2963/3828 3075/3759 3077/3663
f 3034/3411 2956/3546 3066/3582 3065/3474
f 2988/3441 3053/3468 3002/3432 3016/3393
f 3054/3561 2974/3615 3090/3645 3088/3564
f 3035/3438 3036/3348 3068/3387 3067/3456
f 2975/3780 2973/3738 3089/3762 3003/3819
f 2964/3792 3045/3642 2996/3651 3076/3771
f 3061/3465 3060/3504 3114/3516 3115/3489
f 3055/3804 3056/3810 3024/3786 3107/3777
f 2985/3573 3062/3537 3116/3576 3029/3594
f 2978/3711 2977/3702 3023/3666 3025/3675
f 3063/3444 3061/3465 3115/3489 3030/3459
f 3056/3810 2979/3798 3108/3774 3024/3786
f 3062/3537 3064/3528 3031/3567 3116/3576
f 2980/3699 2978/3711 3025/3675 3109/3660
f 3052/3585 2970/3621 3019/3639 3101/3600
f 2986/3435 3063/3444 3030/3459 3032/3450
f 2979/3798 3057/3768 3110/3750 3108/3774
f 2971/3507 3053/3468 3102/3483 3020/3510
f 3064/3528 2987/3543 3117/3579 3031/3567
f 2981/3654 2980/3699 3109/3660 3111/3633
f 2970/3621 2972/3693 3103/3687 3019/3639
f 2988/3441 2986/3435 3032/3450 3033/3462
f 3057/3768 2982/3735 3026/3723 3110/3750
f 3054/3561 2971/3507 3020/3510 3021/3555
f 2987/3543 3052/3585 3101/3600 3117/3579
f 2983/3612 2981/3654 3111/3633 3112/3606
f 2972/3693 2973/3738 3104/3729 3103/3687
f 3053/3468 2988/3441 3033/3462 3102/3483
f 2982/3735 3058/3678 3027/3681 3026/3723
f 2974/3615 3054/3561 3021/3555 3022/3603
f 3059/3552 2983/3612 3112/3606 3028/3558
f 2973/3738 2975/3780 3105/3753 3104/3729
f 3058/3678 2984/3618 3113/3624 3027/3681
f 2976/3657 2974/3615 3022/3603 3106/3636
f 3060/3504 3059/3552 3028/3558 3114/3516
f 2975/3780 3055/3804 3107/3777 3105/3753
f 3017/3726 3024/3870 3108/3903
f 3018/3597 3106/3669 3022/3513
f 3017/3726 3104/3501 3105/3648
f 3018/3597 3023/3789 3106/3669
f 3017/3726 3019/3381 3103/3408
f 3018/3597 3021/3405 3020/3357
f 3017/3726 3105/3648 3107/3795
f 3018/3597 3112/3858 3111/3888
f 3017/3726 3107/3795 3024/3870
f 3018/3597 3025/3855 3023/3789
f 3017/3726 3027/3897 3113/3864
f 3018/3597 3109/3885 3025/3855
f 3017/3726 3108/3903 3110/3912
f 3018/3597 3111/3888 3109/3885
f 3017/3726 3110/3912 3026/3909
f 3018/3597 3114/3684 3028/3807
f 3017/3726 3026/3909 3027/3897
f 3018/3597 3028/3807 3112/3858
f 3017/3726 3117/3402 3101/3378
f 3018/3597 3115/3525 3114/3684
f 3017/3726 3029/3783 3116/3627
f 3018/3597 3032/3363 3030/3414
f 3017/3726 3103/3408 3104/3501
f 3018/3597 3030/3414 3115/3525
f 3017/3726 3116/3627 3031/3495
f 3018/3597 3022/3513 3021/3405
f 3017/3726 3031/3495 3117/3402
f 3018/3597 3033/3345 3032/3363
f 3018/3597 3102/3342 3033/3345
f 3017/3726 3113/3864 3029/3783
f 3050/3300 3049/3324 3047/3318 3048/3294
f 2965/3282 3045/3264 2964/3252 3044/3276
f 3044/3276 2964/3252 2962/3246 2963/3270
f 2960/3237 3042/3258 2961/3261 3043/3240
f 3042/3258 2960/3237 3041/3243 2959/3267
f 3040/3273 2958/3249 3039/3255 2957/3279
f 3038/3285 3037/3303 2956/3315 3035/3291
f 3037/3303 3038/3285 2957/3279 3039/3255
f 2969/3327 3051/3306 3036/3297 3034/3321
f 3051/3306 2969/3327 2967/3330 2968/3309
f 3017/3726 3101/3378 3019/3381
f 3018/3597 3020/3357 3102/3342
